dataset,method,coordinate,target,n_trials,full_length_mean,full_length_sd,paired_length_ratio_mean,paired_length_ratio_sd,infinite_fraction,marginal_coverage_mean,marginal_coverage_sd,marginal_mc95_lower,marginal_mc95_upper
stock,Empirical_copula,1,Annual Return,200,0.2770230081933416,0.04577080461374025,0.3356201567782729,0.10469683667787345,0.0,0.94546875,0.05606364825325608,0.9376987247718448,0.9532387752281551
stock,Empirical_copula,2,Excess Return,200,0.09642797008140333,0.012419120171218788,0.11804808344628906,0.03771161103240032,0.0,0.94359375,0.060945451903535265,0.9351471413046002,0.9520403586953998
stock,Empirical_copula,3,Systematic Risk,200,0.8836517446675086,0.37262439542713854,0.9586312590019118,0.09069703550434609,0.0,0.93625,0.06933708898957136,0.9266403697407969,0.9458596302592032
stock,Empirical_copula,4,Total Risk,200,0.11139204111978235,0.038232782984506074,0.12574065132419046,0.02392478212789224,0.0,0.934296875,0.0704070501220854,0.9245389556934052,0.9440547943065949
stock,Empirical_copula,5,Abs. Win Rate,200,0.3440886993426512,0.057683547239119976,0.4198197556826142,0.13663292666665944,0.0,0.9390625,0.06131092498578916,0.9305652393196189,0.9475597606803812
stock,Empirical_copula,6,Rel. Win Rate,200,0.6129132860822838,0.0678583586520331,0.7521211000531122,0.2302259025033927,0.0,0.94234375,0.06380911481012536,0.933500257874385,0.9511872421256151
stock,Unscaled,1,Annual Return,200,0.9109588476015932,0.34871956563323514,1.0,0.0,0.0,1.0,0.0,1.0,1.0
stock,Unscaled,2,Excess Return,200,0.9109588476015932,0.34871956563323514,1.0,0.0,0.0,1.0,0.0,1.0,1.0
stock,Unscaled,3,Systematic Risk,200,0.9109588476015932,0.34871956563323514,1.0,0.0,0.0,0.952109375,0.039443882552793505,0.9466427317814364,0.9575760182185636
stock,Unscaled,4,Total Risk,200,0.9109588476015932,0.34871956563323514,1.0,0.0,0.0,1.0,0.0,1.0,1.0
stock,Unscaled,5,Abs. Win Rate,200,0.9109588476015932,0.34871956563323514,1.0,0.0,0.0,1.0,0.0,1.0,1.0
stock,Unscaled,6,Rel. Win Rate,200,0.9109588476015932,0.34871956563323514,1.0,0.0,0.0,0.986484375,0.027025982454343588,0.9827387649295077,0.9902299850704922
stock,Point_CHR,1,Annual Return,200,inf,,inf,,1.0,1.0,0.0,1.0,1.0
stock,Point_CHR,2,Excess Return,200,inf,,inf,,1.0,1.0,0.0,1.0,1.0
stock,Point_CHR,3,Systematic Risk,200,inf,,inf,,1.0,1.0,0.0,1.0,1.0
stock,Point_CHR,4,Total Risk,200,inf,,inf,,1.0,1.0,0.0,1.0,1.0
stock,Point_CHR,5,Abs. Win Rate,200,inf,,inf,,1.0,1.0,0.0,1.0,1.0
stock,Point_CHR,6,Rel. Win Rate,200,inf,,inf,,1.0,1.0,0.0,1.0,1.0
stock,TSCP_R,1,Annual Return,200,0.49028502707297295,0.16837540946538862,0.5657572532711166,0.1552085580034455,0.0,0.997734375,0.007245861077064312,0.9967301498893869,0.998738600110613
stock,TSCP_R,2,Excess Return,200,0.16814352356045156,0.0601721837916665,0.1950624644673958,0.05923914325140973,0.0,0.995,0.027702188995197254,0.9911606724843258,0.9988393275156742
stock,TSCP_R,3,Systematic Risk,200,1.2974697454083246,0.8075593546871412,1.359207917216799,0.3050813783686249,0.0,0.971953125,0.038218665190638795,0.9666562882444569,0.977249961755543
stock,TSCP_R,4,Total Risk,200,0.18605101829082113,0.10138825936558413,0.2007472984347085,0.05200351556571401,0.0,0.98453125,0.033777716959595014,0.9798498972678346,0.9892126027321654
stock,TSCP_R,5,Abs. Win Rate,200,0.5875470779848316,0.21172469719029416,0.677005465315573,0.19744135163889245,0.0,0.996640625,0.010136752883913202,0.9952357427261282,0.9980455072738716
stock,TSCP_R,6,Rel. Win Rate,200,1.0982616500138815,0.36296634209252726,1.281963060918094,0.38005732287675503,0.0,0.999140625,0.005241662102075704,0.998414167695855,0.999867082304145
rf2,Empirical_copula,1,CHSI2_48H__0,200,8.168080868737238,1.8507462533743924,1.4749933856368131,0.3141140764836214,0.0,0.979228515625,0.007693433943340715,0.9781622600798584,0.9802947711701416
rf2,Empirical_copula,2,NASI2_48H__0,200,0.20265995051198607,0.057397380595064953,0.03675531416208753,0.010580975508828472,0.0,0.98009765625,0.007749681468671476,0.9790236051955675,0.9811717073044325
rf2,Empirical_copula,3,EADM7_48H__0,200,8.956031559822774,1.7048936746831593,1.616728346986348,0.2706329662619369,0.0,0.978935546875,0.007508575205973506,0.9778949114437421,0.9799761823062578
rf2,Empirical_copula,4,SCLM7_48H__0,200,6.060620399308106,1.6991888611096653,1.0921504398339277,0.2780926119772499,0.0,0.9798274739583333,0.007538465147116869,0.9787826959925814,0.9808722519240851
rf2,Empirical_copula,5,CLKM7_48H__0,200,6.467141572179951,0.8300487268389788,1.1707930467131655,0.14565631970217102,0.0,0.97986328125,0.007382306976675647,0.9788401457024944,0.9808864167975055
rf2,Empirical_copula,6,VALI2_48H__0,200,1.7135415914429657,0.2384776591137579,0.31076566325623395,0.045540087788180014,0.0,0.9789225260416667,0.008604538776497188,0.9777299978089694,0.9801150542743641
rf2,Empirical_copula,7,NAPM7_48H__0,200,3.219427417710983,0.7538434731023116,0.5816594418390421,0.12915322039662802,0.0,0.979482421875,0.0074072123657511115,0.9784558346166717,0.9805090091333283
rf2,Empirical_copula,8,DLDI4_48H__0,200,3.6578159204293104,0.5970878534450768,0.6624130055345758,0.10567365732960109,0.0,0.9794466145833334,0.008121944181014685,0.9783209705491979,0.9805722586174689
rf2,Unscaled,1,CHSI2_48H__0,200,5.532998964750032,0.3778292018637589,1.0,0.0,0.0,0.961376953125,0.007674401893150391,0.9603133352874413,0.9624405709625588
rf2,Unscaled,2,NASI2_48H__0,200,5.532998964750032,0.3778292018637589,1.0,0.0,0.0,0.9989843750000001,0.0008063645423291147,0.9988726185761463,0.999096131423854
rf2,Unscaled,3,EADM7_48H__0,200,5.532998964750032,0.3778292018637589,1.0,0.0,0.0,0.9461295572916666,0.010491236321088171,0.9446755461199149,0.9475835684634183
rf2,Unscaled,4,SCLM7_48H__0,200,5.532998964750032,0.3778292018637589,1.0,0.0,0.0,0.9793619791666666,0.004448259378750924,0.9787454818699131,0.9799784764634201
rf2,Unscaled,5,CLKM7_48H__0,200,5.532998964750032,0.3778292018637589,1.0,0.0,0.0,0.97134765625,0.006392218366044652,0.9704617399831227,0.9722335725168773
rf2,Unscaled,6,VALI2_48H__0,200,5.532998964750032,0.3778292018637589,1.0,0.0,0.0,0.999892578125,0.0004268791507654199,0.9998334156931183,0.9999517405568816
rf2,Unscaled,7,NAPM7_48H__0,200,5.532998964750032,0.3778292018637589,1.0,0.0,0.0,0.9916927083333335,0.0024812311825173463,0.991348827235943,0.9920365894307239
rf2,Unscaled,8,DLDI4_48H__0,200,5.532998964750032,0.3778292018637589,1.0,0.0,0.0,0.993095703125,0.002557869365996075,0.9927412005172792,0.9934502057327207
rf2,Point_CHR,1,CHSI2_48H__0,200,7.9007387509217395,1.3039663392224659,1.4278717646170742,0.21155544593768985,0.0,0.9788151041666667,0.00729942082914492,0.9778034560531302,0.9798267522802032
rf2,Point_CHR,2,NASI2_48H__0,200,0.20348896188633028,0.03300707502964872,0.036843913381749714,0.00583523282373008,0.0,0.982109375,0.006449265256535739,0.9812155524374728,0.9830031975625271
rf2,Point_CHR,3,EADM7_48H__0,200,9.55828795430357,1.433491780479055,1.728292761517406,0.23413054607124317,0.0,0.982001953125,0.006862687855594778,0.9810508331135079,0.9829530731364922
rf2,Point_CHR,4,SCLM7_48H__0,200,4.813855478983293,0.8619354442465846,0.8710672788129383,0.15023988314982087,0.0,0.97314453125,0.008287885431698687,0.9719958889318715,0.9742931735681285
rf2,Point_CHR,5,CLKM7_48H__0,200,7.435295565552744,1.191935358946438,1.3454369062553588,0.20642322614566977,0.0,0.985654296875,0.007299285873255563,0.9846426674653955,0.9866659262846044
rf2,Point_CHR,6,VALI2_48H__0,200,2.0368256312566944,0.3265441649311759,0.369242557694616,0.06103897366387848,0.0,0.986630859375,0.006840298975805304,0.9856828423039374,0.9875788764460625
rf2,Point_CHR,7,NAPM7_48H__0,200,2.595246043372711,0.4349435446737296,0.4692966997495418,0.07338377542783941,0.0,0.9725162760416666,0.008561966327048453,0.9713296480494378,0.9737029040338954
rf2,Point_CHR,8,DLDI4_48H__0,200,4.088383067505321,0.6442066506226614,0.7406759921386,0.11609261784389398,0.0,0.9843424479166667,0.007003955174918133,0.9833717492536017,0.9853131465797317
rf2,TSCP_R,1,CHSI2_48H__0,200,8.85596961389232,1.9388282687183709,1.600449840673742,0.3348973759946282,0.0,0.9818619791666667,0.006877303589757367,0.9809088335177659,0.9828151248155675
rf2,TSCP_R,2,NASI2_48H__0,200,1.6865262994256118,3.77853388907829,0.30325538816028524,0.6787061098044077,0.0,0.988876953125,0.009589615859277116,0.9875479001739985,0.9902060060760015
rf2,TSCP_R,3,EADM7_48H__0,200,9.216478602741276,1.5424675575993112,1.6662312033432365,0.258905339375089,0.0,0.9802994791666666,0.007070086499248345,0.9793196151696566,0.9812793431636766
rf2,TSCP_R,4,SCLM7_48H__0,200,6.510279413924163,1.7034808274774482,1.1754572461114758,0.2969049782002812,0.0,0.9819596354166665,0.007141232311439313,0.9809699111131509,0.9829493597201822
rf2,TSCP_R,5,CLKM7_48H__0,200,6.21953607813149,0.7422360765883478,1.1268383111308673,0.13460654065101352,0.0,0.977734375,0.007496965008304439,0.9766953486600447,0.9787734013399554
rf2,TSCP_R,6,VALI2_48H__0,200,1.649824463366148,0.18836118945597302,0.2992906696971729,0.037683167823796486,0.0,0.9773502604166666,0.00832630416926475,0.9761962935331661,0.9785042273001672
rf2,TSCP_R,7,NAPM7_48H__0,200,4.488542987533076,2.590948330280094,0.8117027132140779,0.47032836206423045,0.0,0.9837923177083334,0.009205129275155082,0.9825165518792298,0.985068083537437
rf2,TSCP_R,8,DLDI4_48H__0,200,3.6445102382196772,0.5417332149389704,0.6599777538676568,0.09552814152234075,0.0,0.979453125,0.007789193494989064,0.978373597858105,0.9805326521418951
scm1d,Empirical_copula,1,LBL,200,423.09089127170313,52.392428505366304,0.7415228171917255,0.09031157928814423,0.0,0.9832967873533911,0.006124769300888922,0.9824479376358422,0.98414563707094
scm1d,Empirical_copula,2,MTLp2,200,456.2899769939642,60.58564782281106,0.7997797482793296,0.10436813570776532,0.0,0.9832585415604282,0.006016410732158358,0.9824247095743142,0.9840923735465423
scm1d,Empirical_copula,3,MTLp3,200,445.73738441083884,56.58837022286651,0.7805703843725632,0.09095620273961592,0.0,0.9831489036206017,0.006120671521848659,0.9823006218262529,0.9839971854149505
scm1d,Empirical_copula,4,MTLp4,200,513.500189305987,54.58410883837398,0.899822530624236,0.09083755774251807,0.0,0.982610912799592,0.005692056031726029,0.9818220340814823,0.9833997915177017
scm1d,Empirical_copula,5,MTLp5,200,604.2932119031148,69.3139874229827,1.0588857561208487,0.11600682563872135,0.0,0.9825293217746048,0.006388707548316984,0.98164389208224,0.9834147514669697
scm1d,Empirical_copula,6,MTLp6,200,669.045856020794,75.77814854006003,1.171713061392366,0.12156035318465874,0.0,0.9831769505354412,0.006202890650720694,0.9823172737511928,0.9840366273196895
scm1d,Empirical_copula,7,MTLp7,200,655.1226372920636,71.02679267995099,1.1477755935052116,0.11825678868177025,0.0,0.9830545639979601,0.006687013350118695,0.9821277912307523,0.9839813367651679
scm1d,Empirical_copula,8,MTLp8,200,693.0586687620822,73.63994646432067,1.2141814394097616,0.12181257477720839,0.0,0.9828046914839368,0.0061112410136818784,0.9819577166913378,0.9836516662765358
scm1d,Empirical_copula,9,MTLp9,200,445.69572045807695,54.704952313097074,0.7805477911339185,0.0892977591277161,0.0,0.9833120856705762,0.006210038168822438,0.9824514182908582,0.9841727530502941
scm1d,Empirical_copula,10,MTLp10,200,498.72671790610883,61.633861316412535,0.8740541789919789,0.10636923626628567,0.0,0.9828658847526772,0.006366529619903862,0.9819835287643729,0.9837482407409815
scm1d,Empirical_copula,11,MTLp11,200,454.02953907964167,53.83417983614236,0.7955862785965507,0.09125372497264957,0.0,0.9830571137174912,0.006334313225220034,0.9821792226936915,0.9839350047412908
scm1d,Empirical_copula,12,MTLp12,200,516.6170255644163,54.66203201113571,0.9048446248456081,0.08810536419526337,0.0,0.9831183069862316,0.00593644760605363,0.9822955573239853,0.9839410566484779
scm1d,Empirical_copula,13,MTLp13,200,567.0235177212264,67.550506987034,0.9935441652407565,0.11455097014181735,0.0,0.9831540030596635,0.006323564300868328,0.9822776017607745,0.9840304043585525
scm1d,Empirical_copula,14,MTLp14,200,640.9891539367802,82.72786026237748,1.123304636752249,0.1429150316297033,0.0,0.9827970423253442,0.005744951456579628,0.9820008326753673,0.983593251975321
scm1d,Empirical_copula,15,MTLp15,200,593.1668324298884,73.02762757406741,1.0389062218242737,0.11900389570269501,0.0,0.9833758286588475,0.006329269842766496,0.9824986366121947,0.9842530207055004
scm1d,Empirical_copula,16,MTLp16,200,616.0132211338323,67.42479142568496,1.0797633759249996,0.11604540812206249,0.0,0.9830928097909231,0.005825054931919885,0.9822854983656667,0.9839001212161794
scm1d,Unscaled,1,LBL,200,571.1514423268708,28.992918740102787,1.0,0.0,0.0,0.9926364099949005,0.0021566364706958286,0.9923375154293959,0.9929353045604052
scm1d,Unscaled,2,MTLp2,200,571.1514423268708,28.992918740102787,1.0,0.0,0.0,0.9912442631310557,0.0020967085312786995,0.9909536741542105,0.9915348521079009
scm1d,Unscaled,3,MTLp3,200,571.1514423268708,28.992918740102787,1.0,0.0,0.0,0.9914890362060175,0.0022755996031445366,0.9911736541915303,0.9918044182205047
scm1d,Unscaled,4,MTLp4,200,571.1514423268708,28.992918740102787,1.0,0.0,0.0,0.9878403875573687,0.0029602879468440782,0.987430112579799,0.9882506625349384
scm1d,Unscaled,5,MTLp5,200,571.1514423268708,28.992918740102787,1.0,0.0,0.0,0.9805022947475779,0.004091697986884459,0.9799352143385316,0.9810693751566242
scm1d,Unscaled,6,MTLp6,200,571.1514423268708,28.992918740102787,1.0,0.0,0.0,0.9753238143804183,0.005081672827993848,0.9746195304583949,0.9760280983024416
scm1d,Unscaled,7,MTLp7,200,571.1514423268708,28.992918740102787,1.0,0.0,0.0,0.9754156042835288,0.005201581090153977,0.9746947019242278,0.9761365066428298
scm1d,Unscaled,8,MTLp8,200,571.1514423268708,28.992918740102787,1.0,0.0,0.0,0.9703365629780724,0.005865966866411546,0.9695235814479791,0.9711495445081656
scm1d,Unscaled,9,MTLp9,200,571.1514423268708,28.992918740102787,1.0,0.0,0.0,0.9924961754207037,0.0023395824114188723,0.9921719258414049,0.9928204250000024
scm1d,Unscaled,10,MTLp10,200,571.1514423268708,28.992918740102787,1.0,0.0,0.0,0.988745537990821,0.002748990349715254,0.9883645473661518,0.9891265286154902
scm1d,Unscaled,11,MTLp11,200,571.1514423268708,28.992918740102787,1.0,0.0,0.0,0.9915859255481897,0.0024141447001128683,0.9912513421628995,0.9919205089334799
scm1d,Unscaled,12,MTLp12,200,571.1514423268708,28.992918740102787,1.0,0.0,0.0,0.9878301886792452,0.0030531123571416,0.9874070488947592,0.9882533284637313
scm1d,Unscaled,13,MTLp13,200,571.1514423268708,28.992918740102787,1.0,0.0,0.0,0.9842809790923,0.003490738995014631,0.9837971873502134,0.9847647708343865
scm1d,Unscaled,14,MTLp14,200,571.1514423268708,28.992918740102787,1.0,0.0,0.0,0.9785849056603771,0.003940567991440874,0.9780387708000762,0.9791310405206781
scm1d,Unscaled,15,MTLp15,200,571.1514423268708,28.992918740102787,1.0,0.0,0.0,0.9826950535441102,0.003795495872935952,0.9821690246536454,0.9832210824345751
scm1d,Unscaled,16,MTLp16,200,571.1514423268708,28.992918740102787,1.0,0.0,0.0,0.9799974502804691,0.004216722931157046,0.9794130422981839,0.9805818582627543
scm1d,Point_CHR,1,LBL,200,414.01509419821576,43.32444229254725,0.7258835245076628,0.07687986118199651,0.0,0.9826134625191227,0.0052338901726117475,0.981888082349447,0.9833388426887985
scm1d,Point_CHR,2,MTLp2,200,465.0964824335868,58.81838810596685,0.8147215279096787,0.09728986214787058,0.0,0.9842019377868434,0.00597124882550023,0.9833743649216574,0.9850295106520294
scm1d,Point_CHR,3,MTLp3,200,464.7491090585774,46.15888902537311,0.8140719065951296,0.07330037767243892,0.0,0.9853748087710352,0.004371113962531014,0.9847690032834833,0.9859806142585872
scm1d,Point_CHR,4,MTLp4,200,561.1505934338327,61.116529944331084,0.9832576921422589,0.10271843846318304,0.0,0.9864839367669557,0.004777683734120313,0.9858217835838705,0.9871460899500408
scm1d,Point_CHR,5,MTLp5,200,595.8058608317579,60.32242185010376,1.044136565195353,0.10186506926993827,0.0,0.9819836817950025,0.005737584415734375,0.9811884931647953,0.9827788704252097
scm1d,Point_CHR,6,MTLp6,200,681.4269145578955,80.30593156029693,1.1933402421993935,0.1292125049916326,0.0,0.9840260071392147,0.006032641164649115,0.983189925729921,0.9848620885485084
scm1d,Point_CHR,7,MTLp7,200,695.5287380647807,83.04923571712615,1.217891516117979,0.13075736732212534,0.0,0.9857445181030087,0.006014279106833761,0.984910981545092,0.9865780546609253
scm1d,Point_CHR,8,MTLp8,200,746.9741900744384,84.39802267545197,1.3085710423022336,0.13990331491816943,0.0,0.9862417134115248,0.00534686086470426,0.9855006763027281,0.9869827505203215
scm1d,Point_CHR,9,MTLp9,200,457.8000006926431,46.79949688192497,0.8026869416274129,0.08284561016106474,0.0,0.9847093319734829,0.005387645804430133,0.9839626423604259,0.9854560215865399
scm1d,Point_CHR,10,MTLp10,200,515.9090282808086,57.1986029390202,0.9040290844090845,0.09610788335569097,0.0,0.9846506884242733,0.005245462711429182,0.9839237043825456,0.9853776724660009
scm1d,Point_CHR,11,MTLp11,200,488.2040905234699,54.04161215770446,0.8557829502460679,0.09388649200641878,0.0,0.986320754716981,0.005185187564744496,0.985602124384385,0.987039385049577
scm1d,Point_CHR,12,MTLp12,200,547.0309031703628,64.06628269934245,0.9585903757789308,0.10797882184820827,0.0,0.9854105048444671,0.0056387264172122606,0.9846290172338413,0.9861919924550929
scm1d,Point_CHR,13,MTLp13,200,565.7808275897786,61.045461045303725,0.9918467192034806,0.10662083254124147,0.0,0.9832687404385518,0.005164468929304997,0.9825529815623286,0.983984499314775
scm1d,Point_CHR,14,MTLp14,200,641.705621727488,73.70198265155787,1.1244358261149174,0.12362876643139692,0.0,0.9830061193268742,0.005339518465397959,0.9822660998227041,0.9837461388310443
scm1d,Point_CHR,15,MTLp15,200,617.2555166483777,78.19720685468785,1.081017573238136,0.12694299713744506,0.0,0.9848215196328405,0.006084844273784944,0.9839782032417428,0.9856648360239382
scm1d,Point_CHR,16,MTLp16,200,656.9539942888867,77.22247355759752,1.1511323051407545,0.12984089859324396,0.0,0.9857980622131565,0.0058943323476420935,0.9849811494279338,0.9866149749983791
scm1d,TSCP_R,1,LBL,200,424.1379317587725,41.997495738442446,0.743145514376425,0.06924415743682055,0.0,0.9836613972463029,0.0052194499117452315,0.9829380183946778,0.984384776097928
scm1d,TSCP_R,2,MTLp2,200,485.35136514069075,61.03106132494093,0.850299679691191,0.10190527114136264,0.0,0.9858465068842426,0.005529136943179755,0.9850802075998228,0.9866128061686623
scm1d,TSCP_R,3,MTLp3,200,475.993788188935,60.60746056685081,0.8333847091280882,0.09672408066533847,0.0,0.9858159102498725,0.0054310322296099185,0.985063207585066,0.9865686129146789
scm1d,TSCP_R,4,MTLp4,200,533.3527617881073,44.92909460527453,0.9342715307634107,0.06841141535445883,0.0,0.9848674145843956,0.0045354887901423654,0.9842388279080126,0.9854960012607786
scm1d,TSCP_R,5,MTLp5,200,584.2151540011054,49.86021876858915,1.0240636927560245,0.08560508409823785,0.0,0.9812340642529321,0.005369307890094074,0.9804899161451368,0.9819782123607275
scm1d,TSCP_R,6,MTLp6,200,661.7145406647141,56.498212119684624,1.159129642287766,0.08771376743762917,0.0,0.9830214176440591,0.005184270147137667,0.9823029144590565,0.9837399208290618
scm1d,TSCP_R,7,MTLp7,200,654.4421480564895,51.878893098960376,1.1465046827348775,0.08099777418659528,0.0,0.9835492095869455,0.0052522443460257424,0.9828212856586148,0.9842771335152761
scm1d,TSCP_R,8,MTLp8,200,706.8324684557557,65.27780770816014,1.2383713443709488,0.10565518585387794,0.0,0.9840872004079552,0.005108476152061589,0.9833792017347393,0.9847951990811711
scm1d,TSCP_R,9,MTLp9,200,449.0229926689499,47.17088982780371,0.7862014753500091,0.07190861251315096,0.0,0.98383222845487,0.00547147695002995,0.9830739204377934,0.9845905364719465
scm1d,TSCP_R,10,MTLp10,200,511.0852128860608,49.886191177501715,0.8955111355506173,0.08263329787672852,0.0,0.9844390617032126,0.00552097251187806,0.9836738939512415,0.9852042294551837
scm1d,TSCP_R,11,MTLp11,200,472.6785858203593,46.100163264610764,0.8283499384871489,0.07795813403837876,0.0,0.9852065272819989,0.004822328846071415,0.9845381866020778,0.9858748679619199
scm1d,TSCP_R,12,MTLp12,200,533.4939806295718,50.451913569248084,0.934396860331722,0.07935953444635281,0.0,0.9847883732789393,0.005086895414327519,0.9840833655433784,0.9854933810145002
scm1d,TSCP_R,13,MTLp13,200,570.7380836583857,63.42128825110562,0.9997373946120767,0.10336693653786806,0.0,0.9836792452830189,0.005595153932655532,0.9829037965106565,0.9844546940553812
scm1d,TSCP_R,14,MTLp14,200,650.3228360895462,64.55118678405842,1.1399252968335234,0.11190312802428239,0.0,0.9838296787353391,0.004740228000440964,0.9831727166520966,0.9844866408185816
scm1d,TSCP_R,15,MTLp15,200,599.3569928078554,50.1347807458928,1.0501901069246276,0.08095822920680665,0.0,0.9844543600203977,0.004709359058967933,0.9838016761541725,0.9851070438866228
scm1d,TSCP_R,16,MTLp16,200,624.1326323553462,56.64458008710747,1.0941972842518966,0.09939209303806502,0.0,0.9840311065782765,0.004985826268376319,0.9833401063116959,0.9847221068448572
scm20d,Empirical_copula,1,LBL,200,483.16403505714874,63.2275513089606,0.7340147317995483,0.09342243870502391,0.0,0.9827034559643255,0.006187673266751924,0.9818458882018949,0.9835610237267561
scm20d,Empirical_copula,2,MTLp2A,200,541.463236677013,59.67971920553321,0.8228987141199005,0.08963454230664708,0.0,0.982541806020067,0.006108399598842174,0.9816952250274735,0.9833883870126605
scm20d,Empirical_copula,3,MTLp3A,200,512.1048283286755,50.006447536757236,0.7782331598203516,0.07387916962036835,0.0,0.9832413600891863,0.005881371572077639,0.9824262435758127,0.9840564766025599
scm20d,Empirical_copula,4,MTLp4A,200,583.2400849989724,59.294798272390366,0.8858431000630699,0.08101489022092052,0.0,0.9830769230769231,0.006136268875519245,0.9822264795996426,0.9839273665542035
scm20d,Empirical_copula,5,MTLp5A,200,690.1623618078742,88.15458117828268,1.0481828287462613,0.12789445698098076,0.0,0.9827452619843924,0.006926636145352667,0.981785279192111,0.9837052447766738
scm20d,Empirical_copula,6,MTLp6A,200,734.5062645457169,79.83416131678216,1.1154511652759143,0.11218552563905113,0.0,0.982396878483835,0.0065479745542563784,0.981489375510606,0.9833043814570639
scm20d,Empirical_copula,7,MTLp7A,200,747.2425567771925,79.688636880376,1.1347504975618168,0.11056437071307527,0.0,0.9825613154960982,0.00650323597289894,0.9816600129739039,0.9834626180182924
scm20d,Empirical_copula,8,MTLp8A,200,801.9400912813021,93.9595001760228,1.2180931962187607,0.1352810035400668,0.0,0.9823578595317726,0.006734964386547419,0.9814244410899722,0.983291277973573
scm20d,Empirical_copula,9,MTLp9A,200,504.8089724362328,55.26415891296513,0.766974114649336,0.08063792819682113,0.0,0.9822185061315497,0.0067551611364098235,0.9812822885630273,0.9831547237000721
scm20d,Empirical_copula,10,MTLp10A,200,595.7003786159489,78.04203012744266,0.9047603856337628,0.11229202598024655,0.0,0.9827536231884058,0.0068416621170250295,0.9818054171956088,0.9837018291812027
scm20d,Empirical_copula,11,MTLp11A,200,534.9097739377063,56.49876642780846,0.813126296380382,0.0866859638598135,0.0,0.9828483835005574,0.006406805289579487,0.9819604455892207,0.983736321411894
scm20d,Empirical_copula,12,MTLp12A,200,590.7497815859216,66.94290562811418,0.8974745946917442,0.09628348188472466,0.0,0.9822937569676701,0.006477399074143745,0.9813960352569535,0.9831914786783866
scm20d,Empirical_copula,13,MTLp13A,200,671.801354433668,71.74518048589496,1.020403388636785,0.10059346309256455,0.0,0.9831884057971013,0.006205444817984582,0.9823283750233305,0.9840484365708722
scm20d,Empirical_copula,14,MTLp14A,200,749.4646154635288,96.27800942068808,1.1374387006332047,0.13228099490305426,0.0,0.9826170568561872,0.007020177721318758,0.9816441098628989,0.9835900038494755
scm20d,Empirical_copula,15,MTLp15A,200,691.7663032395199,76.71859501695062,1.0500422942430918,0.10192339358496236,0.0,0.9823606465997772,0.006452746101022758,0.9814663416168168,0.9832549515827376
scm20d,Empirical_copula,16,MTLp16A,200,753.1283887106345,87.82453205106012,1.143441946892572,0.12169788244295394,0.0,0.9822408026755852,0.0069650174499711484,0.9812755005058736,0.9832061048452968
scm20d,Unscaled,1,LBL,200,658.8108769918346,34.92566967926108,1.0,0.0,0.0,0.9925557413600891,0.002277390143057565,0.9922401111894307,0.9928713715307474
scm20d,Unscaled,2,MTLp2A,200,658.8108769918346,34.92566967926108,1.0,0.0,0.0,0.990783166109253,0.002703680474028654,0.9904084551129729,0.991157877105533
scm20d,Unscaled,3,MTLp3A,200,658.8108769918346,34.92566967926108,1.0,0.0,0.0,0.9922017837235227,0.002314178300220108,0.9918810549744065,0.992522512472639
scm20d,Unscaled,4,MTLp4A,200,658.8108769918346,34.92566967926108,1.0,0.0,0.0,0.9890942028985507,0.0031727443458437667,0.9886544829663348,0.9895339228307665
scm20d,Unscaled,5,MTLp5A,200,658.8108769918346,34.92566967926108,1.0,0.0,0.0,0.9813600891861762,0.003988229528022824,0.9808073487739143,0.9819128295984382
scm20d,Unscaled,6,MTLp6A,200,658.8108769918346,34.92566967926108,1.0,0.0,0.0,0.9769007803790413,0.00476652221989753,0.9762401741029055,0.977561386655177
scm20d,Unscaled,7,MTLp7A,200,658.8108769918346,34.92566967926108,1.0,0.0,0.0,0.9755629877369008,0.005058545500722798,0.9748619090989064,0.9762640663748952
scm20d,Unscaled,8,MTLp8A,200,658.8108769918346,34.92566967926108,1.0,0.0,0.0,0.9716638795986623,0.005264053426957625,0.9709343190152152,0.9723934401821094
scm20d,Unscaled,9,MTLp9A,200,658.8108769918346,34.92566967926108,1.0,0.0,0.0,0.9932803790412486,0.002339814576858087,0.9929560972854615,0.9936046607970356
scm20d,Unscaled,10,MTLp10A,200,658.8108769918346,34.92566967926108,1.0,0.0,0.0,0.9882441471571906,0.0030907882061956818,0.9878157857664274,0.9886725085479537
scm20d,Unscaled,11,MTLp11A,200,658.8108769918346,34.92566967926108,1.0,0.0,0.0,0.9920150501672242,0.0026006923559732196,0.9916546125958893,0.9923754877385592
scm20d,Unscaled,12,MTLp12A,200,658.8108769918346,34.92566967926108,1.0,0.0,0.0,0.9875780379041248,0.0028974179539133986,0.9871764762630286,0.987979599545221
scm20d,Unscaled,13,MTLp13A,200,658.8108769918346,34.92566967926108,1.0,0.0,0.0,0.9828623188405797,0.004332146817954487,0.9822619139237337,0.9834627237574257
scm20d,Unscaled,14,MTLp14A,200,658.8108769918346,34.92566967926108,1.0,0.0,0.0,0.976814381270903,0.00524840489788698,0.9760869894629361,0.9775417730788699
scm20d,Unscaled,15,MTLp15A,200,658.8108769918346,34.92566967926108,1.0,0.0,0.0,0.9804319955406914,0.004314233361560534,0.9798340733022376,0.9810299177791452
scm20d,Unscaled,16,MTLp16A,200,658.8108769918346,34.92566967926108,1.0,0.0,0.0,0.9755629877369009,0.004977020376920969,0.9748732079046105,0.9762527675691912
scm20d,Point_CHR,1,LBL,200,492.02968037518144,53.962226011331055,0.7470599107528474,0.07371355661312516,0.0,0.9839882943143813,0.005424781115363486,0.9832364580098085,0.984740130618954
scm20d,Point_CHR,2,MTLp2A,200,537.6016387647587,59.78114227121877,0.8162680669088108,0.08250944474358575,0.0,0.9821098104793756,0.006249111076106839,0.9812437278709882,0.982975893087763
scm20d,Point_CHR,3,MTLp3A,200,530.0703281072413,60.15887505612598,0.8052144734609351,0.08698577715704157,0.0,0.9845122630992197,0.0065650056645096076,0.9836023997345348,0.9854221264639046
scm20d,Point_CHR,4,MTLp4A,200,632.7134165095858,70.72438958252981,0.9607279829093625,0.09831954139597529,0.0,0.9867920847268672,0.005884588247943956,0.9859765224049633,0.9876076470487711
scm20d,Point_CHR,5,MTLp5A,200,669.9563560745787,72.30190150300986,1.0172487347105905,0.0987734633583515,0.0,0.9818311036789297,0.005676031386788854,0.9810444458632998,0.9826177614945596
scm20d,Point_CHR,6,MTLp6A,200,728.6996819216979,72.64115590232302,1.1065714154875486,0.09964750583712344,0.0,0.9822324414715721,0.006256936555560855,0.9813652743070654,0.9830996086360787
scm20d,Point_CHR,7,MTLp7A,200,747.4446878506564,77.61754644890809,1.1348707828044367,0.10496468365782542,0.0,0.9825613154960982,0.006579853260090729,0.9816493943596514,0.9834732366325449
scm20d,Point_CHR,8,MTLp8A,200,796.4579820990498,88.00751729636504,1.2092758655539046,0.12131888311255101,0.0,0.982299331103679,0.0062951393023602895,0.9814268693085932,0.9831717928987647
scm20d,Point_CHR,9,MTLp9A,200,535.1769374452873,62.70819729926858,0.8125584849663867,0.08654300023796908,0.0,0.9850027870680043,0.006317941174460658,0.9841271650946749,0.9858784090413336
scm20d,Point_CHR,10,MTLp10A,200,609.5489754007131,72.59597339607775,0.9252455729816111,0.09752444127799427,0.0,0.9840078037904125,0.006048196050301797,0.9831695665839542,0.9848460409968709
scm20d,Point_CHR,11,MTLp11A,200,564.8103225577448,60.94099506153523,0.8582010460592793,0.08961974429937171,0.0,0.9856744704570792,0.005957317419921474,0.984848828386199,0.9865001125279594
scm20d,Point_CHR,12,MTLp12A,200,633.9693937081469,69.61524736241581,0.9630647253745124,0.09944676327285852,0.0,0.9856772575250836,0.005128667132267972,0.9849664605247793,0.9863880545253879
scm20d,Point_CHR,13,MTLp13A,200,700.0919585325174,83.50746623171332,1.0632629283810806,0.11946213842504237,0.0,0.985036231884058,0.006522826550528994,0.984132214246327,0.9859402495217889
scm20d,Point_CHR,14,MTLp14A,200,753.0327139947324,82.14655182413732,1.1437513596759983,0.11799277957328881,0.0,0.9833054626532888,0.006355922802164914,0.9824245766949234,0.9841863486116541
scm20d,Point_CHR,15,MTLp15A,200,747.8283367648493,78.99972076893187,1.1357718708301041,0.11121783479695879,0.0,0.9864464882943144,0.005449947219780357,0.9856911641456161,0.9872018124430126
scm20d,Point_CHR,16,MTLp16A,200,775.0182238419312,85.08052803879913,1.1767601476334155,0.1173382505826375,0.0,0.9835451505016722,0.0063007081167225695,0.9826719169082924,0.9844183840950521
scm20d,TSCP_R,1,LBL,200,492.69813391353654,45.74523939876184,0.748187304169308,0.0608124776659867,0.0,0.984283723522854,0.0044857347880476435,0.9836620323993563,0.9849054146463516
scm20d,TSCP_R,2,MTLp2A,200,539.0240215591291,47.3867261588089,0.8188114373734632,0.06565919204553153,0.0,0.9826254180602007,0.0049280504111507695,0.9819424251189048,0.9833084110014965
scm20d,TSCP_R,3,MTLp3A,200,553.4952878999394,58.94319537220584,0.8404983853389961,0.08100533366459779,0.0,0.9865886287625417,0.004909808402665638,0.9859081640346348,0.9872690934904487
scm20d,TSCP_R,4,MTLp4A,200,604.9542982576661,46.06119730916399,0.9187621723110948,0.05852502248168672,0.0,0.9853511705685618,0.004733163971277157,0.9846951875098124,0.9860071536273112
scm20d,TSCP_R,5,MTLp5A,200,673.0921227155291,57.05524082005693,1.02220606176643,0.07484524689564487,0.0,0.982196209587514,0.005155219138564071,0.9814817326668832,0.9829106865081447
scm20d,TSCP_R,6,MTLp6A,200,731.6597432480668,57.018213862104076,1.1110485469569853,0.07148290583258418,0.0,0.9826839464882943,0.005202083336095769,0.9819629745212571,0.9834049184553314
scm20d,TSCP_R,7,MTLp7A,200,738.0518452872268,60.98184988819368,1.1205127008607625,0.07423167246021971,0.0,0.9823160535117057,0.0056889014906945905,0.9815276119906775,0.9831044950327339
scm20d,TSCP_R,8,MTLp8A,200,796.4438197628962,75.58588522488665,1.2091817395116562,0.09785095709645537,0.0,0.9824804905239688,0.005423506645956384,0.9817288308518443,0.9832321501960933
scm20d,TSCP_R,9,MTLp9A,200,519.153180396229,44.24213186057752,0.7886423773080685,0.06105722680032649,0.0,0.984077480490524,0.005199231218573955,0.9833569038068084,0.9847980571742396
scm20d,TSCP_R,10,MTLp10A,200,601.442678629441,51.57498797767902,0.9136199713799644,0.07123867727092136,0.0,0.9842502787068006,0.004762379150839151,0.9835902466307412,0.98491031078286
scm20d,TSCP_R,11,MTLp11A,200,545.5309312691766,42.273021443097,0.8289566866510938,0.06073309433600744,0.0,0.984314381270903,0.0051170373889954344,0.9836051960707836,0.9850235664710224
scm20d,TSCP_R,12,MTLp12A,200,615.2494537997231,48.28262411429729,0.9345879938322806,0.0654454306744548,0.0,0.9847463768115943,0.004508122570350713,0.9841215828997709,0.9853711707234176
scm20d,TSCP_R,13,MTLp13A,200,680.3833030433825,55.6144958101171,1.0337968548506153,0.07870139451867399,0.0,0.9843115942028985,0.005002353331469514,0.9836183034022341,0.9850048850035629
scm20d,TSCP_R,14,MTLp14A,200,748.3091984383327,69.05560687602393,1.1360993434785984,0.0889998106628902,0.0,0.9831995540691193,0.005322828011394815,0.9824618477438577,0.9839372603943809
scm20d,TSCP_R,15,MTLp15A,200,716.1636199825801,60.868856546824446,1.0872148151703596,0.0741470202472801,0.0,0.9846989966555184,0.005250086199882919,0.9839713718309832,0.9854266214800537
scm20d,TSCP_R,16,MTLp16A,200,766.7047352960049,62.76833932775079,1.1645499849729215,0.0839491220177486,0.0,0.9837541806020067,0.004934473922369086,0.983070297407476,0.9844380637965374
energy,Empirical_copula,1,Y1,200,2.3769235000000166,1.2994491587123238,0.3105354968032436,0.1301193616698805,0.0,0.9378246753246754,0.046070069571850183,0.9314396894382931,0.9442096612110576
energy,Empirical_copula,2,Y2,200,8.655757,2.2651727501431247,1.1192897939546862,0.21236188900624106,0.0,0.9325324675324675,0.04718052379555901,0.9259935805425761,0.939071354522359
energy,Unscaled,1,Y1,200,7.768461000107713,1.6716346446233716,1.0,0.0,0.0,0.9990584415584416,0.0037053009523363594,0.9985449130462137,0.9995719700706694
energy,Unscaled,2,Y2,200,7.768461000107713,1.6716346446233716,1.0,0.0,0.0,0.9176298701298701,0.04762656073618699,0.9110291655738845,0.9242305746858557
energy,Point_CHR,1,Y1,200,2.585559925666268,1.2521146134043848,0.34013202929171305,0.14697436811203227,0.0,0.9454220779220779,0.052277788837487175,0.9381767460395625,0.9526674098045933
energy,Point_CHR,2,Y2,200,10.772456594246659,9.529873546719172,1.3521443292737896,0.8512808353827099,0.0,0.9394805194805196,0.05248272776680096,0.9322067845115014,0.9467542544495378
energy,TSCP_R,1,Y1,200,2.715988775042312,1.1537525997804334,0.35639589509102115,0.12544453755215193,0.0,0.9621753246753246,0.035580918331934386,0.9572440609831869,0.9671065883674623
energy,TSCP_R,2,Y2,200,9.853457245332445,2.33235175576695,1.2813598243588529,0.23229016267622443,0.0,0.9537987012987014,0.03609963684388977,0.9487955468886069,0.9588018557087958
student,Empirical_copula,1,G1,200,8.711300000000001,1.8995512059219668,0.8670645677960497,0.13955861800800543,0.0,0.9233587786259543,0.052769759849154545,0.9160452630398934,0.9306722942120151
student,Empirical_copula,2,G2,200,9.192950000000002,2.069364672608771,0.9121464182202083,0.13575538092334585,0.0,0.9222137404580153,0.05186048157116218,0.9150262444118799,0.9294012365041507
student,Empirical_copula,3,G3,200,9.80385,2.980346794009518,0.9603239816980897,0.1659872005677049,0.0,0.9190839694656487,0.05505190363971762,0.9114541648869977,0.9267137740442998
student,Unscaled,1,G1,200,10.159400000116113,2.1667115253675306,1.0,0.0,0.0,0.9562213740458014,0.03489749685579941,0.9513848277378597,0.9610579203537432
student,Unscaled,2,G2,200,10.159400000116113,2.1667115253675306,1.0,0.0,0.0,0.9437404580152672,0.040082482097851715,0.938185309415224,0.9492956066153103
student,Unscaled,3,G3,200,10.159400000116113,2.1667115253675306,1.0,0.0,0.0,0.9356106870229007,0.0394066327538887,0.9301492063630762,0.9410721676827253
student,Point_CHR,1,G1,200,14.274461460398333,7.420322012968283,1.4041421650114017,0.6321705250868666,0.0,0.9689312977099237,0.04290664796689273,0.9629847396897905,0.9748778557300569
student,Point_CHR,2,G2,200,15.335486089379375,6.951791684017616,1.5155370779723205,0.6279257716888874,0.0,0.9740076335877862,0.034894308157031186,0.9691715292109468,0.9788437379646255
student,Point_CHR,3,G3,200,16.986872899858042,8.555109120868535,1.6632286297239558,0.7345987406430814,0.0,0.9674809160305344,0.037233881246847796,0.9623205633663044,0.9726412686947644
student,TSCP_R,1,G1,200,10.250945976596785,2.7078431755081347,1.0122858538582342,0.16684110350370518,0.0,0.9542366412213741,0.04136375179650304,0.9485039177008117,0.9599693647419365
student,TSCP_R,2,G2,200,11.001324308506263,2.809797521624465,1.0806632261538587,0.13765177297376066,0.0,0.9525572519083968,0.0412388275832457,0.9468418420004668,0.9582726618163268
student,TSCP_R,3,G3,200,12.118931677854702,3.802738942127991,1.1834610767062137,0.217183459010874,0.0,0.952175572519084,0.03895748258763487,0.946776340896412,0.957574804141756
