dataset,trial,n_cal,n_test,n_dim,alpha,fallback,any_backward,backward_coordinates,binary_coordinates,binary_candidates,backward_candidates,regime,runtime_ms,zero_scale_coordinates,fit_seconds
stock,0,15,64,6,0.1,0,0,0,6,24,0,binary_only,1.0357,0,0.04639009991660714
stock,1,15,64,6,0.1,0,0,0,6,23,0,binary_only,1.0089,0,0.04922350007109344
stock,2,15,64,6,0.1,0,0,0,6,24,0,binary_only,1.0486,0,0.012961799977347255
stock,3,15,64,6,0.1,0,0,0,6,24,0,binary_only,1.2818,0,0.016234999988228083
stock,4,15,64,6,0.1,0,0,0,6,24,0,binary_only,1.0334,0,0.01326459995470941
stock,5,15,64,6,0.1,0,0,0,6,24,0,binary_only,1.0042,0,0.019141800003126264
stock,6,15,64,6,0.1,0,0,0,6,24,0,binary_only,1.0016,0,0.01863659988157451
stock,7,15,64,6,0.1,0,0,0,6,23,0,binary_only,1.1072,0,0.01832449994981289
stock,8,15,64,6,0.1,0,0,0,6,25,0,binary_only,1.0117,0,0.012642900226637721
stock,9,15,64,6,0.1,0,0,0,6,24,0,binary_only,1.0141,0,0.016392200021073222
stock,10,15,64,6,0.1,0,0,0,6,24,0,binary_only,0.9862,0,0.017358699813485146
stock,11,15,64,6,0.1,0,0,0,6,24,0,binary_only,0.9692,0,0.01784610003232956
stock,12,15,64,6,0.1,0,0,0,6,25,0,binary_only,1.0415,0,0.013518400024622679
stock,13,15,64,6,0.1,0,0,0,6,24,0,binary_only,0.9643,0,0.016447999980300665
stock,14,15,64,6,0.1,0,0,0,6,25,0,binary_only,1.016,0,0.012940600048750639
stock,15,15,64,6,0.1,0,0,0,6,25,0,binary_only,1.0027,0,0.01307499990798533
stock,16,15,64,6,0.1,0,0,0,6,25,0,binary_only,0.999,0,0.01301150000654161
stock,17,15,64,6,0.1,0,0,0,6,24,0,binary_only,0.9936,0,0.01897500013001263
stock,18,15,64,6,0.1,0,0,0,6,24,0,binary_only,1.0198,0,0.015814100159332156
stock,19,15,64,6,0.1,0,0,0,6,26,0,binary_only,1.3086,0,0.017762099858373404
stock,20,15,64,6,0.1,0,0,0,6,23,0,binary_only,0.9962,0,0.018547500018030405
stock,21,15,64,6,0.1,0,0,0,6,24,0,binary_only,1.0134,0,0.01532249990850687
stock,22,15,64,6,0.1,0,0,0,6,24,0,binary_only,1.0157,0,0.013758799992501736
stock,23,15,64,6,0.1,0,0,0,6,23,0,binary_only,1.0103,0,0.015584399923682213
stock,24,15,64,6,0.1,0,0,0,6,24,0,binary_only,1.0067,0,0.013415099820122123
stock,25,15,64,6,0.1,0,0,0,6,24,0,binary_only,0.9851,0,0.014005200006067753
stock,26,15,64,6,0.1,0,0,0,6,24,0,binary_only,0.9809,0,0.017302699852734804
stock,27,15,64,6,0.1,0,0,0,6,23,0,binary_only,0.9286,0,0.015085600083693862
stock,28,15,64,6,0.1,0,0,0,6,24,0,binary_only,1.0326,0,0.014784999890252948
stock,29,15,64,6,0.1,0,0,0,6,22,0,binary_only,0.9155,0,0.016647999873384833
stock,30,15,64,6,0.1,0,0,0,6,23,0,binary_only,0.9289,0,0.01601190003566444
stock,31,15,64,6,0.1,0,0,0,6,25,0,binary_only,1.0185,0,0.01540119992569089
stock,32,15,64,6,0.1,0,0,0,6,24,0,binary_only,0.9769,0,0.013954700203612447
stock,33,15,64,6,0.1,0,0,0,6,24,0,binary_only,1.1379,0,0.013941599987447262
stock,34,15,64,6,0.1,0,0,0,6,24,0,binary_only,0.9679,0,0.013130899984389544
stock,35,15,64,6,0.1,0,0,0,6,25,0,binary_only,1.0475,0,0.016204899875447154
stock,36,15,64,6,0.1,0,0,0,6,24,0,binary_only,0.9709,0,0.0174579001031816
stock,37,15,64,6,0.1,0,0,0,6,25,0,binary_only,0.9602,0,0.013194300001487136
stock,38,15,64,6,0.1,0,0,0,6,24,0,binary_only,0.9808,0,0.012896799948066473
stock,39,15,64,6,0.1,0,0,0,6,25,0,binary_only,1.0068,0,0.01390490005724132
stock,40,15,64,6,0.1,0,0,0,6,24,0,binary_only,0.9982,0,0.014160600025206804
stock,41,15,64,6,0.1,0,0,0,6,24,0,binary_only,1.1575,0,0.01817910000681877
stock,42,15,64,6,0.1,0,0,0,6,24,0,binary_only,1.0193,0,0.016258399933576584
stock,43,15,64,6,0.1,0,0,0,6,25,0,binary_only,1.0028,0,0.014012500178068876
stock,44,15,64,6,0.1,0,0,0,6,23,0,binary_only,0.9927,0,0.014632799895480275
stock,45,15,64,6,0.1,0,0,0,6,23,0,binary_only,0.9432,0,0.013183200033381581
stock,46,15,64,6,0.1,0,0,0,6,24,0,binary_only,0.927,0,0.01574070006608963
stock,47,15,64,6,0.1,0,0,0,6,24,0,binary_only,0.9951,0,0.015819699969142675
stock,48,15,64,6,0.1,0,0,0,6,25,0,binary_only,0.9871,0,0.015141400042921305
stock,49,15,64,6,0.1,0,0,0,6,23,0,binary_only,1.0119,0,0.012755000032484531
stock,50,15,64,6,0.1,0,0,0,6,24,0,binary_only,1.0284,0,0.01439390005543828
stock,51,15,64,6,0.1,0,0,0,6,24,0,binary_only,0.9888,0,0.019477899884805083
stock,52,15,64,6,0.1,0,0,0,6,23,0,binary_only,0.9289,0,0.014806000050157309
stock,53,15,64,6,0.1,0,0,0,6,24,0,binary_only,1.2942,0,0.012814000016078353
stock,54,15,64,6,0.1,0,0,0,6,24,0,binary_only,1.0039,0,0.014300300041213632
stock,55,15,64,6,0.1,0,0,0,6,24,0,binary_only,1.1164,0,0.014148800168186426
stock,56,15,64,6,0.1,0,0,0,6,24,0,binary_only,1.0227,0,0.018016899935901165
stock,57,15,64,6,0.1,0,0,0,6,24,0,binary_only,1.0359,0,0.014959100168198347
stock,58,15,64,6,0.1,0,0,0,6,24,0,binary_only,0.9699,0,0.013098199851810932
stock,59,15,64,6,0.1,0,0,0,6,24,0,binary_only,0.9586,0,0.016819800017401576
stock,60,15,64,6,0.1,0,0,0,6,25,0,binary_only,1.0095,0,0.013376099988818169
stock,61,15,64,6,0.1,0,0,0,6,23,0,binary_only,1.1107,0,0.01690359995700419
stock,62,15,64,6,0.1,0,0,0,6,23,0,binary_only,0.9743,0,0.013286900008097291
stock,63,15,64,6,0.1,0,0,0,6,24,0,binary_only,1.0066,0,0.012945200083777308
stock,64,15,64,6,0.1,0,0,0,6,25,0,binary_only,1.0484,0,0.014044299954548478
stock,65,15,64,6,0.1,0,0,0,6,24,0,binary_only,0.9839,0,0.013373699970543385
stock,66,15,64,6,0.1,0,0,0,6,24,0,binary_only,1.0012,0,0.015482800081372261
stock,67,15,64,6,0.1,0,0,0,6,24,0,binary_only,1.0433,0,0.014337299857288599
stock,68,15,64,6,0.1,0,0,0,6,24,0,binary_only,1.0104,0,0.01405470003373921
stock,69,15,64,6,0.1,0,0,0,6,23,0,binary_only,0.9253,0,0.012756899930536747
stock,70,15,64,6,0.1,0,0,0,6,24,0,binary_only,1.0694,0,0.01327080000191927
stock,71,15,64,6,0.1,0,0,0,6,24,0,binary_only,0.9688,0,0.012689499882981181
stock,72,15,64,6,0.1,0,0,0,6,24,0,binary_only,1.0044,0,0.017853200202807784
stock,73,15,64,6,0.1,0,0,0,6,23,0,binary_only,0.9108,0,0.01639120001345873
stock,74,15,64,6,0.1,0,0,0,6,25,0,binary_only,0.9899,0,0.013028800021857023
stock,75,15,64,6,0.1,0,0,0,6,23,0,binary_only,0.9525,0,0.014628099976107478
stock,76,15,64,6,0.1,0,0,0,6,24,0,binary_only,1.0094,0,0.013702899916097522
stock,77,15,64,6,0.1,0,0,0,6,24,0,binary_only,0.9758,0,0.012867100071161985
stock,78,15,64,6,0.1,0,0,0,6,24,0,binary_only,0.9638,0,0.01420109998434782
stock,79,15,64,6,0.1,0,0,0,6,25,0,binary_only,1.1337,0,0.01619440014474094
stock,80,15,64,6,0.1,0,0,0,6,24,0,binary_only,1.205,0,0.01302179996855557
stock,81,15,64,6,0.1,0,0,0,6,24,0,binary_only,1.0437,0,0.015100699849426746
stock,82,15,64,6,0.1,0,0,0,6,24,0,binary_only,1.0117,0,0.013409900013357401
stock,83,15,64,6,0.1,0,0,0,6,23,0,binary_only,0.9692,0,0.015367500018328428
stock,84,15,64,6,0.1,0,0,0,6,24,0,binary_only,1.0134,0,0.01289610005915165
stock,85,15,64,6,0.1,0,0,0,6,26,0,binary_only,1.0181,0,0.014160200022161007
stock,86,15,64,6,0.1,0,0,0,6,24,0,binary_only,0.9859,0,0.01732419990003109
stock,87,15,64,6,0.1,0,0,0,6,23,0,binary_only,1.1268,0,0.016143100103363395
stock,88,15,64,6,0.1,0,0,0,6,25,0,binary_only,1.0843,0,0.013006900204345584
stock,89,15,64,6,0.1,0,0,0,6,25,0,binary_only,1.0435,0,0.013772099977359176
stock,90,15,64,6,0.1,0,0,0,6,24,0,binary_only,0.96,0,0.013144300086423755
stock,91,15,64,6,0.1,0,0,0,6,22,0,binary_only,0.9432,0,0.013125099940225482
stock,92,15,64,6,0.1,0,0,0,6,26,0,binary_only,1.0252,0,0.015124500030651689
stock,93,15,64,6,0.1,0,0,0,6,24,0,binary_only,1.0131,0,0.017754000145941973
stock,94,15,64,6,0.1,0,0,0,6,23,0,binary_only,0.9218,0,0.016457099933177233
stock,95,15,64,6,0.1,0,0,0,6,24,0,binary_only,0.9823,0,0.013547400012612343
stock,96,15,64,6,0.1,0,0,0,6,25,0,binary_only,1.0388,0,0.01433310005813837
stock,97,15,64,6,0.1,0,0,0,6,24,0,binary_only,0.9736,0,0.017642300110310316
stock,98,15,64,6,0.1,0,0,0,6,24,0,binary_only,1.1144,0,0.015089400112628937
stock,99,15,64,6,0.1,0,0,0,6,24,0,binary_only,0.9721,0,0.012945699971169233
stock,100,15,64,6,0.1,0,0,0,6,24,0,binary_only,0.9835,0,0.018428399926051497
stock,101,15,64,6,0.1,0,0,0,6,23,0,binary_only,0.9844,0,0.014352500205859542
stock,102,15,64,6,0.1,0,0,0,6,24,0,binary_only,1.0441,0,0.014486700063571334
stock,103,15,64,6,0.1,0,0,0,6,24,0,binary_only,0.9951,0,0.016934999963268638
stock,104,15,64,6,0.1,0,0,0,6,24,0,binary_only,0.9192,0,0.014305599965155125
stock,105,15,64,6,0.1,0,0,0,6,25,0,binary_only,1.0427,0,0.01347700017504394
stock,106,15,64,6,0.1,0,0,0,6,24,0,binary_only,0.9788,0,0.014868299942463636
stock,107,15,64,6,0.1,0,0,0,6,24,0,binary_only,0.9634,0,0.014503099955618382
stock,108,15,64,6,0.1,0,0,0,6,24,0,binary_only,0.9699,0,0.014126900117844343
stock,109,15,64,6,0.1,0,0,0,6,24,0,binary_only,0.9877,0,0.013692399952560663
stock,110,15,64,6,0.1,0,0,0,6,24,0,binary_only,0.9835,0,0.015004799934104085
stock,111,15,64,6,0.1,0,0,0,6,24,0,binary_only,1.0602,0,0.013705200050026178
stock,112,15,64,6,0.1,0,0,0,6,23,0,binary_only,1.0155,0,0.015600099926814437
stock,113,15,64,6,0.1,0,0,0,6,23,0,binary_only,1.0026,0,0.01281409990042448
stock,114,15,64,6,0.1,0,0,0,6,23,0,binary_only,0.9775,0,0.013448500074446201
stock,115,15,64,6,0.1,0,0,0,6,24,0,binary_only,0.959,0,0.0132232999894768
stock,116,15,64,6,0.1,0,0,0,6,24,0,binary_only,0.9971,0,0.012683900073170662
stock,117,15,64,6,0.1,0,0,0,6,24,0,binary_only,1.0028,0,0.017613499891012907
stock,118,15,64,6,0.1,0,0,0,6,24,0,binary_only,0.9677,0,0.01626199996098876
stock,119,15,64,6,0.1,0,0,0,6,25,0,binary_only,1.0258,0,0.013097699964419007
stock,120,15,64,6,0.1,0,0,0,6,24,0,binary_only,1.0481,0,0.013757100095972419
stock,121,15,64,6,0.1,0,0,0,6,24,0,binary_only,0.9944,0,0.018399500055238605
stock,122,15,64,6,0.1,0,0,0,6,24,0,binary_only,0.9812,0,0.01604099990800023
stock,123,15,64,6,0.1,0,0,0,6,24,0,binary_only,0.9519,0,0.014323299983516335
stock,124,15,64,6,0.1,0,0,0,6,25,0,binary_only,0.967,0,0.015002199914306402
stock,125,15,64,6,0.1,0,0,0,6,25,0,binary_only,1.0368,0,0.017093000002205372
stock,126,15,64,6,0.1,0,0,0,6,24,0,binary_only,0.9807,0,0.015122300013899803
stock,127,15,64,6,0.1,0,0,0,6,24,0,binary_only,0.9502,0,0.015177400084212422
stock,128,15,64,6,0.1,0,0,0,6,24,0,binary_only,1.0121,0,0.014768699882552028
stock,129,15,64,6,0.1,0,0,0,6,24,0,binary_only,0.9841,0,0.017839200096204877
stock,130,15,64,6,0.1,0,0,0,6,24,0,binary_only,0.9581,0,0.016219499986618757
stock,131,15,64,6,0.1,0,0,0,6,24,0,binary_only,1.0426,0,0.013163000112399459
stock,132,15,64,6,0.1,0,0,0,6,23,0,binary_only,0.9526,0,0.015519400127232075
stock,133,15,64,6,0.1,0,0,0,6,24,0,binary_only,1.0732,0,0.018137600040063262
stock,134,15,64,6,0.1,0,0,0,6,24,0,binary_only,1.0947,0,0.013136500027030706
stock,135,15,64,6,0.1,0,0,0,6,24,0,binary_only,1.0144,0,0.012917699990794063
stock,136,15,64,6,0.1,0,0,0,6,25,0,binary_only,1.0308,0,0.012875399785116315
stock,137,15,64,6,0.1,0,0,0,6,25,0,binary_only,1.0485,0,0.013065599836409092
stock,138,15,64,6,0.1,0,0,0,6,24,0,binary_only,0.9235,0,0.014195000054314733
stock,139,15,64,6,0.1,0,0,0,6,24,0,binary_only,0.9506,0,0.01824160013347864
stock,140,15,64,6,0.1,0,0,0,6,24,0,binary_only,0.9877,0,0.01311960001476109
stock,141,15,64,6,0.1,0,0,0,6,24,0,binary_only,0.9551,0,0.012941300170496106
stock,142,15,64,6,0.1,0,0,0,6,23,0,binary_only,0.9481,0,0.015843800036236644
stock,143,15,64,6,0.1,0,0,0,6,24,0,binary_only,1.0166,0,0.015550300013273954
stock,144,15,64,6,0.1,0,0,0,6,23,0,binary_only,0.9283,0,0.014306999975815415
stock,145,15,64,6,0.1,0,0,0,6,23,0,binary_only,0.9538,0,0.015140200033783913
stock,146,15,64,6,0.1,0,0,0,6,24,0,binary_only,1.0516,0,0.013229100033640862
stock,147,15,64,6,0.1,0,0,0,6,24,0,binary_only,1.002,0,0.016841299831867218
stock,148,15,64,6,0.1,0,0,0,6,24,0,binary_only,0.9805,0,0.013581200037151575
stock,149,15,64,6,0.1,0,0,0,6,24,0,binary_only,1.021,0,0.015735399909317493
stock,150,15,64,6,0.1,0,0,0,6,25,0,binary_only,1.0194,0,0.013224800117313862
stock,151,15,64,6,0.1,0,0,0,6,24,0,binary_only,0.9642,0,0.015630999812856317
stock,152,15,64,6,0.1,0,0,0,6,23,0,binary_only,0.9106,0,0.01968759996816516
stock,153,15,64,6,0.1,0,0,0,6,24,0,binary_only,0.9569,0,0.01363850012421608
stock,154,15,64,6,0.1,0,0,0,6,24,0,binary_only,1.0053,0,0.017733100103214383
stock,155,15,64,6,0.1,0,0,0,6,24,0,binary_only,1.0103,0,0.01296270010061562
stock,156,15,64,6,0.1,0,0,0,6,24,0,binary_only,1.0094,0,0.01716129994019866
stock,157,15,64,6,0.1,0,0,0,6,24,0,binary_only,1.031,0,0.013155299937352538
stock,158,15,64,6,0.1,0,0,0,6,27,0,binary_only,1.1071,0,0.013242099899798632
stock,159,15,64,6,0.1,0,0,0,6,25,0,binary_only,1.0554,0,0.01623079995624721
stock,160,15,64,6,0.1,0,0,0,6,24,0,binary_only,1.0559,0,0.013843799941241741
stock,161,15,64,6,0.1,0,0,0,6,24,0,binary_only,0.9874,0,0.018541299970820546
stock,162,15,64,6,0.1,0,0,0,6,24,0,binary_only,0.9586,0,0.012856899993494153
stock,163,15,64,6,0.1,0,0,0,6,24,0,binary_only,0.9703,0,0.01741040009073913
stock,164,15,64,6,0.1,0,0,0,6,24,0,binary_only,1.0085,0,0.013413000153377652
stock,165,15,64,6,0.1,0,0,0,6,24,0,binary_only,0.9675,0,0.01297320006415248
stock,166,15,64,6,0.1,0,0,0,6,24,0,binary_only,1.0736,0,0.017768099904060364
stock,167,15,64,6,0.1,0,0,0,6,24,0,binary_only,0.9475,0,0.017390099819749594
stock,168,15,64,6,0.1,0,0,0,6,25,0,binary_only,1.017,0,0.015145100187510252
stock,169,15,64,6,0.1,0,0,0,6,24,0,binary_only,1.0036,0,0.014027800178155303
stock,170,15,64,6,0.1,0,0,0,6,25,0,binary_only,0.9782,0,0.015894800191745162
stock,171,15,64,6,0.1,0,0,0,6,25,0,binary_only,0.997,0,0.012708199908956885
stock,172,15,64,6,0.1,0,0,0,6,24,0,binary_only,1.0109,0,0.018226099899038672
stock,173,15,64,6,0.1,0,0,0,6,23,0,binary_only,0.9676,0,0.013171300059184432
stock,174,15,64,6,0.1,0,0,0,6,26,0,binary_only,1.1008,0,0.01291080005466938
stock,175,15,64,6,0.1,0,0,0,6,24,0,binary_only,0.9884,0,0.018258399795740843
stock,176,15,64,6,0.1,0,0,0,6,25,0,binary_only,1.0361,0,0.015755000058561563
stock,177,15,64,6,0.1,0,0,0,6,24,0,binary_only,0.958,0,0.017653699964284897
stock,178,15,64,6,0.1,0,0,0,6,25,0,binary_only,1.0719,0,0.014558900147676468
stock,179,15,64,6,0.1,0,0,0,6,24,0,binary_only,1.0758,0,0.01578110014088452
stock,180,15,64,6,0.1,0,0,0,6,23,0,binary_only,0.9936,0,0.014577300054952502
stock,181,15,64,6,0.1,0,0,0,6,23,0,binary_only,1.02,0,0.014449999900534749
stock,182,15,64,6,0.1,0,0,0,6,25,0,binary_only,1.0344,0,0.016401300206780434
stock,183,15,64,6,0.1,0,0,0,6,23,0,binary_only,0.9579,0,0.014442899962887168
stock,184,15,64,6,0.1,0,0,0,6,24,0,binary_only,0.9523,0,0.013148400001227856
stock,185,15,64,6,0.1,0,0,0,6,24,0,binary_only,1.0047,0,0.018412800040096045
stock,186,15,64,6,0.1,0,0,0,6,24,0,binary_only,1.0116,0,0.014151799958199263
stock,187,15,64,6,0.1,0,0,0,6,24,0,binary_only,1.0304,0,0.01588119985535741
stock,188,15,64,6,0.1,0,0,0,6,24,0,binary_only,0.9711,0,0.012710500042885542
stock,189,15,64,6,0.1,0,0,0,6,23,0,binary_only,0.9741,0,0.015314099844545126
stock,190,15,64,6,0.1,0,0,0,6,24,0,binary_only,1.0056,0,0.014917699852958322
stock,191,15,64,6,0.1,0,0,0,6,23,0,binary_only,0.9958,0,0.013770499965175986
stock,192,15,64,6,0.1,0,0,0,6,23,0,binary_only,0.9431,0,0.014595699962228537
stock,193,15,64,6,0.1,0,0,0,6,23,0,binary_only,0.9498,0,0.015489599900320172
stock,194,15,64,6,0.1,0,0,0,6,27,0,binary_only,1.0317,0,0.012490600114688277
stock,195,15,64,6,0.1,0,0,0,6,22,0,binary_only,0.9293,0,0.013177500106394291
stock,196,15,64,6,0.1,0,0,0,6,24,0,binary_only,0.9864,0,0.013872200157493353
stock,197,15,64,6,0.1,0,0,0,6,24,0,binary_only,1.0074,0,0.013915700139477849
stock,198,15,64,6,0.1,0,0,0,6,24,0,binary_only,1.0283,0,0.012973699951544404
stock,199,15,64,6,0.1,0,0,0,6,24,0,binary_only,0.991,0,0.016442300053313375
rf2,0,384,1536,8,0.1,0,0,0,8,64,0,binary_only,2.7763,0,3.773071800125763
rf2,1,384,1536,8,0.1,0,0,0,8,62,0,binary_only,2.8699,0,4.101297300076112
rf2,2,384,1536,8,0.1,0,0,0,8,63,0,binary_only,2.566,0,4.10469019995071
rf2,3,384,1536,8,0.1,0,0,0,8,64,0,binary_only,2.6173,0,4.14617249998264
rf2,4,384,1536,8,0.1,0,0,0,8,60,0,binary_only,2.6842,0,4.071317499969155
rf2,5,384,1536,8,0.1,0,0,0,8,63,0,binary_only,3.2176,0,3.8653190000914037
rf2,6,384,1536,8,0.1,0,0,0,8,64,0,binary_only,2.9295,0,3.8697745997924358
rf2,7,384,1536,8,0.1,0,0,0,8,62,0,binary_only,2.7704,0,3.806690099881962
rf2,8,384,1536,8,0.1,0,0,0,8,64,0,binary_only,2.8431,0,3.954179899999872
rf2,9,384,1536,8,0.1,0,0,0,8,65,0,binary_only,2.7335,0,4.022795199882239
rf2,10,384,1536,8,0.1,0,0,0,8,63,0,binary_only,2.9116,0,4.062552600167692
rf2,11,384,1536,8,0.1,0,0,0,8,63,0,binary_only,3.71,0,4.044120500097051
rf2,12,384,1536,8,0.1,0,0,0,8,64,0,binary_only,2.8263,0,4.011198499938473
rf2,13,384,1536,8,0.1,0,0,0,8,58,0,binary_only,2.4339,0,4.059144299943
rf2,14,384,1536,8,0.1,0,0,0,8,64,0,binary_only,3.2065,0,3.997018299996853
rf2,15,384,1536,8,0.1,0,0,0,8,64,0,binary_only,2.8854,0,4.1463436998892576
rf2,16,384,1536,8,0.1,0,0,0,8,64,0,binary_only,2.8924,0,3.8587640998885036
rf2,17,384,1536,8,0.1,0,0,0,8,62,0,binary_only,2.527,0,4.030305900145322
rf2,18,384,1536,8,0.1,0,0,0,8,64,0,binary_only,2.7207,0,4.326557100052014
rf2,19,384,1536,8,0.1,0,0,0,8,64,0,binary_only,2.6747,0,4.1154976999387145
rf2,20,384,1536,8,0.1,0,0,0,8,62,0,binary_only,3.7188,0,3.8524724999442697
rf2,21,384,1536,8,0.1,0,0,0,8,62,0,binary_only,2.5806,0,3.9066380001604557
rf2,22,384,1536,8,0.1,0,0,0,8,63,0,binary_only,2.767,0,3.807200000155717
rf2,23,384,1536,8,0.1,0,0,0,8,62,0,binary_only,2.9307,0,3.834717500023544
rf2,24,384,1536,8,0.1,0,0,0,8,63,0,binary_only,2.5728,0,3.854502000147477
rf2,25,384,1536,8,0.1,0,0,0,8,64,0,binary_only,2.8567,0,4.04221610003151
rf2,26,384,1536,8,0.1,0,0,0,8,64,0,binary_only,2.8722,0,4.058262000093237
rf2,27,384,1536,8,0.1,0,0,0,8,63,0,binary_only,2.6874,0,4.1001633000560105
rf2,28,384,1536,8,0.1,0,0,0,8,64,0,binary_only,2.8804,0,4.028355099959299
rf2,29,384,1536,8,0.1,0,0,0,8,63,0,binary_only,2.5905,0,4.1089842999354005
rf2,30,384,1536,8,0.1,0,0,0,8,64,0,binary_only,2.9592,0,4.222528199898079
rf2,31,384,1536,8,0.1,0,0,0,8,64,0,binary_only,2.7685,0,3.9894933998584747
rf2,32,384,1536,8,0.1,0,0,0,8,65,0,binary_only,2.8555,0,4.058659400092438
rf2,33,384,1536,8,0.1,0,0,0,8,65,0,binary_only,2.8428,0,4.149713099934161
rf2,34,384,1536,8,0.1,0,0,0,8,63,0,binary_only,2.6834,0,3.8802213999442756
rf2,35,384,1536,8,0.1,0,0,0,8,63,0,binary_only,2.6859,0,3.8781544000376016
rf2,36,384,1536,8,0.1,0,0,0,8,60,0,binary_only,2.4248,0,3.8948598001152277
rf2,37,384,1536,8,0.1,0,0,0,8,63,0,binary_only,3.1872,0,3.8770595998503268
rf2,38,384,1536,8,0.1,0,0,0,8,64,0,binary_only,2.7737,0,3.831387200159952
rf2,39,384,1536,8,0.1,0,0,0,8,64,0,binary_only,2.9773,0,3.924727100180462
rf2,40,384,1536,8,0.1,0,0,0,8,62,0,binary_only,2.7825,0,3.881230399943888
rf2,41,384,1536,8,0.1,0,0,0,8,64,0,binary_only,2.7514,0,3.9886423000134528
rf2,42,384,1536,8,0.1,0,0,0,8,62,0,binary_only,2.621,0,3.8414215000811964
rf2,43,384,1536,8,0.1,0,0,0,8,63,0,binary_only,2.8178,0,3.8832957001868635
rf2,44,384,1536,8,0.1,0,0,0,8,57,0,binary_only,2.5531,0,3.8870012999977916
rf2,45,384,1536,8,0.1,0,0,0,8,63,0,binary_only,2.9219,0,3.8068734002299607
rf2,46,384,1536,8,0.1,0,0,0,8,64,0,binary_only,2.8725,0,3.7396916998550296
rf2,47,384,1536,8,0.1,0,0,0,8,64,0,binary_only,2.8722,0,3.8352391999214888
rf2,48,384,1536,8,0.1,0,0,0,8,63,0,binary_only,2.6937,0,3.810293999966234
rf2,49,384,1536,8,0.1,0,0,0,8,59,0,binary_only,2.6373,0,3.8432821999303997
rf2,50,384,1536,8,0.1,0,0,0,8,64,0,binary_only,2.8256,0,3.775996800046414
rf2,51,384,1536,8,0.1,0,0,0,8,63,0,binary_only,2.7069,0,3.830524400109425
rf2,52,384,1536,8,0.1,0,0,0,8,64,0,binary_only,2.9006,0,3.8245845998171717
rf2,53,384,1536,8,0.1,0,0,0,8,64,0,binary_only,2.7303,0,3.746737999841571
rf2,54,384,1536,8,0.1,0,0,0,8,61,0,binary_only,2.6032,0,3.792272200109437
rf2,55,384,1536,8,0.1,0,0,0,8,63,0,binary_only,2.9329,0,3.771265600109473
rf2,56,384,1536,8,0.1,0,0,0,8,58,0,binary_only,2.5247,0,3.716741400072351
rf2,57,384,1536,8,0.1,0,0,0,8,63,0,binary_only,2.73,0,3.805645399959758
rf2,58,384,1536,8,0.1,0,0,0,8,63,0,binary_only,2.808,0,3.74731900007464
rf2,59,384,1536,8,0.1,0,0,0,8,64,0,binary_only,2.8044,0,3.9336155999917537
rf2,60,384,1536,8,0.1,0,0,0,8,62,0,binary_only,2.6901,0,3.8405104998964816
rf2,61,384,1536,8,0.1,0,0,0,8,60,0,binary_only,2.5549,0,3.8156664001289755
rf2,62,384,1536,8,0.1,0,0,0,8,60,0,binary_only,2.5135,0,3.833448500139639
rf2,63,384,1536,8,0.1,0,0,0,8,63,0,binary_only,2.6941,0,3.8267971000168473
rf2,64,384,1536,8,0.1,0,0,0,8,63,0,binary_only,2.7259,0,3.8077329001389444
rf2,65,384,1536,8,0.1,0,0,0,8,63,0,binary_only,2.6329,0,3.8305134000256658
rf2,66,384,1536,8,0.1,0,0,0,8,63,0,binary_only,2.7741,0,3.85149409994483
rf2,67,384,1536,8,0.1,0,0,0,8,64,0,binary_only,2.8377,0,3.782317499862984
rf2,68,384,1536,8,0.1,0,0,0,8,61,0,binary_only,2.5863,0,3.7692722000647336
rf2,69,384,1536,8,0.1,0,0,0,8,58,0,binary_only,2.5433,0,3.78788680001162
rf2,70,384,1536,8,0.1,0,0,0,8,65,0,binary_only,2.929,0,3.803628899855539
rf2,71,384,1536,8,0.1,0,0,0,8,64,0,binary_only,2.9035,0,3.8283822999801487
rf2,72,384,1536,8,0.1,0,0,0,8,63,0,binary_only,2.7051,0,3.8705880001652986
rf2,73,384,1536,8,0.1,0,0,0,8,64,0,binary_only,2.6274,0,3.76903080008924
rf2,74,384,1536,8,0.1,0,0,0,8,62,0,binary_only,2.5721,0,3.900133099872619
rf2,75,384,1536,8,0.1,0,0,0,8,63,0,binary_only,2.6826,0,3.868411200121045
rf2,76,384,1536,8,0.1,0,0,0,8,64,0,binary_only,3.2451,0,3.8259664999786764
rf2,77,384,1536,8,0.1,0,0,0,8,63,0,binary_only,2.5984,0,3.7896771000232548
rf2,78,384,1536,8,0.1,0,0,0,8,64,0,binary_only,3.1184,0,3.804853899870068
rf2,79,384,1536,8,0.1,0,0,0,8,62,0,binary_only,2.7218,0,3.844642899930477
rf2,80,384,1536,8,0.1,0,0,0,8,64,0,binary_only,2.6483,0,3.7426897999830544
rf2,81,384,1536,8,0.1,0,0,0,8,63,0,binary_only,2.7957,0,3.757143700029701
rf2,82,384,1536,8,0.1,0,0,0,8,60,0,binary_only,2.6974,0,3.7754470000509173
rf2,83,384,1536,8,0.1,0,0,0,8,62,0,binary_only,2.7007,0,3.867595799965784
rf2,84,384,1536,8,0.1,0,0,0,8,65,0,binary_only,2.9577,0,3.7620623998809606
rf2,85,384,1536,8,0.1,0,0,0,8,64,0,binary_only,2.7639,0,3.9280465999618173
rf2,86,384,1536,8,0.1,0,0,0,8,63,0,binary_only,2.6981,0,3.897634399821982
rf2,87,384,1536,8,0.1,0,0,0,8,64,0,binary_only,2.8528,0,3.8429241999983788
rf2,88,384,1536,8,0.1,0,0,0,8,63,0,binary_only,2.7282,0,3.819959099870175
rf2,89,384,1536,8,0.1,0,0,0,8,64,0,binary_only,3.107,0,3.940710300114006
rf2,90,384,1536,8,0.1,0,0,0,8,64,0,binary_only,2.7357,0,3.987046199850738
rf2,91,384,1536,8,0.1,0,0,0,8,62,0,binary_only,2.8325,0,3.8505732000339776
rf2,92,384,1536,8,0.1,0,0,0,8,63,0,binary_only,2.6724,0,3.8963554000947624
rf2,93,384,1536,8,0.1,0,0,0,8,62,0,binary_only,2.937,0,3.8066235000733286
rf2,94,384,1536,8,0.1,0,0,0,8,64,0,binary_only,2.7433,0,3.8178526998963207
rf2,95,384,1536,8,0.1,0,0,0,8,62,0,binary_only,2.9144,0,3.8172602001577616
rf2,96,384,1536,8,0.1,0,0,0,8,63,0,binary_only,2.7659,0,3.8356355000287294
rf2,97,384,1536,8,0.1,0,0,0,8,65,0,binary_only,3.2159,0,3.898278900189325
rf2,98,384,1536,8,0.1,0,0,0,8,64,0,binary_only,2.731,0,3.763248500181362
rf2,99,384,1536,8,0.1,0,0,0,8,64,0,binary_only,3.1117,0,3.68945339997299
rf2,100,384,1536,8,0.1,0,0,0,8,64,0,binary_only,3.0807,0,3.829292300157249
rf2,101,384,1536,8,0.1,0,0,0,8,63,0,binary_only,2.7808,0,3.8386886999942362
rf2,102,384,1536,8,0.1,0,0,0,8,63,0,binary_only,2.9995,0,3.7694226000458
rf2,103,384,1536,8,0.1,0,0,0,8,64,0,binary_only,3.0446,0,3.756417099852115
rf2,104,384,1536,8,0.1,0,0,0,8,64,0,binary_only,2.875,0,3.7608683998696506
rf2,105,384,1536,8,0.1,0,0,0,8,63,0,binary_only,2.83,0,3.771249399986118
rf2,106,384,1536,8,0.1,0,0,0,8,65,0,binary_only,2.8216,0,3.8724093998316675
rf2,107,384,1536,8,0.1,0,0,0,8,62,0,binary_only,2.9556,0,3.82956809992902
rf2,108,384,1536,8,0.1,0,0,0,8,64,0,binary_only,2.8305,0,3.8816496001090854
rf2,109,384,1536,8,0.1,0,0,0,8,60,0,binary_only,2.5126,0,3.9141202999744564
rf2,110,384,1536,8,0.1,0,0,0,8,63,0,binary_only,2.6289,0,3.803156499983743
rf2,111,384,1536,8,0.1,0,0,0,8,59,0,binary_only,2.5925,0,3.77954709995538
rf2,112,384,1536,8,0.1,0,0,0,8,64,0,binary_only,2.9415,0,3.8872666999232024
rf2,113,384,1536,8,0.1,0,0,0,8,64,0,binary_only,3.142,0,3.8167355000041425
rf2,114,384,1536,8,0.1,0,0,0,8,62,0,binary_only,2.712,0,3.807041099993512
rf2,115,384,1536,8,0.1,0,0,0,8,63,0,binary_only,3.0663,0,3.8104902000632137
rf2,116,384,1536,8,0.1,0,0,0,8,63,0,binary_only,2.746,0,3.817563499789685
rf2,117,384,1536,8,0.1,0,0,0,8,64,0,binary_only,2.6611,0,3.7593878998886794
rf2,118,384,1536,8,0.1,0,0,0,8,64,0,binary_only,2.8594,0,3.8075087999459356
rf2,119,384,1536,8,0.1,0,0,0,8,62,0,binary_only,2.6107,0,3.8795471999328583
rf2,120,384,1536,8,0.1,0,0,0,8,64,0,binary_only,2.8297,0,3.886111800093204
rf2,121,384,1536,8,0.1,0,0,0,8,63,0,binary_only,2.723,0,3.860947099979967
rf2,122,384,1536,8,0.1,0,0,0,8,63,0,binary_only,2.6305,0,3.909363799961284
rf2,123,384,1536,8,0.1,0,0,0,8,63,0,binary_only,2.6583,0,3.921368599869311
rf2,124,384,1536,8,0.1,0,0,0,8,64,0,binary_only,2.7126,0,3.946759399957955
rf2,125,384,1536,8,0.1,0,0,0,8,64,0,binary_only,2.8251,0,3.9481806000694633
rf2,126,384,1536,8,0.1,0,0,0,8,65,0,binary_only,2.9021,0,4.008067099843174
rf2,127,384,1536,8,0.1,0,0,0,8,63,0,binary_only,2.6241,0,3.8256812000181526
rf2,128,384,1536,8,0.1,0,0,0,8,64,0,binary_only,2.706,0,3.8545574001036584
rf2,129,384,1536,8,0.1,0,0,0,8,65,0,binary_only,2.7857,0,3.827565599931404
rf2,130,384,1536,8,0.1,0,0,0,8,62,0,binary_only,2.6641,0,4.154589100042358
rf2,131,384,1536,8,0.1,0,0,0,8,64,0,binary_only,3.2719,0,3.8426462998613715
rf2,132,384,1536,8,0.1,0,0,0,8,62,0,binary_only,2.7406,0,3.757036800030619
rf2,133,384,1536,8,0.1,0,0,0,8,63,0,binary_only,2.7558,0,3.8284087001811713
rf2,134,384,1536,8,0.1,0,0,0,8,64,0,binary_only,2.9356,0,3.8723621000535786
rf2,135,384,1536,8,0.1,0,0,0,8,64,0,binary_only,2.5729,0,3.8015405000187457
rf2,136,384,1536,8,0.1,0,0,0,8,63,0,binary_only,2.8468,0,3.9297374000307173
rf2,137,384,1536,8,0.1,0,0,0,8,64,0,binary_only,2.8298,0,3.826593300094828
rf2,138,384,1536,8,0.1,0,0,0,8,64,0,binary_only,2.6988,0,3.822862499859184
rf2,139,384,1536,8,0.1,0,0,0,8,64,0,binary_only,2.7599,0,3.833876400021836
rf2,140,384,1536,8,0.1,0,0,0,8,64,0,binary_only,2.7892,0,3.8966565998271108
rf2,141,384,1536,8,0.1,0,0,0,8,64,0,binary_only,2.7184,0,3.9107564000878483
rf2,142,384,1536,8,0.1,0,0,0,8,61,0,binary_only,2.6433,0,3.8072466000448912
rf2,143,384,1536,8,0.1,0,0,0,8,63,0,binary_only,2.532,0,3.9476247001439333
rf2,144,384,1536,8,0.1,0,0,0,8,63,0,binary_only,2.7098,0,3.889135600067675
rf2,145,384,1536,8,0.1,0,0,0,8,60,0,binary_only,2.6058,0,3.828808099962771
rf2,146,384,1536,8,0.1,0,0,0,8,64,0,binary_only,2.8509,0,3.8690851000137627
rf2,147,384,1536,8,0.1,0,0,0,8,64,0,binary_only,2.856,0,3.821934400126338
rf2,148,384,1536,8,0.1,0,0,0,8,62,0,binary_only,2.8408,0,3.751839900156483
rf2,149,384,1536,8,0.1,0,0,0,8,62,0,binary_only,2.6666,0,3.8464283000212163
rf2,150,384,1536,8,0.1,0,0,0,8,59,0,binary_only,2.5905,0,3.8521473000291735
rf2,151,384,1536,8,0.1,0,0,0,8,64,0,binary_only,2.8842,0,3.835520099848509
rf2,152,384,1536,8,0.1,0,0,0,8,63,0,binary_only,2.5988,0,3.8606869999784976
rf2,153,384,1536,8,0.1,0,0,0,8,62,0,binary_only,2.668,0,3.8934464999474585
rf2,154,384,1536,8,0.1,0,0,0,8,62,0,binary_only,2.6431,0,3.8416259000077844
rf2,155,384,1536,8,0.1,0,0,0,8,65,0,binary_only,2.9145,0,3.7964697999414057
rf2,156,384,1536,8,0.1,0,0,0,8,64,0,binary_only,2.8059,0,3.8376881999429315
rf2,157,384,1536,8,0.1,0,0,0,8,61,0,binary_only,2.7223,0,3.8959208999294788
rf2,158,384,1536,8,0.1,0,0,0,8,64,0,binary_only,2.7918,0,3.7539260999765247
rf2,159,384,1536,8,0.1,0,0,0,8,63,0,binary_only,2.5522,0,3.7273592001292855
rf2,160,384,1536,8,0.1,0,0,0,8,64,0,binary_only,2.9049,0,4.167982500046492
rf2,161,384,1536,8,0.1,0,0,0,8,63,0,binary_only,2.6104,0,3.721819099970162
rf2,162,384,1536,8,0.1,0,0,0,8,61,0,binary_only,2.6919,0,3.8483651999849826
rf2,163,384,1536,8,0.1,0,0,0,8,64,0,binary_only,2.8728,0,3.8081698999740183
rf2,164,384,1536,8,0.1,0,0,0,8,62,0,binary_only,2.7215,0,3.825960900168866
rf2,165,384,1536,8,0.1,0,0,0,8,61,0,binary_only,2.6886,0,3.8349083999637514
rf2,166,384,1536,8,0.1,0,0,0,8,64,0,binary_only,2.5847,0,3.845692199887708
rf2,167,384,1536,8,0.1,0,0,0,8,62,0,binary_only,2.8247,0,3.7830352999735624
rf2,168,384,1536,8,0.1,0,0,0,8,62,0,binary_only,2.6143,0,3.783063600072637
rf2,169,384,1536,8,0.1,0,0,0,8,62,0,binary_only,2.5661,0,3.840770799899474
rf2,170,384,1536,8,0.1,0,0,0,8,65,0,binary_only,2.8438,0,3.8094366998411715
rf2,171,384,1536,8,0.1,0,0,0,8,62,0,binary_only,2.5098,0,3.932678900193423
rf2,172,384,1536,8,0.1,0,0,0,8,62,0,binary_only,2.5421,0,3.845804100157693
rf2,173,384,1536,8,0.1,0,0,0,8,63,0,binary_only,2.8869,0,3.846168899908662
rf2,174,384,1536,8,0.1,0,0,0,8,59,0,binary_only,2.5423,0,3.8427834999747574
rf2,175,384,1536,8,0.1,0,0,0,8,64,0,binary_only,2.5892,0,3.7966295999940485
rf2,176,384,1536,8,0.1,0,0,0,8,62,0,binary_only,2.6318,0,3.9431536998599768
rf2,177,384,1536,8,0.1,0,0,0,8,59,0,binary_only,2.5983,0,3.770245000021532
rf2,178,384,1536,8,0.1,0,0,0,8,64,0,binary_only,2.8594,0,3.8870316999964416
rf2,179,384,1536,8,0.1,0,0,0,8,64,0,binary_only,2.7873,0,3.8211146001704037
rf2,180,384,1536,8,0.1,0,0,0,8,64,0,binary_only,2.7182,0,3.9155017000157386
rf2,181,384,1536,8,0.1,0,0,0,8,64,0,binary_only,2.6817,0,3.9191588000394404
rf2,182,384,1536,8,0.1,0,0,0,8,57,0,binary_only,2.4815,0,3.8425404999870807
rf2,183,384,1536,8,0.1,0,0,0,8,65,0,binary_only,2.7512,0,3.824566400144249
rf2,184,384,1536,8,0.1,0,0,0,8,65,0,binary_only,2.7839,0,4.058145399903879
rf2,185,384,1536,8,0.1,0,0,0,8,64,0,binary_only,2.8546,0,3.8413645999971777
rf2,186,384,1536,8,0.1,0,0,0,8,65,0,binary_only,2.8356,0,3.82510230015032
rf2,187,384,1536,8,0.1,0,0,0,8,63,0,binary_only,2.6754,0,3.8533129000570625
rf2,188,384,1536,8,0.1,0,0,0,8,63,0,binary_only,2.874,0,3.901611200068146
rf2,189,384,1536,8,0.1,0,0,0,8,64,0,binary_only,2.894,0,3.8112862000707537
rf2,190,384,1536,8,0.1,0,0,0,8,65,0,binary_only,3.0128,0,3.876463199965656
rf2,191,384,1536,8,0.1,0,0,0,8,64,0,binary_only,2.9313,0,3.7990298001095653
rf2,192,384,1536,8,0.1,0,0,0,8,65,0,binary_only,2.6098,0,3.816603999817744
rf2,193,384,1536,8,0.1,0,0,0,8,61,0,binary_only,2.8274,0,3.839449299965054
rf2,194,384,1536,8,0.1,0,0,0,8,63,0,binary_only,3.0394,0,3.8496743000578135
rf2,195,384,1536,8,0.1,0,0,0,8,61,0,binary_only,2.8266,0,3.779282199917361
rf2,196,384,1536,8,0.1,0,0,0,8,63,0,binary_only,2.7388,0,3.8218545999843627
rf2,197,384,1536,8,0.1,0,0,0,8,63,0,binary_only,2.8436,0,3.842637100024149
rf2,198,384,1536,8,0.1,0,0,0,8,65,0,binary_only,2.6521,0,3.7655052999034524
rf2,199,384,1536,8,0.1,0,0,0,8,63,0,binary_only,2.7462,0,3.7941467999480665
scm1d,0,490,1961,16,0.1,0,0,0,16,137,0,binary_only,7.3518,0,11.227503899950534
scm1d,1,490,1961,16,0.1,0,0,0,16,135,0,binary_only,6.9784,0,12.953073899960145
scm1d,2,490,1961,16,0.1,0,0,0,16,134,0,binary_only,7.0327,0,12.867156600113958
scm1d,3,490,1961,16,0.1,0,0,0,16,135,0,binary_only,7.2457,0,12.69576540007256
scm1d,4,490,1961,16,0.1,0,0,0,16,135,0,binary_only,7.0117,0,12.18055330007337
scm1d,5,490,1961,16,0.1,0,0,0,16,135,0,binary_only,7.3567,0,12.177135900128633
scm1d,6,490,1961,16,0.1,0,0,0,16,133,0,binary_only,6.7179,0,12.485652200179175
scm1d,7,490,1961,16,0.1,0,0,0,16,136,0,binary_only,7.1564,0,12.430625700158998
scm1d,8,490,1961,16,0.1,0,0,0,16,133,0,binary_only,6.8668,0,12.453946700086817
scm1d,9,490,1961,16,0.1,0,0,0,16,136,0,binary_only,7.3352,0,12.642843800131232
scm1d,10,490,1961,16,0.1,0,0,0,16,134,0,binary_only,7.0052,0,12.815442099934444
scm1d,11,490,1961,16,0.1,0,0,0,16,137,0,binary_only,7.4467,0,12.606786200078204
scm1d,12,490,1961,16,0.1,0,0,0,16,135,0,binary_only,7.4159,0,12.499538799980655
scm1d,13,490,1961,16,0.1,0,0,0,16,136,0,binary_only,7.1234,0,12.79223410016857
scm1d,14,490,1961,16,0.1,0,0,0,16,133,0,binary_only,6.839,0,12.930703399935737
scm1d,15,490,1961,16,0.1,0,0,0,16,138,0,binary_only,7.4158,0,12.785711399978027
scm1d,16,490,1961,16,0.1,0,0,0,16,134,0,binary_only,7.1676,0,12.941301699960604
scm1d,17,490,1961,16,0.1,0,0,0,16,134,0,binary_only,6.6947,0,12.900972000090405
scm1d,18,490,1961,16,0.1,0,0,0,16,137,0,binary_only,7.09,0,12.891906599979848
scm1d,19,490,1961,16,0.1,0,0,0,16,136,0,binary_only,6.8978,0,12.546523299999535
scm1d,20,490,1961,16,0.1,0,0,0,16,135,0,binary_only,7.0379,0,12.194148499984294
scm1d,21,490,1961,16,0.1,0,0,0,16,139,0,binary_only,7.2811,0,12.331346400082111
scm1d,22,490,1961,16,0.1,0,0,0,16,135,0,binary_only,7.2581,0,12.394777900073677
scm1d,23,490,1961,16,0.1,0,0,0,16,134,0,binary_only,6.9056,0,12.551343200029805
scm1d,24,490,1961,16,0.1,0,0,0,16,135,0,binary_only,6.9199,0,12.704465900082141
scm1d,25,490,1961,16,0.1,0,0,0,16,138,0,binary_only,8.0286,0,12.706748500000685
scm1d,26,490,1961,16,0.1,0,0,0,16,137,0,binary_only,7.4229,0,12.707921699853614
scm1d,27,490,1961,16,0.1,0,0,0,16,137,0,binary_only,7.4947,0,12.632516299840063
scm1d,28,490,1961,16,0.1,0,0,0,16,133,0,binary_only,7.2389,0,12.694359899964184
scm1d,29,490,1961,16,0.1,0,0,0,16,136,0,binary_only,7.1032,0,12.754893299890682
scm1d,30,490,1961,16,0.1,0,0,0,16,136,0,binary_only,7.3733,0,12.82901670015417
scm1d,31,490,1961,16,0.1,0,0,0,16,133,0,binary_only,7.0423,0,12.671789200045168
scm1d,32,490,1961,16,0.1,0,0,0,16,137,0,binary_only,7.1208,0,12.778417899971828
scm1d,33,490,1961,16,0.1,0,0,0,16,136,0,binary_only,6.9007,0,12.423991300165653
scm1d,34,490,1961,16,0.1,0,0,0,16,136,0,binary_only,7.0968,0,12.420744100119919
scm1d,35,490,1961,16,0.1,0,0,0,16,132,0,binary_only,6.8203,0,12.391943200025707
scm1d,36,490,1961,16,0.1,0,0,0,16,137,0,binary_only,7.3927,0,12.205758799798787
scm1d,37,490,1961,16,0.1,0,0,0,16,135,0,binary_only,6.9557,0,12.189009600086138
scm1d,38,490,1961,16,0.1,0,0,0,16,139,0,binary_only,7.5008,0,12.340607299935073
scm1d,39,490,1961,16,0.1,0,0,0,16,138,0,binary_only,7.242,0,12.286396200070158
scm1d,40,490,1961,16,0.1,0,0,0,16,133,0,binary_only,6.755,0,12.363220300059766
scm1d,41,490,1961,16,0.1,0,0,0,16,136,0,binary_only,7.162,0,12.325919199967757
scm1d,42,490,1961,16,0.1,0,0,0,16,135,0,binary_only,7.0358,0,12.360317299840972
scm1d,43,490,1961,16,0.1,0,0,0,16,132,0,binary_only,6.5528,0,12.183801300125197
scm1d,44,490,1961,16,0.1,0,0,0,16,134,0,binary_only,7.1091,0,12.230326400138438
scm1d,45,490,1961,16,0.1,0,0,0,16,134,0,binary_only,6.7233,0,12.2924530999735
scm1d,46,490,1961,16,0.1,0,0,0,16,135,0,binary_only,6.9454,0,12.324758100090548
scm1d,47,490,1961,16,0.1,0,0,0,16,135,0,binary_only,7.0925,0,12.240172899793833
scm1d,48,490,1961,16,0.1,0,0,0,16,135,0,binary_only,6.999,0,12.344756999984384
scm1d,49,490,1961,16,0.1,0,0,0,16,138,0,binary_only,7.4736,0,12.139753099996597
scm1d,50,490,1961,16,0.1,0,0,0,16,135,0,binary_only,7.1775,0,12.194462100043893
scm1d,51,490,1961,16,0.1,0,0,0,16,138,0,binary_only,7.4516,0,12.233675199793652
scm1d,52,490,1961,16,0.1,0,0,0,16,138,0,binary_only,7.7031,0,12.338680400047451
scm1d,53,490,1961,16,0.1,0,0,0,16,133,0,binary_only,6.8791,0,12.374186599859968
scm1d,54,490,1961,16,0.1,0,0,0,16,138,0,binary_only,7.399,0,12.307869700016454
scm1d,55,490,1961,16,0.1,0,0,0,16,136,0,binary_only,8.1005,0,12.168620000127703
scm1d,56,490,1961,16,0.1,0,0,0,16,132,0,binary_only,6.8259,0,12.313340900000185
scm1d,57,490,1961,16,0.1,0,0,0,16,137,0,binary_only,7.1758,0,12.293535799952224
scm1d,58,490,1961,16,0.1,0,0,0,16,133,0,binary_only,6.9879,0,12.425234999973327
scm1d,59,490,1961,16,0.1,0,0,0,16,134,0,binary_only,6.8094,0,12.462576000019908
scm1d,60,490,1961,16,0.1,0,0,0,16,133,0,binary_only,6.9669,0,12.276971400016919
scm1d,61,490,1961,16,0.1,0,0,0,16,136,0,binary_only,7.2716,0,12.124172599986196
scm1d,62,490,1961,16,0.1,0,0,0,16,137,0,binary_only,7.3082,0,12.224550599930808
scm1d,63,490,1961,16,0.1,0,0,0,16,139,0,binary_only,7.8139,0,12.24286390002817
scm1d,64,490,1961,16,0.1,0,0,0,16,136,0,binary_only,7.0939,0,12.350997000001371
scm1d,65,490,1961,16,0.1,0,0,0,16,136,0,binary_only,7.2079,0,12.244422300020233
scm1d,66,490,1961,16,0.1,0,0,0,16,136,0,binary_only,6.9815,0,12.244174200110137
scm1d,67,490,1961,16,0.1,0,0,0,16,138,0,binary_only,7.5133,0,12.22404979984276
scm1d,68,490,1961,16,0.1,0,0,0,16,134,0,binary_only,6.82,0,12.31425130018033
scm1d,69,490,1961,16,0.1,0,0,0,16,136,0,binary_only,6.997,0,12.257275499869138
scm1d,70,490,1961,16,0.1,0,0,0,16,143,0,binary_only,7.6364,0,12.304736800026149
scm1d,71,490,1961,16,0.1,0,0,0,16,136,0,binary_only,7.4569,0,12.370980400126427
scm1d,72,490,1961,16,0.1,0,0,0,16,136,0,binary_only,7.2293,0,12.742064899997786
scm1d,73,490,1961,16,0.1,0,0,0,16,137,0,binary_only,7.413,0,12.48352720006369
scm1d,74,490,1961,16,0.1,0,0,0,16,136,0,binary_only,7.3656,0,12.275133999995887
scm1d,75,490,1961,16,0.1,0,0,0,16,137,0,binary_only,7.2677,0,12.100172700127587
scm1d,76,490,1961,16,0.1,0,0,0,16,132,0,binary_only,6.9524,0,12.19213189999573
scm1d,77,490,1961,16,0.1,0,0,0,16,133,0,binary_only,6.9019,0,12.316869500093162
scm1d,78,490,1961,16,0.1,0,0,0,16,135,0,binary_only,6.7418,0,12.208698000060394
scm1d,79,490,1961,16,0.1,0,0,0,16,137,0,binary_only,7.4402,0,12.277844299795106
scm1d,80,490,1961,16,0.1,0,0,0,16,136,0,binary_only,7.2881,0,12.317617300199345
scm1d,81,490,1961,16,0.1,0,0,0,16,138,0,binary_only,7.5142,0,12.409542400157079
scm1d,82,490,1961,16,0.1,0,0,0,16,134,0,binary_only,6.8238,0,12.340722700115293
scm1d,83,490,1961,16,0.1,0,0,0,16,135,0,binary_only,7.1128,0,12.256809300044551
scm1d,84,490,1961,16,0.1,0,0,0,16,135,0,binary_only,7.4295,0,12.33901710016653
scm1d,85,490,1961,16,0.1,0,0,0,16,135,0,binary_only,7.5088,0,12.330092899966985
scm1d,86,490,1961,16,0.1,0,0,0,16,133,0,binary_only,7.2646,0,12.265487999888137
scm1d,87,490,1961,16,0.1,0,0,0,16,135,0,binary_only,7.4302,0,12.371068200096488
scm1d,88,490,1961,16,0.1,0,0,0,16,137,0,binary_only,7.5067,0,12.537218599813059
scm1d,89,490,1961,16,0.1,0,0,0,16,133,0,binary_only,7.2752,0,12.565551799954847
scm1d,90,490,1961,16,0.1,0,0,0,16,135,0,binary_only,7.1079,0,12.556204200023785
scm1d,91,490,1961,16,0.1,0,0,0,16,135,0,binary_only,7.1818,0,12.264927400043234
scm1d,92,490,1961,16,0.1,0,0,0,16,131,0,binary_only,6.5684,0,12.395327999955043
scm1d,93,490,1961,16,0.1,0,0,0,16,137,0,binary_only,7.4276,0,12.227838900173083
scm1d,94,490,1961,16,0.1,0,0,0,16,135,0,binary_only,7.2544,0,12.366721199825406
scm1d,95,490,1961,16,0.1,0,0,0,16,133,0,binary_only,6.8715,0,12.419699200196192
scm1d,96,490,1961,16,0.1,0,0,0,16,136,0,binary_only,7.3118,0,12.166462799999863
scm1d,97,490,1961,16,0.1,0,0,0,16,133,0,binary_only,6.9918,0,12.281578999944031
scm1d,98,490,1961,16,0.1,0,0,0,16,136,0,binary_only,7.2365,0,12.228645600145683
scm1d,99,490,1961,16,0.1,0,0,0,16,138,0,binary_only,7.8128,0,12.358975999988616
scm1d,100,490,1961,16,0.1,0,0,0,16,135,0,binary_only,7.0946,0,12.2065066001378
scm1d,101,490,1961,16,0.1,0,0,0,16,137,0,binary_only,7.0269,0,12.126475199824199
scm1d,102,490,1961,16,0.1,0,0,0,16,141,0,binary_only,7.7501,0,12.299134999979287
scm1d,103,490,1961,16,0.1,0,0,0,16,136,0,binary_only,7.5631,0,12.152591899968684
scm1d,104,490,1961,16,0.1,0,0,0,16,136,0,binary_only,8.0226,0,12.3294596998021
scm1d,105,490,1961,16,0.1,0,0,0,16,133,0,binary_only,6.7296,0,12.228131599957123
scm1d,106,490,1961,16,0.1,0,0,0,16,137,0,binary_only,7.4563,0,12.28380350000225
scm1d,107,490,1961,16,0.1,0,0,0,16,135,0,binary_only,7.1997,0,12.110728000057861
scm1d,108,490,1961,16,0.1,0,0,0,16,135,0,binary_only,7.289,0,12.229249800089747
scm1d,109,490,1961,16,0.1,0,0,0,16,138,0,binary_only,7.8103,0,12.267442400101572
scm1d,110,490,1961,16,0.1,0,0,0,16,136,0,binary_only,7.0504,0,12.19006279995665
scm1d,111,490,1961,16,0.1,0,0,0,16,136,0,binary_only,7.1288,0,12.247965599875897
scm1d,112,490,1961,16,0.1,0,0,0,16,135,0,binary_only,7.399,0,12.25417590001598
scm1d,113,490,1961,16,0.1,0,0,0,16,134,0,binary_only,7.0019,0,12.233767400030047
scm1d,114,490,1961,16,0.1,0,0,0,16,135,0,binary_only,7.0477,0,12.430162400007248
scm1d,115,490,1961,16,0.1,0,0,0,16,136,0,binary_only,6.951,0,12.203287100186571
scm1d,116,490,1961,16,0.1,0,0,0,16,136,0,binary_only,7.3509,0,12.310840100049973
scm1d,117,490,1961,16,0.1,0,0,0,16,136,0,binary_only,6.9421,0,12.28005769988522
scm1d,118,490,1961,16,0.1,0,0,0,16,138,0,binary_only,7.4782,0,12.295735400170088
scm1d,119,490,1961,16,0.1,0,0,0,16,136,0,binary_only,7.5364,0,12.390463500050828
scm1d,120,490,1961,16,0.1,0,0,0,16,135,0,binary_only,7.1519,0,12.243466200074181
scm1d,121,490,1961,16,0.1,0,0,0,16,136,0,binary_only,7.4192,0,12.347374700009823
scm1d,122,490,1961,16,0.1,0,0,0,16,137,0,binary_only,7.2538,0,12.598319800104946
scm1d,123,490,1961,16,0.1,0,0,0,16,139,0,binary_only,7.7444,0,12.671479600016028
scm1d,124,490,1961,16,0.1,0,0,0,16,135,0,binary_only,6.8726,0,12.684475000016391
scm1d,125,490,1961,16,0.1,0,0,0,16,135,0,binary_only,7.3223,0,12.39046229980886
scm1d,126,490,1961,16,0.1,0,0,0,16,137,0,binary_only,7.2248,0,12.51214660005644
scm1d,127,490,1961,16,0.1,0,0,0,16,136,0,binary_only,7.0283,0,12.350562599953264
scm1d,128,490,1961,16,0.1,0,0,0,16,135,0,binary_only,7.3653,0,12.727615499868989
scm1d,129,490,1961,16,0.1,0,0,0,16,140,0,binary_only,7.8501,0,12.662533400114626
scm1d,130,490,1961,16,0.1,0,0,0,16,134,0,binary_only,6.9576,0,12.681221300037578
scm1d,131,490,1961,16,0.1,0,0,0,16,139,0,binary_only,8.1133,0,12.336190900066867
scm1d,132,490,1961,16,0.1,0,0,0,16,137,0,binary_only,7.2172,0,12.375988299958408
scm1d,133,490,1961,16,0.1,0,0,0,16,137,0,binary_only,7.8147,0,12.216826900141314
scm1d,134,490,1961,16,0.1,0,0,0,16,136,0,binary_only,7.3876,0,12.338889899896458
scm1d,135,490,1961,16,0.1,0,0,0,16,132,0,binary_only,7.3159,0,12.352120300056413
scm1d,136,490,1961,16,0.1,0,0,0,16,138,0,binary_only,7.1519,0,12.32561230007559
scm1d,137,490,1961,16,0.1,0,0,0,16,133,0,binary_only,7.0249,0,12.172818100079894
scm1d,138,490,1961,16,0.1,0,0,0,16,131,0,binary_only,7.001,0,12.283364299917594
scm1d,139,490,1961,16,0.1,0,0,0,16,137,0,binary_only,7.3933,0,12.496712899999693
scm1d,140,490,1961,16,0.1,0,0,0,16,133,0,binary_only,7.0476,0,12.321616200031713
scm1d,141,490,1961,16,0.1,0,0,0,16,137,0,binary_only,7.3556,0,12.455048100091517
scm1d,142,490,1961,16,0.1,0,0,0,16,134,0,binary_only,7.0419,0,12.293323699850589
scm1d,143,490,1961,16,0.1,0,0,0,16,137,0,binary_only,7.4439,0,12.295441099908203
scm1d,144,490,1961,16,0.1,0,0,0,16,139,0,binary_only,7.388,0,12.42862999998033
scm1d,145,490,1961,16,0.1,0,0,0,16,136,0,binary_only,7.4227,0,12.14081920008175
scm1d,146,490,1961,16,0.1,0,0,0,16,139,0,binary_only,8.0655,0,12.246928900014609
scm1d,147,490,1961,16,0.1,0,0,0,16,133,0,binary_only,6.9477,0,12.287626599892974
scm1d,148,490,1961,16,0.1,0,0,0,16,132,0,binary_only,6.702,0,12.270622999873012
scm1d,149,490,1961,16,0.1,0,0,0,16,136,0,binary_only,7.4818,0,12.368087300099432
scm1d,150,490,1961,16,0.1,0,0,0,16,140,0,binary_only,8.0536,0,12.40059269987978
scm1d,151,490,1961,16,0.1,0,0,0,16,133,0,binary_only,7.1138,0,12.362782400101423
scm1d,152,490,1961,16,0.1,0,0,0,16,134,0,binary_only,7.1281,0,12.408705400070176
scm1d,153,490,1961,16,0.1,0,0,0,16,136,0,binary_only,7.2689,0,12.379842400085181
scm1d,154,490,1961,16,0.1,0,0,0,16,136,0,binary_only,7.4561,0,12.385896700201556
scm1d,155,490,1961,16,0.1,0,0,0,16,132,0,binary_only,6.671,0,12.489203300094232
scm1d,156,490,1961,16,0.1,0,0,0,16,143,0,binary_only,7.8371,0,12.394760799827054
scm1d,157,490,1961,16,0.1,0,0,0,16,135,0,binary_only,7.0443,0,12.332379100145772
scm1d,158,490,1961,16,0.1,0,0,0,16,134,0,binary_only,7.0456,0,12.618765000021085
scm1d,159,490,1961,16,0.1,0,0,0,16,138,0,binary_only,7.2055,0,12.408969599986449
scm1d,160,490,1961,16,0.1,0,0,0,16,133,0,binary_only,6.8165,0,12.42880059988238
scm1d,161,490,1961,16,0.1,0,0,0,16,135,0,binary_only,7.366,0,12.387293400010094
scm1d,162,490,1961,16,0.1,0,0,0,16,135,0,binary_only,7.1004,0,12.375863199820742
scm1d,163,490,1961,16,0.1,0,0,0,16,135,0,binary_only,7.3218,0,12.246715999906883
scm1d,164,490,1961,16,0.1,0,0,0,16,137,0,binary_only,7.3846,0,12.360923200147226
scm1d,165,490,1961,16,0.1,0,0,0,16,134,0,binary_only,7.4709,0,12.258367199916393
scm1d,166,490,1961,16,0.1,0,0,0,16,134,0,binary_only,7.2412,0,12.268040499882773
scm1d,167,490,1961,16,0.1,0,0,0,16,135,0,binary_only,6.8824,0,12.400442100130022
scm1d,168,490,1961,16,0.1,0,0,0,16,133,0,binary_only,7.1134,0,12.233746299985796
scm1d,169,490,1961,16,0.1,0,0,0,16,139,0,binary_only,7.4995,0,12.31325770006515
scm1d,170,490,1961,16,0.1,0,0,0,16,137,0,binary_only,7.3111,0,12.359824399929494
scm1d,171,490,1961,16,0.1,0,0,0,16,133,0,binary_only,6.9421,0,12.304264400154352
scm1d,172,490,1961,16,0.1,0,0,0,16,137,0,binary_only,7.5114,0,12.197780700167641
scm1d,173,490,1961,16,0.1,0,0,0,16,140,0,binary_only,7.8411,0,12.214596000034362
scm1d,174,490,1961,16,0.1,0,0,0,16,137,0,binary_only,7.3329,0,12.254772200016305
scm1d,175,490,1961,16,0.1,0,0,0,16,135,0,binary_only,7.5128,0,12.323177800048143
scm1d,176,490,1961,16,0.1,0,0,0,16,136,0,binary_only,7.3038,0,12.454248999943957
scm1d,177,490,1961,16,0.1,0,0,0,16,138,0,binary_only,7.5453,0,12.480923400027677
scm1d,178,490,1961,16,0.1,0,0,0,16,134,0,binary_only,7.2651,0,12.502501500071958
scm1d,179,490,1961,16,0.1,0,0,0,16,134,0,binary_only,7.4202,0,12.308529100148007
scm1d,180,490,1961,16,0.1,0,0,0,16,137,0,binary_only,7.6156,0,12.18762409989722
scm1d,181,490,1961,16,0.1,0,0,0,16,134,0,binary_only,7.3725,0,12.193555499892682
scm1d,182,490,1961,16,0.1,0,0,0,16,135,0,binary_only,7.107,0,12.380631299922243
scm1d,183,490,1961,16,0.1,0,0,0,16,138,0,binary_only,7.4606,0,12.45276809995994
scm1d,184,490,1961,16,0.1,0,0,0,16,137,0,binary_only,7.7804,0,12.378567199921235
scm1d,185,490,1961,16,0.1,0,0,0,16,132,0,binary_only,6.7183,0,12.273980000056326
scm1d,186,490,1961,16,0.1,0,0,0,16,136,0,binary_only,7.3086,0,12.492488200077787
scm1d,187,490,1961,16,0.1,0,0,0,16,134,0,binary_only,7.1449,0,12.24993330007419
scm1d,188,490,1961,16,0.1,0,0,0,16,138,0,binary_only,7.4628,0,12.343478200025856
scm1d,189,490,1961,16,0.1,0,0,0,16,135,0,binary_only,7.2629,0,12.382379099959508
scm1d,190,490,1961,16,0.1,0,0,0,16,132,0,binary_only,6.6659,0,12.397001500008628
scm1d,191,490,1961,16,0.1,0,0,0,16,136,0,binary_only,7.4002,0,12.175169199937955
scm1d,192,490,1961,16,0.1,0,0,0,16,133,0,binary_only,7.1702,0,12.168120899936184
scm1d,193,490,1961,16,0.1,0,0,0,16,136,0,binary_only,7.2731,0,12.124313900014386
scm1d,194,490,1961,16,0.1,0,0,0,16,135,0,binary_only,7.3682,0,12.342845499981195
scm1d,195,490,1961,16,0.1,0,0,0,16,135,0,binary_only,7.3774,0,12.142043499974534
scm1d,196,490,1961,16,0.1,0,0,0,16,135,0,binary_only,7.0926,0,12.103158500045538
scm1d,197,490,1961,16,0.1,0,0,0,16,139,0,binary_only,7.5493,0,11.977111599873751
scm1d,198,490,1961,16,0.1,0,0,0,16,140,0,binary_only,7.4697,0,11.680414499947801
scm1d,199,490,1961,16,0.1,0,0,0,16,133,0,binary_only,6.9393,0,11.154680999927223
scm20d,0,448,1794,16,0.1,0,0,0,16,131,0,binary_only,6.2418,0,5.048244799952954
scm20d,1,448,1794,16,0.1,0,0,0,16,132,0,binary_only,7.2019,0,5.378079100046307
scm20d,2,448,1794,16,0.1,0,0,0,16,136,0,binary_only,7.1822,0,5.281856699846685
scm20d,3,448,1794,16,0.1,0,0,0,16,134,0,binary_only,7.1655,0,5.285176699981093
scm20d,4,448,1794,16,0.1,0,0,0,16,135,0,binary_only,7.1754,0,5.021015899954364
scm20d,5,448,1794,16,0.1,0,0,0,16,133,0,binary_only,7.3973,0,5.029224700061604
scm20d,6,448,1794,16,0.1,0,0,0,16,135,0,binary_only,6.9011,0,4.949982499936596
scm20d,7,448,1794,16,0.1,0,0,0,16,141,0,binary_only,7.5667,0,5.05292829987593
scm20d,8,448,1794,16,0.1,0,0,0,16,138,0,binary_only,7.4211,0,5.250336800003424
scm20d,9,448,1794,16,0.1,0,0,0,16,136,0,binary_only,7.1626,0,5.157501199981198
scm20d,10,448,1794,16,0.1,0,0,0,16,138,0,binary_only,7.4952,0,5.14832690008916
scm20d,11,448,1794,16,0.1,0,0,0,16,134,0,binary_only,6.776,0,5.081432499922812
scm20d,12,448,1794,16,0.1,0,0,0,16,135,0,binary_only,6.9883,0,5.105240999953821
scm20d,13,448,1794,16,0.1,0,0,0,16,134,0,binary_only,7.1635,0,5.180121199926361
scm20d,14,448,1794,16,0.1,0,0,0,16,133,0,binary_only,6.8284,0,5.276512400014326
scm20d,15,448,1794,16,0.1,0,0,0,16,136,0,binary_only,7.0219,0,5.220330500043929
scm20d,16,448,1794,16,0.1,0,0,0,16,140,0,binary_only,7.8358,0,5.148928700014949
scm20d,17,448,1794,16,0.1,0,0,0,16,134,0,binary_only,6.6948,0,5.246582800056785
scm20d,18,448,1794,16,0.1,0,0,0,16,138,0,binary_only,7.6637,0,5.512726100161672
scm20d,19,448,1794,16,0.1,0,0,0,16,140,0,binary_only,7.0582,0,5.116992099909112
scm20d,20,448,1794,16,0.1,0,0,0,16,137,0,binary_only,6.7744,0,5.068204100010917
scm20d,21,448,1794,16,0.1,0,0,0,16,139,0,binary_only,7.6,0,5.063796000089496
scm20d,22,448,1794,16,0.1,0,0,0,16,133,0,binary_only,6.6364,0,5.011039200006053
scm20d,23,448,1794,16,0.1,0,0,0,16,139,0,binary_only,7.6101,0,5.143418699968606
scm20d,24,448,1794,16,0.1,0,0,0,16,135,0,binary_only,7.1778,0,5.347136200172827
scm20d,25,448,1794,16,0.1,0,0,0,16,135,0,binary_only,7.3236,0,5.306999000022188
scm20d,26,448,1794,16,0.1,0,0,0,16,133,0,binary_only,6.7956,0,5.226668399991468
scm20d,27,448,1794,16,0.1,0,0,0,16,138,0,binary_only,7.4191,0,5.149996399879456
scm20d,28,448,1794,16,0.1,0,0,0,16,135,0,binary_only,6.8486,0,5.200341299874708
scm20d,29,448,1794,16,0.1,0,0,0,16,136,0,binary_only,6.8616,0,5.266228100052103
scm20d,30,448,1794,16,0.1,0,0,0,16,134,0,binary_only,6.6439,0,5.204111699946225
scm20d,31,448,1794,16,0.1,0,0,0,16,133,0,binary_only,6.9172,0,5.228409899864346
scm20d,32,448,1794,16,0.1,0,0,0,16,139,0,binary_only,7.4184,0,5.25504449987784
scm20d,33,448,1794,16,0.1,0,0,0,16,139,0,binary_only,7.2578,0,5.212451099883765
scm20d,34,448,1794,16,0.1,0,0,0,16,132,0,binary_only,6.6778,0,5.180511699989438
scm20d,35,448,1794,16,0.1,0,0,0,16,134,0,binary_only,7.1122,0,5.075850700028241
scm20d,36,448,1794,16,0.1,0,0,0,16,137,0,binary_only,7.7175,0,5.058476899983361
scm20d,37,448,1794,16,0.1,0,0,0,16,133,0,binary_only,6.9561,0,4.994989000027999
scm20d,38,448,1794,16,0.1,0,0,0,16,139,0,binary_only,7.3589,0,5.033929000142962
scm20d,39,448,1794,16,0.1,0,0,0,16,132,0,binary_only,6.4682,0,5.012585600139573
scm20d,40,448,1794,16,0.1,0,0,0,16,137,0,binary_only,7.2077,0,5.040107800159603
scm20d,41,448,1794,16,0.1,0,0,0,16,135,0,binary_only,7.238,0,5.101505800150335
scm20d,42,448,1794,16,0.1,0,0,0,16,134,0,binary_only,6.7891,0,5.025803399970755
scm20d,43,448,1794,16,0.1,0,0,0,16,137,0,binary_only,7.4227,0,5.018669800134376
scm20d,44,448,1794,16,0.1,0,0,0,16,132,0,binary_only,7.0514,0,5.081790100084618
scm20d,45,448,1794,16,0.1,0,0,0,16,139,0,binary_only,7.7671,0,5.13954810006544
scm20d,46,448,1794,16,0.1,0,0,0,16,136,0,binary_only,7.8211,0,5.053883800050244
scm20d,47,448,1794,16,0.1,0,0,0,16,133,0,binary_only,6.8693,0,5.128968100063503
scm20d,48,448,1794,16,0.1,0,0,0,16,137,0,binary_only,7.3638,0,5.130007599946111
scm20d,49,448,1794,16,0.1,0,0,0,16,136,0,binary_only,6.989,0,5.015406199963763
scm20d,50,448,1794,16,0.1,0,0,0,16,137,0,binary_only,7.1765,0,4.899578999960795
scm20d,51,448,1794,16,0.1,0,0,0,16,136,0,binary_only,6.915,0,4.972305500181392
scm20d,52,448,1794,16,0.1,0,0,0,16,136,0,binary_only,7.0324,0,5.023113499861211
scm20d,53,448,1794,16,0.1,0,0,0,16,135,0,binary_only,6.9508,0,5.061945700086653
scm20d,54,448,1794,16,0.1,0,0,0,16,136,0,binary_only,6.9841,0,5.012857099995017
scm20d,55,448,1794,16,0.1,0,0,0,16,137,0,binary_only,7.311,0,5.064591699978337
scm20d,56,448,1794,16,0.1,0,0,0,16,138,0,binary_only,7.0421,0,5.068994899978861
scm20d,57,448,1794,16,0.1,0,0,0,16,136,0,binary_only,7.0748,0,5.0579517998266965
scm20d,58,448,1794,16,0.1,0,0,0,16,134,0,binary_only,7.634,0,4.963387200143188
scm20d,59,448,1794,16,0.1,0,0,0,16,135,0,binary_only,7.0564,0,5.210070700151846
scm20d,60,448,1794,16,0.1,0,0,0,16,138,0,binary_only,6.9931,0,4.9899824999738485
scm20d,61,448,1794,16,0.1,0,0,0,16,138,0,binary_only,7.2647,0,5.081121099879965
scm20d,62,448,1794,16,0.1,0,0,0,16,140,0,binary_only,7.5681,0,5.003334600012749
scm20d,63,448,1794,16,0.1,0,0,0,16,137,0,binary_only,7.0897,0,4.958721400005743
scm20d,64,448,1794,16,0.1,0,0,0,16,135,0,binary_only,7.0318,0,5.011849700007588
scm20d,65,448,1794,16,0.1,0,0,0,16,136,0,binary_only,6.896,0,5.039914299966767
scm20d,66,448,1794,16,0.1,0,0,0,16,136,0,binary_only,6.7147,0,5.034996300004423
scm20d,67,448,1794,16,0.1,0,0,0,16,134,0,binary_only,6.8772,0,5.003733899910003
scm20d,68,448,1794,16,0.1,0,0,0,16,130,0,binary_only,6.7679,0,4.953544199932367
scm20d,69,448,1794,16,0.1,0,0,0,16,134,0,binary_only,6.5905,0,4.9311184999533
scm20d,70,448,1794,16,0.1,0,0,0,16,135,0,binary_only,6.8898,0,5.105019399896264
scm20d,71,448,1794,16,0.1,0,0,0,16,136,0,binary_only,7.3485,0,5.092332500033081
scm20d,72,448,1794,16,0.1,0,0,0,16,135,0,binary_only,7.0095,0,5.091206799959764
scm20d,73,448,1794,16,0.1,0,0,0,16,139,0,binary_only,7.4831,0,5.2835867998655885
scm20d,74,448,1794,16,0.1,0,0,0,16,131,0,binary_only,6.6301,0,5.036137999966741
scm20d,75,448,1794,16,0.1,0,0,0,16,135,0,binary_only,6.918,0,5.1668877000920475
scm20d,76,448,1794,16,0.1,0,0,0,16,137,0,binary_only,7.0113,0,5.069772300077602
scm20d,77,448,1794,16,0.1,0,0,0,16,134,0,binary_only,6.7468,0,5.042144299950451
scm20d,78,448,1794,16,0.1,0,0,0,16,135,0,binary_only,7.2143,0,5.074853100115433
scm20d,79,448,1794,16,0.1,0,0,0,16,134,0,binary_only,7.1524,0,5.005693800048903
scm20d,80,448,1794,16,0.1,0,0,0,16,135,0,binary_only,7.4393,0,4.998196499887854
scm20d,81,448,1794,16,0.1,0,0,0,16,135,0,binary_only,7.0996,0,5.0784456001129
scm20d,82,448,1794,16,0.1,0,0,0,16,136,0,binary_only,7.3044,0,5.100274800090119
scm20d,83,448,1794,16,0.1,0,0,0,16,137,0,binary_only,7.2061,0,5.083523999899626
scm20d,84,448,1794,16,0.1,0,0,0,16,132,0,binary_only,6.6991,0,5.0469712999183685
scm20d,85,448,1794,16,0.1,0,0,0,16,134,0,binary_only,7.3337,0,5.129834400024265
scm20d,86,448,1794,16,0.1,0,0,0,16,138,0,binary_only,7.3924,0,5.138081599958241
scm20d,87,448,1794,16,0.1,0,0,0,16,138,0,binary_only,7.1089,0,5.0819685000460595
scm20d,88,448,1794,16,0.1,0,0,0,16,140,0,binary_only,7.8773,0,4.9617486000061035
scm20d,89,448,1794,16,0.1,0,0,0,16,138,0,binary_only,7.4794,0,5.234126500086859
scm20d,90,448,1794,16,0.1,0,0,0,16,136,0,binary_only,6.9333,0,5.006397699937224
scm20d,91,448,1794,16,0.1,0,0,0,16,137,0,binary_only,7.0102,0,5.191489899996668
scm20d,92,448,1794,16,0.1,0,0,0,16,137,0,binary_only,6.9013,0,5.140375399962068
scm20d,93,448,1794,16,0.1,0,0,0,16,133,0,binary_only,7.2491,0,5.035716600017622
scm20d,94,448,1794,16,0.1,0,0,0,16,132,0,binary_only,6.9386,0,5.066079899901524
scm20d,95,448,1794,16,0.1,0,0,0,16,137,0,binary_only,7.1703,0,5.0618161000311375
scm20d,96,448,1794,16,0.1,0,0,0,16,136,0,binary_only,6.979,0,4.974430700065568
scm20d,97,448,1794,16,0.1,0,0,0,16,138,0,binary_only,6.984,0,4.983971699839458
scm20d,98,448,1794,16,0.1,0,0,0,16,137,0,binary_only,7.4316,0,5.013138200156391
scm20d,99,448,1794,16,0.1,0,0,0,16,137,0,binary_only,7.0648,0,5.025829200167209
scm20d,100,448,1794,16,0.1,0,0,0,16,138,0,binary_only,7.3473,0,5.0458092000335455
scm20d,101,448,1794,16,0.1,0,0,0,16,134,0,binary_only,7.3645,0,5.031026100041345
scm20d,102,448,1794,16,0.1,0,0,0,16,135,0,binary_only,7.0721,0,5.00797070004046
scm20d,103,448,1794,16,0.1,0,0,0,16,135,0,binary_only,7.5355,0,4.998815200058743
scm20d,104,448,1794,16,0.1,0,0,0,16,138,0,binary_only,7.5035,0,4.976847399957478
scm20d,105,448,1794,16,0.1,0,0,0,16,134,0,binary_only,7.1838,0,4.980862200027332
scm20d,106,448,1794,16,0.1,0,0,0,16,136,0,binary_only,7.1052,0,5.053858400089666
scm20d,107,448,1794,16,0.1,0,0,0,16,136,0,binary_only,6.9521,0,4.990431600017473
scm20d,108,448,1794,16,0.1,0,0,0,16,138,0,binary_only,7.1464,0,5.16204039985314
scm20d,109,448,1794,16,0.1,0,0,0,16,139,0,binary_only,7.1799,0,5.064347099978477
scm20d,110,448,1794,16,0.1,0,0,0,16,135,0,binary_only,6.9578,0,5.026265799999237
scm20d,111,448,1794,16,0.1,0,0,0,16,135,0,binary_only,6.9655,0,5.0434976001270115
scm20d,112,448,1794,16,0.1,0,0,0,16,134,0,binary_only,6.8857,0,5.030691700056195
scm20d,113,448,1794,16,0.1,0,0,0,16,134,0,binary_only,7.1693,0,5.012538800016046
scm20d,114,448,1794,16,0.1,0,0,0,16,135,0,binary_only,6.9228,0,5.067926999880001
scm20d,115,448,1794,16,0.1,0,0,0,16,138,0,binary_only,7.2518,0,5.073486200068146
scm20d,116,448,1794,16,0.1,0,0,0,16,139,0,binary_only,7.3969,0,5.069196500116959
scm20d,117,448,1794,16,0.1,0,0,0,16,139,0,binary_only,7.2686,0,5.054834000067785
scm20d,118,448,1794,16,0.1,0,0,0,16,138,0,binary_only,7.0463,0,5.0633878000080585
scm20d,119,448,1794,16,0.1,0,0,0,16,139,0,binary_only,7.5731,0,5.134860999882221
scm20d,120,448,1794,16,0.1,0,0,0,16,135,0,binary_only,6.8126,0,5.052827900042757
scm20d,121,448,1794,16,0.1,0,0,0,16,138,0,binary_only,7.2405,0,5.176026899833232
scm20d,122,448,1794,16,0.1,0,0,0,16,133,0,binary_only,7.0896,0,5.140396500006318
scm20d,123,448,1794,16,0.1,0,0,0,16,133,0,binary_only,6.7478,0,5.213291499996558
scm20d,124,448,1794,16,0.1,0,0,0,16,134,0,binary_only,7.1069,0,5.160486999899149
scm20d,125,448,1794,16,0.1,0,0,0,16,138,0,binary_only,7.7926,0,5.223694699816406
scm20d,126,448,1794,16,0.1,0,0,0,16,132,0,binary_only,6.4832,0,5.10513829998672
scm20d,127,448,1794,16,0.1,0,0,0,16,132,0,binary_only,6.772,0,5.056397499982268
scm20d,128,448,1794,16,0.1,0,0,0,16,131,0,binary_only,6.5505,0,5.089882000116631
scm20d,129,448,1794,16,0.1,0,0,0,16,138,0,binary_only,7.6527,0,5.330053800018504
scm20d,130,448,1794,16,0.1,0,0,0,16,140,0,binary_only,7.4086,0,5.373118200106546
scm20d,131,448,1794,16,0.1,0,0,0,16,136,0,binary_only,6.8659,0,5.155388799961656
scm20d,132,448,1794,16,0.1,0,0,0,16,137,0,binary_only,7.4418,0,5.117070300038904
scm20d,133,448,1794,16,0.1,0,0,0,16,137,0,binary_only,7.2111,0,5.077623900026083
scm20d,134,448,1794,16,0.1,0,0,0,16,139,0,binary_only,7.9227,0,5.148258399916813
scm20d,135,448,1794,16,0.1,0,0,0,16,137,0,binary_only,7.121,0,5.005443700123578
scm20d,136,448,1794,16,0.1,0,0,0,16,136,0,binary_only,7.3184,0,4.972114400006831
scm20d,137,448,1794,16,0.1,0,0,0,16,136,0,binary_only,7.0446,0,5.2208443998824805
scm20d,138,448,1794,16,0.1,0,0,0,16,136,0,binary_only,7.2798,0,5.110569900134578
scm20d,139,448,1794,16,0.1,0,0,0,16,132,0,binary_only,6.6016,0,5.098614800022915
scm20d,140,448,1794,16,0.1,0,0,0,16,136,0,binary_only,6.9,0,5.094554400071502
scm20d,141,448,1794,16,0.1,0,0,0,16,132,0,binary_only,7.2452,0,5.060761000029743
scm20d,142,448,1794,16,0.1,0,0,0,16,133,0,binary_only,6.8087,0,5.045583700062707
scm20d,143,448,1794,16,0.1,0,0,0,16,136,0,binary_only,7.1794,0,5.0445509001147
scm20d,144,448,1794,16,0.1,0,0,0,16,131,0,binary_only,6.5768,0,5.007383899996057
scm20d,145,448,1794,16,0.1,0,0,0,16,134,0,binary_only,7.2265,0,5.0527572999708354
scm20d,146,448,1794,16,0.1,0,0,0,16,137,0,binary_only,7.08,0,5.067059299908578
scm20d,147,448,1794,16,0.1,0,0,0,16,139,0,binary_only,7.2315,0,4.991999400081113
scm20d,148,448,1794,16,0.1,0,0,0,16,134,0,binary_only,6.8001,0,5.053626100067049
scm20d,149,448,1794,16,0.1,0,0,0,16,136,0,binary_only,7.3507,0,5.116078299935907
scm20d,150,448,1794,16,0.1,0,0,0,16,135,0,binary_only,6.7164,0,5.0622568998951465
scm20d,151,448,1794,16,0.1,0,0,0,16,138,0,binary_only,7.0967,0,5.139420500025153
scm20d,152,448,1794,16,0.1,0,0,0,16,136,0,binary_only,7.7948,0,5.112068899907172
scm20d,153,448,1794,16,0.1,0,0,0,16,139,0,binary_only,7.2944,0,5.0403263999614865
scm20d,154,448,1794,16,0.1,0,0,0,16,136,0,binary_only,6.9748,0,5.121210400015116
scm20d,155,448,1794,16,0.1,0,0,0,16,139,0,binary_only,7.6631,0,5.137376300059259
scm20d,156,448,1794,16,0.1,0,0,0,16,133,0,binary_only,6.8661,0,5.112658299971372
scm20d,157,448,1794,16,0.1,0,0,0,16,136,0,binary_only,7.4108,0,5.079359600087628
scm20d,158,448,1794,16,0.1,0,0,0,16,137,0,binary_only,7.6634,0,5.0934683999512345
scm20d,159,448,1794,16,0.1,0,0,0,16,132,0,binary_only,6.3979,0,5.228093500016257
scm20d,160,448,1794,16,0.1,0,0,0,16,132,0,binary_only,6.2143,0,5.361276400042698
scm20d,161,448,1794,16,0.1,0,0,0,16,138,0,binary_only,7.5972,0,5.041421799920499
scm20d,162,448,1794,16,0.1,0,0,0,16,137,0,binary_only,6.7275,0,5.031443400075659
scm20d,163,448,1794,16,0.1,0,0,0,16,140,0,binary_only,7.3964,0,5.121437900001183
scm20d,164,448,1794,16,0.1,0,0,0,16,139,0,binary_only,7.7171,0,5.106524599948898
scm20d,165,448,1794,16,0.1,0,0,0,16,136,0,binary_only,6.7614,0,5.109505800064653
scm20d,166,448,1794,16,0.1,0,0,0,16,138,0,binary_only,7.5024,0,5.026581499958411
scm20d,167,448,1794,16,0.1,0,0,0,16,136,0,binary_only,6.6866,0,4.991804799996316
scm20d,168,448,1794,16,0.1,0,0,0,16,135,0,binary_only,7.0624,0,5.0941819997970015
scm20d,169,448,1794,16,0.1,0,0,0,16,133,0,binary_only,6.3213,0,5.130126399919391
scm20d,170,448,1794,16,0.1,0,0,0,16,135,0,binary_only,7.0856,0,5.066471199970692
scm20d,171,448,1794,16,0.1,0,0,0,16,136,0,binary_only,7.0476,0,5.196412099990994
scm20d,172,448,1794,16,0.1,0,0,0,16,135,0,binary_only,7.4769,0,5.044928800081834
scm20d,173,448,1794,16,0.1,0,0,0,16,134,0,binary_only,6.5905,0,5.043560199905187
scm20d,174,448,1794,16,0.1,0,0,0,16,134,0,binary_only,6.968,0,5.009088900173083
scm20d,175,448,1794,16,0.1,0,0,0,16,137,0,binary_only,7.5796,0,5.067278200061992
scm20d,176,448,1794,16,0.1,0,0,0,16,135,0,binary_only,7.0667,0,5.082898199791089
scm20d,177,448,1794,16,0.1,0,0,0,16,140,0,binary_only,7.7671,0,5.0332106000278145
scm20d,178,448,1794,16,0.1,0,0,0,16,137,0,binary_only,7.5773,0,5.005262899911031
scm20d,179,448,1794,16,0.1,0,0,0,16,132,0,binary_only,7.084,0,4.991772899869829
scm20d,180,448,1794,16,0.1,0,0,0,16,137,0,binary_only,7.2977,0,5.101967800175771
scm20d,181,448,1794,16,0.1,0,0,0,16,139,0,binary_only,7.4251,0,5.089510099962354
scm20d,182,448,1794,16,0.1,0,0,0,16,133,0,binary_only,7.2693,0,4.933805099921301
scm20d,183,448,1794,16,0.1,0,0,0,16,139,0,binary_only,7.1264,0,5.156718499958515
scm20d,184,448,1794,16,0.1,0,0,0,16,135,0,binary_only,6.5896,0,5.118861000053585
scm20d,185,448,1794,16,0.1,0,0,0,16,130,0,binary_only,6.318,0,5.077141100075096
scm20d,186,448,1794,16,0.1,0,0,0,16,138,0,binary_only,6.9431,0,5.011536499951035
scm20d,187,448,1794,16,0.1,0,0,0,16,131,0,binary_only,6.149,0,5.032490399898961
scm20d,188,448,1794,16,0.1,0,0,0,16,137,0,binary_only,7.1702,0,5.042127100052312
scm20d,189,448,1794,16,0.1,0,0,0,16,135,0,binary_only,7.2082,0,5.031672399956733
scm20d,190,448,1794,16,0.1,0,0,0,16,137,0,binary_only,7.5122,0,5.036640899954364
scm20d,191,448,1794,16,0.1,0,0,0,16,135,0,binary_only,6.8868,0,5.110052799805999
scm20d,192,448,1794,16,0.1,0,0,0,16,136,0,binary_only,6.9308,0,5.1338094000238925
scm20d,193,448,1794,16,0.1,0,0,0,16,140,0,binary_only,7.7749,0,5.045478699961677
scm20d,194,448,1794,16,0.1,0,0,0,16,134,0,binary_only,6.9996,0,5.007332699839026
scm20d,195,448,1794,16,0.1,0,0,0,16,137,0,binary_only,7.0365,0,5.139980900101364
scm20d,196,448,1794,16,0.1,0,0,0,16,137,0,binary_only,7.3319,0,5.01295300014317
scm20d,197,448,1794,16,0.1,0,0,0,16,136,0,binary_only,7.1594,0,5.065566200064495
scm20d,198,448,1794,16,0.1,0,0,0,16,137,0,binary_only,7.2108,0,4.953052599914372
scm20d,199,448,1794,16,0.1,0,0,0,16,136,0,binary_only,6.9255,0,4.821370200021192
energy,0,38,154,2,0.1,0,0,0,2,10,0,binary_only,0.4819,0,0.28106870013289154
energy,1,38,154,2,0.1,0,0,0,2,10,0,binary_only,0.4402,0,0.2956407000310719
energy,2,38,154,2,0.1,0,0,0,2,10,0,binary_only,0.4507,0,0.26114060007967055
energy,3,38,154,2,0.1,0,0,0,2,10,0,binary_only,0.4649,0,0.2974221999756992
energy,4,38,154,2,0.1,0,0,0,2,10,0,binary_only,0.5249,0,0.2751179998740554
energy,5,38,154,2,0.1,0,0,0,2,10,0,binary_only,0.5106,0,0.24894220009446144
energy,6,38,154,2,0.1,0,0,0,2,10,0,binary_only,0.5008,0,0.2635273998603225
energy,7,38,154,2,0.1,0,0,0,2,10,0,binary_only,0.42,0,0.2741504998411983
energy,8,38,154,2,0.1,0,0,0,2,11,0,binary_only,0.5152,0,0.28616350004449487
energy,9,38,154,2,0.1,0,0,0,2,10,0,binary_only,0.4579,0,0.2683804000262171
energy,10,38,154,2,0.1,0,0,0,2,10,0,binary_only,0.4036,0,0.2598572000861168
energy,11,38,154,2,0.1,0,0,0,2,10,0,binary_only,0.4679,0,0.2755825000349432
energy,12,38,154,2,0.1,0,0,0,2,10,0,binary_only,0.4466,0,0.28606409998610616
energy,13,38,154,2,0.1,0,0,0,2,10,0,binary_only,0.4357,0,0.2869724999181926
energy,14,38,154,2,0.1,0,0,0,2,10,0,binary_only,0.491,0,0.2760870000347495
energy,15,38,154,2,0.1,0,0,0,2,10,0,binary_only,0.4197,0,0.3023170998785645
energy,16,38,154,2,0.1,0,0,0,2,10,0,binary_only,0.4331,0,0.26851360010914505
energy,17,38,154,2,0.1,0,0,0,2,10,0,binary_only,0.4342,0,0.24569060001522303
energy,18,38,154,2,0.1,0,0,0,2,10,0,binary_only,0.4258,0,0.3143398999236524
energy,19,38,154,2,0.1,0,0,0,2,10,0,binary_only,0.5572,0,0.2759602000005543
energy,20,38,154,2,0.1,0,0,0,2,10,0,binary_only,0.5278,0,0.260861000046134
energy,21,38,154,2,0.1,0,0,0,2,10,0,binary_only,0.6234,0,0.259307200089097
energy,22,38,154,2,0.1,0,0,0,2,10,0,binary_only,0.4771,0,0.257022799924016
energy,23,38,154,2,0.1,0,0,0,2,10,0,binary_only,0.5154,0,0.27904579997994006
energy,24,38,154,2,0.1,0,0,0,2,10,0,binary_only,0.4518,0,0.2578549000900239
energy,25,38,154,2,0.1,0,0,0,2,10,0,binary_only,0.5158,0,0.25307380012236536
energy,26,38,154,2,0.1,0,0,0,2,10,0,binary_only,0.4719,0,0.28940610005520284
energy,27,38,154,2,0.1,0,0,0,2,10,0,binary_only,0.4803,0,0.25637380010448396
energy,28,38,154,2,0.1,0,0,0,2,10,0,binary_only,0.5061,0,0.2626805999316275
energy,29,38,154,2,0.1,0,0,0,2,10,0,binary_only,0.54,0,0.2724879998713732
energy,30,38,154,2,0.1,0,0,0,2,10,0,binary_only,0.5111,0,0.2652146997861564
energy,31,38,154,2,0.1,0,0,0,2,10,0,binary_only,0.4832,0,0.2651261000428349
energy,32,38,154,2,0.1,0,0,0,2,9,0,binary_only,0.4446,0,0.26477560005150735
energy,33,38,154,2,0.1,0,0,0,2,10,0,binary_only,0.4867,0,0.23886620020493865
energy,34,38,154,2,0.1,0,0,0,2,10,0,binary_only,0.4457,0,0.24573510000482202
energy,35,38,154,2,0.1,0,0,0,2,10,0,binary_only,0.5055,0,0.25945360003970563
energy,36,38,154,2,0.1,0,0,0,2,10,0,binary_only,0.4423,0,0.28343879990279675
energy,37,38,154,2,0.1,0,0,0,2,10,0,binary_only,0.4248,0,0.25637700012885034
energy,38,38,154,2,0.1,0,0,0,2,9,0,binary_only,0.4623,0,0.24243290000595152
energy,39,38,154,2,0.1,0,0,0,2,10,0,binary_only,0.5242,0,0.2716471999883652
energy,40,38,154,2,0.1,0,0,0,2,10,0,binary_only,0.463,0,0.24045610008761287
energy,41,38,154,2,0.1,0,0,0,2,9,0,binary_only,0.4472,0,0.256216200068593
energy,42,38,154,2,0.1,0,0,0,2,10,0,binary_only,0.4435,0,0.2693120001349598
energy,43,38,154,2,0.1,0,0,0,2,10,0,binary_only,0.4349,0,0.2655978000257164
energy,44,38,154,2,0.1,0,0,0,2,10,0,binary_only,0.4252,0,0.26921349996700883
energy,45,38,154,2,0.1,0,0,0,2,10,0,binary_only,0.4335,0,0.26699639996513724
energy,46,38,154,2,0.1,0,0,0,2,11,0,binary_only,0.4758,0,0.2710345999803394
energy,47,38,154,2,0.1,0,0,0,2,10,0,binary_only,0.4332,0,0.25057379994541407
energy,48,38,154,2,0.1,0,0,0,2,10,0,binary_only,0.4251,0,0.24872540007345378
energy,49,38,154,2,0.1,0,0,0,2,10,0,binary_only,0.3666,0,0.25988190015777946
energy,50,38,154,2,0.1,0,0,0,2,9,0,binary_only,0.413,0,0.24998899991624057
energy,51,38,154,2,0.1,0,0,0,2,10,0,binary_only,0.4977,0,0.2750190000515431
energy,52,38,154,2,0.1,0,0,0,2,10,0,binary_only,0.4157,0,0.23376650013960898
energy,53,38,154,2,0.1,0,0,0,2,10,0,binary_only,0.4442,0,0.26928269979543984
energy,54,38,154,2,0.1,0,0,0,2,10,0,binary_only,0.4548,0,0.2759221999440342
energy,55,38,154,2,0.1,0,0,0,2,10,0,binary_only,0.4649,0,0.24227629997767508
energy,56,38,154,2,0.1,0,0,0,2,10,0,binary_only,0.565,0,0.26014379994012415
energy,57,38,154,2,0.1,0,0,0,2,10,0,binary_only,0.518,0,0.2557071999181062
energy,58,38,154,2,0.1,0,0,0,2,10,0,binary_only,0.4473,0,0.261075499933213
energy,59,38,154,2,0.1,0,0,0,2,10,0,binary_only,0.4561,0,0.27970890002325177
energy,60,38,154,2,0.1,0,0,0,2,10,0,binary_only,0.517,0,0.24926220020279288
energy,61,38,154,2,0.1,0,0,0,2,10,0,binary_only,0.4611,0,0.2658707001246512
energy,62,38,154,2,0.1,0,0,0,2,10,0,binary_only,0.4183,0,0.25689940014854074
energy,63,38,154,2,0.1,0,0,0,2,10,0,binary_only,0.4432,0,0.24310369999147952
energy,64,38,154,2,0.1,0,0,0,2,10,0,binary_only,0.4582,0,0.2731393000576645
energy,65,38,154,2,0.1,0,0,0,2,9,0,binary_only,0.4119,0,0.27467009983956814
energy,66,38,154,2,0.1,0,0,0,2,10,0,binary_only,0.4229,0,0.2667344999499619
energy,67,38,154,2,0.1,0,0,0,2,10,0,binary_only,0.4452,0,0.28780129994265735
energy,68,38,154,2,0.1,0,0,0,2,10,0,binary_only,0.4452,0,0.28011479997076094
energy,69,38,154,2,0.1,0,0,0,2,10,0,binary_only,0.417,0,0.24776019994169474
energy,70,38,154,2,0.1,0,0,0,2,10,0,binary_only,0.4755,0,0.26631119986996055
energy,71,38,154,2,0.1,0,0,0,2,10,0,binary_only,0.4864,0,0.27016060007736087
energy,72,38,154,2,0.1,0,0,0,2,10,0,binary_only,0.4227,0,0.27779640001244843
energy,73,38,154,2,0.1,0,0,0,2,9,0,binary_only,0.4343,0,0.2706206999719143
energy,74,38,154,2,0.1,0,0,0,2,10,0,binary_only,0.4851,0,0.25934770004823804
energy,75,38,154,2,0.1,0,0,0,2,10,0,binary_only,0.5319,0,0.27864759997464716
energy,76,38,154,2,0.1,0,0,0,2,10,0,binary_only,0.5051,0,0.25810229987837374
energy,77,38,154,2,0.1,0,0,0,2,10,0,binary_only,0.495,0,0.25009889993816614
energy,78,38,154,2,0.1,0,0,0,2,10,0,binary_only,0.4222,0,0.26912819989956915
energy,79,38,154,2,0.1,0,0,0,2,9,0,binary_only,0.39,0,0.2339253998361528
energy,80,38,154,2,0.1,0,0,0,2,10,0,binary_only,0.4231,0,0.26614830014295876
energy,81,38,154,2,0.1,0,0,0,2,10,0,binary_only,0.4758,0,0.2630737000145018
energy,82,38,154,2,0.1,0,0,0,2,11,0,binary_only,0.4711,0,0.273609499912709
energy,83,38,154,2,0.1,0,0,0,2,10,0,binary_only,0.6049,0,0.26117580011487007
energy,84,38,154,2,0.1,0,0,0,2,10,0,binary_only,0.4635,0,0.2482626000419259
energy,85,38,154,2,0.1,0,0,0,2,10,0,binary_only,0.441,0,0.2587071000598371
energy,86,38,154,2,0.1,0,0,0,2,10,0,binary_only,0.4987,0,0.24864099989645183
energy,87,38,154,2,0.1,0,0,0,2,10,0,binary_only,0.4826,0,0.2572937000077218
energy,88,38,154,2,0.1,0,0,0,2,10,0,binary_only,0.4355,0,0.2626925001386553
energy,89,38,154,2,0.1,0,0,0,2,10,0,binary_only,0.4723,0,0.28038699994795024
energy,90,38,154,2,0.1,0,0,0,2,10,0,binary_only,0.4633,0,0.26095240004360676
energy,91,38,154,2,0.1,0,0,0,2,10,0,binary_only,0.4536,0,0.2696173000149429
energy,92,38,154,2,0.1,0,0,0,2,10,0,binary_only,0.4451,0,0.28236970002762973
energy,93,38,154,2,0.1,0,0,0,2,10,0,binary_only,0.4374,0,0.25329050002619624
energy,94,38,154,2,0.1,0,0,0,2,10,0,binary_only,0.4664,0,0.25662429980002344
energy,95,38,154,2,0.1,0,0,0,2,10,0,binary_only,0.4704,0,0.2639556999783963
energy,96,38,154,2,0.1,0,0,0,2,10,0,binary_only,0.4492,0,0.2480196999385953
energy,97,38,154,2,0.1,0,0,0,2,11,0,binary_only,0.5059,0,0.2428229998331517
energy,98,38,154,2,0.1,0,0,0,2,10,0,binary_only,0.4143,0,0.27339309989474714
energy,99,38,154,2,0.1,0,0,0,2,10,0,binary_only,0.4573,0,0.2456123000010848
energy,100,38,154,2,0.1,0,0,0,2,10,0,binary_only,0.4381,0,0.2619723998941481
energy,101,38,154,2,0.1,0,0,0,2,10,0,binary_only,0.4928,0,0.27152399998158216
energy,102,38,154,2,0.1,0,0,0,2,10,0,binary_only,0.4664,0,0.24801839981228113
energy,103,38,154,2,0.1,0,0,0,2,9,0,binary_only,0.4518,0,0.24904850008897483
energy,104,38,154,2,0.1,0,0,0,2,10,0,binary_only,0.458,0,0.26005679997615516
energy,105,38,154,2,0.1,0,0,0,2,10,0,binary_only,0.4573,0,0.24365970003418624
energy,106,38,154,2,0.1,0,0,0,2,10,0,binary_only,0.4321,0,0.27566209994256496
energy,107,38,154,2,0.1,0,0,0,2,10,0,binary_only,0.4548,0,0.2564499999862164
energy,108,38,154,2,0.1,0,0,0,2,10,0,binary_only,0.4173,0,0.2619477000553161
energy,109,38,154,2,0.1,0,0,0,2,10,0,binary_only,0.4439,0,0.2573409001342952
energy,110,38,154,2,0.1,0,0,0,2,10,0,binary_only,0.4831,0,0.25648050010204315
energy,111,38,154,2,0.1,0,0,0,2,9,0,binary_only,0.4344,0,0.25299050007015467
energy,112,38,154,2,0.1,0,0,0,2,10,0,binary_only,0.4585,0,0.2576917000114918
energy,113,38,154,2,0.1,0,0,0,2,10,0,binary_only,0.4384,0,0.26836099987849593
energy,114,38,154,2,0.1,0,0,0,2,10,0,binary_only,0.4252,0,0.2704342999495566
energy,115,38,154,2,0.1,0,0,0,2,10,0,binary_only,0.5025,0,0.27448550006374717
energy,116,38,154,2,0.1,0,0,0,2,10,0,binary_only,0.4604,0,0.2825046998914331
energy,117,38,154,2,0.1,0,0,0,2,10,0,binary_only,0.4491,0,0.2621760000474751
energy,118,38,154,2,0.1,0,0,0,2,10,0,binary_only,0.4191,0,0.28395409998483956
energy,119,38,154,2,0.1,0,0,0,2,10,0,binary_only,0.4185,0,0.2756157999392599
energy,120,38,154,2,0.1,0,0,0,2,10,0,binary_only,0.4301,0,0.2466634998563677
energy,121,38,154,2,0.1,0,0,0,2,10,0,binary_only,0.5116,0,0.2647210001014173
energy,122,38,154,2,0.1,0,0,0,2,10,0,binary_only,0.4517,0,0.30186029989272356
energy,123,38,154,2,0.1,0,0,0,2,10,0,binary_only,0.4518,0,0.26371690002270043
energy,124,38,154,2,0.1,0,0,0,2,10,0,binary_only,0.4937,0,0.3105839998461306
energy,125,38,154,2,0.1,0,0,0,2,10,0,binary_only,0.492,0,0.2659163000062108
energy,126,38,154,2,0.1,0,0,0,2,10,0,binary_only,0.4732,0,0.2574462001211941
energy,127,38,154,2,0.1,0,0,0,2,10,0,binary_only,0.5005,0,0.2864772998727858
energy,128,38,154,2,0.1,0,0,0,2,9,0,binary_only,0.4252,0,0.25819350010715425
energy,129,38,154,2,0.1,0,0,0,2,10,0,binary_only,0.4268,0,0.2545797999482602
energy,130,38,154,2,0.1,0,0,0,2,8,0,binary_only,0.3485,0,0.30019960016943514
energy,131,38,154,2,0.1,0,0,0,2,10,0,binary_only,0.4633,0,0.2644303000997752
energy,132,38,154,2,0.1,0,0,0,2,10,0,binary_only,0.5038,0,0.2678305001463741
energy,133,38,154,2,0.1,0,0,0,2,10,0,binary_only,0.4546,0,0.28079860005527735
energy,134,38,154,2,0.1,0,0,0,2,10,0,binary_only,0.4708,0,0.26373889995738864
energy,135,38,154,2,0.1,0,0,0,2,10,0,binary_only,0.4288,0,0.26456099981442094
energy,136,38,154,2,0.1,0,0,0,2,10,0,binary_only,0.4412,0,0.26975159998983145
energy,137,38,154,2,0.1,0,0,0,2,10,0,binary_only,0.5609,0,0.26561430003494024
energy,138,38,154,2,0.1,0,0,0,2,10,0,binary_only,0.459,0,0.25873630004934967
energy,139,38,154,2,0.1,0,0,0,2,10,0,binary_only,0.4469,0,0.256808300036937
energy,140,38,154,2,0.1,0,0,0,2,10,0,binary_only,0.4538,0,0.2686434998176992
energy,141,38,154,2,0.1,0,0,0,2,10,0,binary_only,0.4579,0,0.24527659988962114
energy,142,38,154,2,0.1,0,0,0,2,10,0,binary_only,0.659,0,0.2569438999053091
energy,143,38,154,2,0.1,0,0,0,2,9,0,binary_only,0.3855,0,0.24496039981022477
energy,144,38,154,2,0.1,0,0,0,2,9,0,binary_only,0.527,0,0.24841500003822148
energy,145,38,154,2,0.1,0,0,0,2,10,0,binary_only,0.4744,0,0.26124699995853007
energy,146,38,154,2,0.1,0,0,0,2,10,0,binary_only,0.4853,0,0.3152116001583636
energy,147,38,154,2,0.1,0,0,0,2,10,0,binary_only,0.4754,0,0.26517540006898344
energy,148,38,154,2,0.1,0,0,0,2,10,0,binary_only,0.5094,0,0.2592543000355363
energy,149,38,154,2,0.1,0,0,0,2,10,0,binary_only,0.4343,0,0.24265170004218817
energy,150,38,154,2,0.1,0,0,0,2,10,0,binary_only,0.439,0,0.26679820008575916
energy,151,38,154,2,0.1,0,0,0,2,10,0,binary_only,0.4502,0,0.27561490004882216
energy,152,38,154,2,0.1,0,0,0,2,10,0,binary_only,0.4475,0,0.2676608001347631
energy,153,38,154,2,0.1,0,0,0,2,10,0,binary_only,0.4281,0,0.24785110005177557
energy,154,38,154,2,0.1,0,0,0,2,10,0,binary_only,0.4256,0,0.2612204998731613
energy,155,38,154,2,0.1,0,0,0,2,10,0,binary_only,0.4383,0,0.2613623000215739
energy,156,38,154,2,0.1,0,0,0,2,10,0,binary_only,0.4514,0,0.24166070017963648
energy,157,38,154,2,0.1,0,0,0,2,10,0,binary_only,0.4939,0,0.27130990009754896
energy,158,38,154,2,0.1,0,0,0,2,10,0,binary_only,0.4817,0,0.24876950006000698
energy,159,38,154,2,0.1,0,0,0,2,9,0,binary_only,0.4522,0,0.25588169996626675
energy,160,38,154,2,0.1,0,0,0,2,10,0,binary_only,0.4394,0,0.2943849000148475
energy,161,38,154,2,0.1,0,0,0,2,10,0,binary_only,0.4283,0,0.25153320003300905
energy,162,38,154,2,0.1,0,0,0,2,10,0,binary_only,0.5162,0,0.2812680001370609
energy,163,38,154,2,0.1,0,0,0,2,10,0,binary_only,0.4504,0,0.26518909982405603
energy,164,38,154,2,0.1,0,0,0,2,10,0,binary_only,0.4423,0,0.2564918000716716
energy,165,38,154,2,0.1,0,0,0,2,9,0,binary_only,0.5795,0,0.2635262000840157
energy,166,38,154,2,0.1,0,0,0,2,10,0,binary_only,0.4755,0,0.258109699934721
energy,167,38,154,2,0.1,0,0,0,2,10,0,binary_only,0.412,0,0.2723248000256717
energy,168,38,154,2,0.1,0,0,0,2,10,0,binary_only,0.4957,0,0.2628848000895232
energy,169,38,154,2,0.1,0,0,0,2,11,0,binary_only,0.4391,0,0.25178749999031425
energy,170,38,154,2,0.1,0,0,0,2,10,0,binary_only,0.4279,0,0.26446150010451674
energy,171,38,154,2,0.1,0,0,0,2,10,0,binary_only,0.4387,0,0.25222659995779395
energy,172,38,154,2,0.1,0,0,0,2,9,0,binary_only,0.3992,0,0.2668631998822093
energy,173,38,154,2,0.1,0,0,0,2,10,0,binary_only,0.4703,0,0.25760019989684224
energy,174,38,154,2,0.1,0,0,0,2,10,0,binary_only,0.4791,0,0.2677664998918772
energy,175,38,154,2,0.1,0,0,0,2,10,0,binary_only,0.4775,0,0.2633104999549687
energy,176,38,154,2,0.1,0,0,0,2,10,0,binary_only,0.5063,0,0.2510873998980969
energy,177,38,154,2,0.1,0,0,0,2,10,0,binary_only,0.4572,0,0.24252879992127419
energy,178,38,154,2,0.1,0,0,0,2,10,0,binary_only,0.453,0,0.2363197999075055
energy,179,38,154,2,0.1,0,0,0,2,10,0,binary_only,0.5343,0,0.2584725001361221
energy,180,38,154,2,0.1,0,0,0,2,9,0,binary_only,0.5598,0,0.28018109989352524
energy,181,38,154,2,0.1,0,0,0,2,10,0,binary_only,0.4729,0,0.2779575001914054
energy,182,38,154,2,0.1,0,0,0,2,10,0,binary_only,0.4959,0,0.2512271001469344
energy,183,38,154,2,0.1,0,0,0,2,10,0,binary_only,0.4835,0,0.2604259999934584
energy,184,38,154,2,0.1,0,0,0,2,10,0,binary_only,0.4477,0,0.2977696000598371
energy,185,38,154,2,0.1,0,0,0,2,11,0,binary_only,0.5053,0,0.2553502998780459
energy,186,38,154,2,0.1,0,0,0,2,10,0,binary_only,0.4855,0,0.2724879998713732
energy,187,38,154,2,0.1,0,0,0,2,10,0,binary_only,0.4351,0,0.25508869998157024
energy,188,38,154,2,0.1,0,0,0,2,10,0,binary_only,0.5023,0,0.25613499991595745
energy,189,38,154,2,0.1,0,0,0,2,10,0,binary_only,0.4344,0,0.2732383001130074
energy,190,38,154,2,0.1,0,0,0,2,10,0,binary_only,0.4941,0,0.25074859987944365
energy,191,38,154,2,0.1,0,0,0,2,10,0,binary_only,0.4578,0,0.2619231999851763
energy,192,38,154,2,0.1,0,0,0,2,10,0,binary_only,0.4327,0,0.25703389989212155
energy,193,38,154,2,0.1,0,0,0,2,11,0,binary_only,0.4646,0,0.2592451998498291
energy,194,38,154,2,0.1,0,0,0,2,10,0,binary_only,0.4529,0,0.23781259986571968
energy,195,38,154,2,0.1,0,0,0,2,10,0,binary_only,0.4494,0,0.25775910005904734
energy,196,38,154,2,0.1,0,0,0,2,10,0,binary_only,0.4586,0,0.25947799999266863
energy,197,38,154,2,0.1,0,0,0,2,10,0,binary_only,0.4715,0,0.27339309989474714
energy,198,38,154,2,0.1,0,0,0,2,10,0,binary_only,0.5951,0,0.27457630005665123
energy,199,38,154,2,0.1,0,0,0,2,11,0,binary_only,0.535,0,0.279304499970749
student,0,32,131,3,0.1,0,0,0,3,14,0,binary_only,0.5816,0,0.6874325999524444
student,1,32,131,3,0.1,0,0,0,3,15,0,binary_only,0.5867,0,0.7178424999583513
student,2,32,131,3,0.1,0,0,0,3,15,0,binary_only,0.584,0,0.6606947998516262
student,3,32,131,3,0.1,0,0,0,3,15,0,binary_only,0.6283,0,0.6815751001704484
student,4,32,131,3,0.1,0,0,0,3,15,0,binary_only,0.613,0,0.6676914999261498
student,5,32,131,3,0.1,0,0,0,3,15,0,binary_only,0.5281,0,0.6614973999094218
student,6,32,131,3,0.1,0,0,0,3,15,0,binary_only,0.5738,0,0.6592260000761598
student,7,32,131,3,0.1,0,0,0,3,15,0,binary_only,0.6279,0,0.6759670001920313
student,8,32,131,3,0.1,0,0,0,3,15,0,binary_only,0.5528,0,0.6871545000467449
student,9,32,131,3,0.1,0,0,0,3,15,0,binary_only,0.5941,0,0.7313598000910133
student,10,32,131,3,0.1,0,0,0,3,15,0,binary_only,0.583,0,0.6861793000716716
student,11,32,131,3,0.1,0,0,0,3,16,0,binary_only,0.6914,0,0.6454056000802666
student,12,32,131,3,0.1,0,0,0,3,16,0,binary_only,0.6252,0,0.6908094000536948
student,13,32,131,3,0.1,0,0,0,3,15,0,binary_only,0.5864,0,0.6586867000441998
student,14,32,131,3,0.1,0,0,0,3,15,0,binary_only,0.5874,0,0.7139429000671953
student,15,32,131,3,0.1,0,0,0,3,15,0,binary_only,0.579,0,0.7429612998384982
student,16,32,131,3,0.1,0,0,0,3,15,0,binary_only,0.6163,0,0.7091997000388801
student,17,32,131,3,0.1,0,0,0,3,15,0,binary_only,0.6558,0,0.6872532998677343
student,18,32,131,3,0.1,0,0,0,3,15,0,binary_only,0.5549,0,0.807776500005275
student,19,32,131,3,0.1,0,0,0,3,14,0,binary_only,0.5352,0,0.7235274999402463
student,20,32,131,3,0.1,0,0,0,3,15,0,binary_only,0.6794,0,0.7029518000781536
student,21,32,131,3,0.1,0,0,0,3,15,0,binary_only,0.6153,0,0.6923112000804394
student,22,32,131,3,0.1,0,0,0,3,15,0,binary_only,0.6619,0,0.6385087000671774
student,23,32,131,3,0.1,0,0,0,3,15,0,binary_only,0.6241,0,0.6860026998911053
student,24,32,131,3,0.1,0,0,0,3,18,0,binary_only,0.7446,0,0.6981635999400169
student,25,32,131,3,0.1,0,0,0,3,15,0,binary_only,0.7739,0,0.6912386999465525
student,26,32,131,3,0.1,0,0,0,3,15,0,binary_only,0.8071,0,0.72002620017156
student,27,32,131,3,0.1,0,0,0,3,15,0,binary_only,0.5806,0,0.691817699931562
student,28,32,131,3,0.1,0,0,0,3,15,0,binary_only,0.6088,0,0.6840226999484003
student,29,32,131,3,0.1,0,0,0,3,15,0,binary_only,0.6055,0,0.7059766000602394
student,30,32,131,3,0.1,0,0,0,3,15,0,binary_only,0.6591,0,0.6952176000922918
student,31,32,131,3,0.1,0,0,0,3,15,0,binary_only,0.599,0,0.6975112000945956
student,32,32,131,3,0.1,0,0,0,3,16,0,binary_only,0.6667,0,0.6856662000063807
student,33,32,131,3,0.1,0,0,0,3,15,0,binary_only,0.6574,0,0.6820261999964714
student,34,32,131,3,0.1,0,0,0,3,15,0,binary_only,0.6849,0,0.6889173998497427
student,35,32,131,3,0.1,0,0,0,3,15,0,binary_only,0.5524,0,0.6383340999018401
student,36,32,131,3,0.1,0,0,0,3,15,0,binary_only,0.6364,0,0.6628009001724422
student,37,32,131,3,0.1,0,0,0,3,15,0,binary_only,0.6631,0,0.622310500126332
student,38,32,131,3,0.1,0,0,0,3,15,0,binary_only,0.5977,0,0.6887929001823068
student,39,32,131,3,0.1,0,0,0,3,15,0,binary_only,0.5674,0,0.693995000096038
student,40,32,131,3,0.1,0,0,0,3,15,0,binary_only,0.6699,0,0.6722411999944597
student,41,32,131,3,0.1,0,0,0,3,15,0,binary_only,0.6107,0,0.6579807000234723
student,42,32,131,3,0.1,0,0,0,3,15,0,binary_only,0.5801,0,0.6436322999652475
student,43,32,131,3,0.1,0,0,0,3,15,0,binary_only,0.5599,0,0.6668068000581115
student,44,32,131,3,0.1,0,0,0,3,15,0,binary_only,0.5739,0,0.6724898000247777
student,45,32,131,3,0.1,0,0,0,3,15,0,binary_only,0.6,0,0.6973725000862032
student,46,32,131,3,0.1,0,0,0,3,15,0,binary_only,0.5658,0,0.6523327000904828
student,47,32,131,3,0.1,0,0,0,3,15,0,binary_only,0.6454,0,0.7036403999663889
student,48,32,131,3,0.1,0,0,0,3,15,0,binary_only,0.5576,0,0.6906982001382858
student,49,32,131,3,0.1,0,0,0,3,15,0,binary_only,0.5784,0,0.679224600084126
student,50,32,131,3,0.1,0,0,0,3,15,0,binary_only,0.6044,0,0.6587877999991179
student,51,32,131,3,0.1,0,0,0,3,15,0,binary_only,0.6567,0,0.7168626999482512
student,52,32,131,3,0.1,0,0,0,3,15,0,binary_only,0.6356,0,0.6610568999312818
student,53,32,131,3,0.1,0,0,0,3,14,0,binary_only,0.6241,0,0.6347761999350041
student,54,32,131,3,0.1,0,0,0,3,15,0,binary_only,0.511,0,0.6631499000359327
student,55,32,131,3,0.1,0,0,0,3,15,0,binary_only,0.5824,0,0.650332200108096
student,56,32,131,3,0.1,0,0,0,3,15,0,binary_only,0.6565,0,0.6663842999842018
student,57,32,131,3,0.1,0,0,0,3,15,0,binary_only,0.6835,0,0.6461509999353439
student,58,32,131,3,0.1,0,0,0,3,15,0,binary_only,0.6043,0,0.6602509999647737
student,59,32,131,3,0.1,0,0,0,3,15,0,binary_only,0.5128,0,0.7048471998423338
student,60,32,131,3,0.1,0,0,0,3,15,0,binary_only,0.5902,0,0.6680182998534292
student,61,32,131,3,0.1,0,0,0,3,14,0,binary_only,0.5966,0,0.6541663999669254
student,62,32,131,3,0.1,0,0,0,3,15,0,binary_only,0.6006,0,0.6728931001853198
student,63,32,131,3,0.1,0,0,0,3,15,0,binary_only,0.572,0,0.664721000008285
student,64,32,131,3,0.1,0,0,0,3,15,0,binary_only,0.7154,0,0.6493229998741299
student,65,32,131,3,0.1,0,0,0,3,15,0,binary_only,0.6282,0,0.6415847002062947
student,66,32,131,3,0.1,0,0,0,3,15,0,binary_only,0.6624,0,0.6443102001212537
student,67,32,131,3,0.1,0,0,0,3,16,0,binary_only,0.7605,0,0.6546537999529392
student,68,32,131,3,0.1,0,0,0,3,15,0,binary_only,0.6035,0,0.6793718999251723
student,69,32,131,3,0.1,0,0,0,3,15,0,binary_only,0.6153,0,0.6716424999758601
student,70,32,131,3,0.1,0,0,0,3,15,0,binary_only,0.6775,0,0.6959796000737697
student,71,32,131,3,0.1,0,0,0,3,15,0,binary_only,0.6064,0,0.6842749000061303
student,72,32,131,3,0.1,0,0,0,3,15,0,binary_only,0.545,0,0.7055636001750827
student,73,32,131,3,0.1,0,0,0,3,15,0,binary_only,0.5584,0,0.6546340000350028
student,74,32,131,3,0.1,0,0,0,3,15,0,binary_only,0.5866,0,0.6986899999901652
student,75,32,131,3,0.1,0,0,0,3,15,0,binary_only,0.5376,0,0.6848746999166906
student,76,32,131,3,0.1,0,0,0,3,15,0,binary_only,0.6019,0,0.6514515997841954
student,77,32,131,3,0.1,0,0,0,3,15,0,binary_only,0.6219,0,0.6528205000795424
student,78,32,131,3,0.1,0,0,0,3,15,0,binary_only,0.6727,0,0.6994739000219852
student,79,32,131,3,0.1,0,0,0,3,15,0,binary_only,0.8087,0,0.66278629982844
student,80,32,131,3,0.1,0,0,0,3,15,0,binary_only,0.5663,0,0.675472600152716
student,81,32,131,3,0.1,0,0,0,3,15,0,binary_only,0.672,0,0.6610310000833124
student,82,32,131,3,0.1,0,0,0,3,15,0,binary_only,0.5394,0,0.651512400014326
student,83,32,131,3,0.1,0,0,0,3,15,0,binary_only,0.5837,0,0.6376109998673201
student,84,32,131,3,0.1,0,0,0,3,15,0,binary_only,0.6209,0,0.6524528998415917
student,85,32,131,3,0.1,0,0,0,3,15,0,binary_only,0.5897,0,0.6979322999250144
student,86,32,131,3,0.1,0,0,0,3,15,0,binary_only,0.6014,0,0.6957185000646859
student,87,32,131,3,0.1,0,0,0,3,15,0,binary_only,0.6581,0,0.6581255998462439
student,88,32,131,3,0.1,0,0,0,3,15,0,binary_only,0.5262,0,0.6508663999848068
student,89,32,131,3,0.1,0,0,0,3,15,0,binary_only,0.6423,0,0.7564732001628727
student,90,32,131,3,0.1,0,0,0,3,15,0,binary_only,0.5718,0,0.6905801999382675
student,91,32,131,3,0.1,0,0,0,3,15,0,binary_only,0.5795,0,0.6870860999915749
student,92,32,131,3,0.1,0,0,0,3,15,0,binary_only,0.5787,0,0.6541979000903666
student,93,32,131,3,0.1,0,0,0,3,15,0,binary_only,0.6701,0,0.6551195001229644
student,94,32,131,3,0.1,0,0,0,3,15,0,binary_only,0.6387,0,0.6692583998665214
student,95,32,131,3,0.1,0,0,0,3,15,0,binary_only,0.6205,0,0.6678943999577314
student,96,32,131,3,0.1,0,0,0,3,15,0,binary_only,0.5758,0,0.6887886000331491
student,97,32,131,3,0.1,0,0,0,3,15,0,binary_only,0.6003,0,0.6771736000664532
student,98,32,131,3,0.1,0,0,0,3,15,0,binary_only,0.5992,0,0.6656873000320047
student,99,32,131,3,0.1,0,0,0,3,15,0,binary_only,0.6496,0,0.7009570999071002
student,100,32,131,3,0.1,0,0,0,3,15,0,binary_only,0.5926,0,0.6581143999937922
student,101,32,131,3,0.1,0,0,0,3,16,0,binary_only,0.6365,0,0.6457903999835253
student,102,32,131,3,0.1,0,0,0,3,15,0,binary_only,0.623,0,0.6595987000036985
student,103,32,131,3,0.1,0,0,0,3,15,0,binary_only,0.6326,0,0.6486127998214215
student,104,32,131,3,0.1,0,0,0,3,15,0,binary_only,0.5652,0,0.6336190002039075
student,105,32,131,3,0.1,0,0,0,3,15,0,binary_only,0.6237,0,0.6465345001779497
student,106,32,131,3,0.1,0,0,0,3,15,0,binary_only,0.6364,0,0.6904076999053359
student,107,32,131,3,0.1,0,0,0,3,16,0,binary_only,0.6413,0,0.6671815000008792
student,108,32,131,3,0.1,0,0,0,3,15,0,binary_only,0.6071,0,0.5964637000579387
student,109,32,131,3,0.1,0,0,0,3,15,0,binary_only,0.5739,0,0.6601601999718696
student,110,32,131,3,0.1,0,0,0,3,15,0,binary_only,0.6088,0,0.6389014001470059
student,111,32,131,3,0.1,0,0,0,3,15,0,binary_only,0.6061,0,0.6928953998722136
student,112,32,131,3,0.1,0,0,0,3,15,0,binary_only,0.5511,0,0.6556211998686194
student,113,32,131,3,0.1,0,0,0,3,15,0,binary_only,0.6058,0,0.6941094999201596
student,114,32,131,3,0.1,0,0,0,3,15,0,binary_only,0.6327,0,0.6701227999292314
student,115,32,131,3,0.1,0,0,0,3,15,0,binary_only,0.5715,0,0.6659712998662144
student,116,32,131,3,0.1,0,0,0,3,15,0,binary_only,0.6493,0,0.6344908999744803
student,117,32,131,3,0.1,0,0,0,3,15,0,binary_only,0.6386,0,0.6443872000090778
student,118,32,131,3,0.1,0,0,0,3,15,0,binary_only,0.6016,0,0.6772167000453919
student,119,32,131,3,0.1,0,0,0,3,15,0,binary_only,0.6317,0,0.6707631999161094
student,120,32,131,3,0.1,0,0,0,3,15,0,binary_only,0.5803,0,0.6719724999275059
student,121,32,131,3,0.1,0,0,0,3,15,0,binary_only,0.6329,0,0.6730175002012402
student,122,32,131,3,0.1,0,0,0,3,15,0,binary_only,0.5586,0,0.694340999936685
student,123,32,131,3,0.1,0,0,0,3,15,0,binary_only,0.5753,0,0.6851317000109702
student,124,32,131,3,0.1,0,0,0,3,15,0,binary_only,0.5747,0,0.6622772999107838
student,125,32,131,3,0.1,0,0,0,3,15,0,binary_only,0.5647,0,0.6712163998745382
student,126,32,131,3,0.1,0,0,0,3,15,0,binary_only,0.5994,0,0.6785549998749048
student,127,32,131,3,0.1,0,0,0,3,16,0,binary_only,0.6565,0,0.6609008000232279
student,128,32,131,3,0.1,0,0,0,3,15,0,binary_only,0.6534,0,0.6877015000209212
student,129,32,131,3,0.1,0,0,0,3,15,0,binary_only,0.5721,0,0.6996027999557555
student,130,32,131,3,0.1,0,0,0,3,15,0,binary_only,0.6693,0,0.7368624000810087
student,131,32,131,3,0.1,0,0,0,3,15,0,binary_only,0.5886,0,0.673307599965483
student,132,32,131,3,0.1,0,0,0,3,15,0,binary_only,0.5399,0,0.646197099937126
student,133,32,131,3,0.1,0,0,0,3,15,0,binary_only,0.5734,0,0.6974045999813825
student,134,32,131,3,0.1,0,0,0,3,15,0,binary_only,0.6355,0,0.6553040000144392
student,135,32,131,3,0.1,0,0,0,3,15,0,binary_only,0.5869,0,0.6305039001163095
student,136,32,131,3,0.1,0,0,0,3,16,0,binary_only,0.6392,0,0.6807801001705229
student,137,32,131,3,0.1,0,0,0,3,15,0,binary_only,0.6759,0,0.6405689001549035
student,138,32,131,3,0.1,0,0,0,3,15,0,binary_only,0.5979,0,0.654639899963513
student,139,32,131,3,0.1,0,0,0,3,15,0,binary_only,0.5595,0,0.6797381998039782
student,140,32,131,3,0.1,0,0,0,3,15,0,binary_only,0.6342,0,0.6505595000926405
student,141,32,131,3,0.1,0,0,0,3,16,0,binary_only,0.5783,0,0.690661400090903
student,142,32,131,3,0.1,0,0,0,3,15,0,binary_only,0.6387,0,0.6553971997927874
student,143,32,131,3,0.1,0,0,0,3,15,0,binary_only,0.6865,0,0.6910647000186145
student,144,32,131,3,0.1,0,0,0,3,14,0,binary_only,0.6008,0,0.6870562999974936
student,145,32,131,3,0.1,0,0,0,3,15,0,binary_only,0.6528,0,0.641324199968949
student,146,32,131,3,0.1,0,0,0,3,15,0,binary_only,0.6311,0,0.6878728999290615
student,147,32,131,3,0.1,0,0,0,3,15,0,binary_only,0.9088,0,0.6768654000479728
student,148,32,131,3,0.1,0,0,0,3,15,0,binary_only,0.5374,0,0.6694135998841375
student,149,32,131,3,0.1,0,0,0,3,15,0,binary_only,0.5881,0,0.685115700121969
student,150,32,131,3,0.1,0,0,0,3,15,0,binary_only,0.6456,0,0.6779074999503791
student,151,32,131,3,0.1,0,0,0,3,15,0,binary_only,1.3914,0,0.6488993000239134
student,152,32,131,3,0.1,0,0,0,3,15,0,binary_only,0.5664,0,0.6869989999104291
student,153,32,131,3,0.1,0,0,0,3,14,0,binary_only,0.5105,0,0.7143157999962568
student,154,32,131,3,0.1,0,0,0,3,15,0,binary_only,0.6032,0,0.6440064001362771
student,155,32,131,3,0.1,0,0,0,3,15,0,binary_only,0.6897,0,0.6513689998537302
student,156,32,131,3,0.1,0,0,0,3,15,0,binary_only,0.6425,0,0.6784075999166816
student,157,32,131,3,0.1,0,0,0,3,15,0,binary_only,0.6519,0,0.6597474999725819
student,158,32,131,3,0.1,0,0,0,3,15,0,binary_only,0.6559,0,0.6681256000883877
student,159,32,131,3,0.1,0,0,0,3,15,0,binary_only,0.6491,0,0.6714713999535888
student,160,32,131,3,0.1,0,0,0,3,15,0,binary_only,0.6441,0,0.7030144999735057
student,161,32,131,3,0.1,0,0,0,3,15,0,binary_only,0.7309,0,0.6677250999491662
student,162,32,131,3,0.1,0,0,0,3,15,0,binary_only,0.5103,0,0.6912087998352945
student,163,32,131,3,0.1,0,0,0,3,15,0,binary_only,0.5626,0,0.6671730000525713
student,164,32,131,3,0.1,0,0,0,3,15,0,binary_only,0.6038,0,0.6732384997885674
student,165,32,131,3,0.1,0,0,0,3,15,0,binary_only,0.5666,0,0.6560370998922735
student,166,32,131,3,0.1,0,0,0,3,15,0,binary_only,0.6774,0,0.6529041000176221
student,167,32,131,3,0.1,0,0,0,3,15,0,binary_only,0.644,0,0.6655425999779254
student,168,32,131,3,0.1,0,0,0,3,15,0,binary_only,0.5619,0,0.6810852999333292
student,169,32,131,3,0.1,0,0,0,3,15,0,binary_only,0.6504,0,0.6454224998597056
student,170,32,131,3,0.1,0,0,0,3,15,0,binary_only,0.5845,0,0.6135422999504954
student,171,32,131,3,0.1,0,0,0,3,15,0,binary_only,0.622,0,0.7101310000289232
student,172,32,131,3,0.1,0,0,0,3,15,0,binary_only,0.5692,0,0.6495941998437047
student,173,32,131,3,0.1,0,0,0,3,15,0,binary_only,0.5902,0,0.644821000052616
student,174,32,131,3,0.1,0,0,0,3,15,0,binary_only,0.6764,0,0.6575116000603884
student,175,32,131,3,0.1,0,0,0,3,15,0,binary_only,0.5872,0,0.6804698000196368
student,176,32,131,3,0.1,0,0,0,3,15,0,binary_only,0.6656,0,0.6864982999395579
student,177,32,131,3,0.1,0,0,0,3,15,0,binary_only,0.6529,0,0.6733802000526339
student,178,32,131,3,0.1,0,0,0,3,15,0,binary_only,0.6454,0,0.6943440998438746
student,179,32,131,3,0.1,0,0,0,3,15,0,binary_only,0.6831,0,0.6494762001093477
student,180,32,131,3,0.1,0,0,0,3,15,0,binary_only,0.6564,0,0.6984908001031727
student,181,32,131,3,0.1,0,0,0,3,16,0,binary_only,0.6198,0,0.7161381000187248
student,182,32,131,3,0.1,0,0,0,3,15,0,binary_only,0.5607,0,0.687057200120762
student,183,32,131,3,0.1,0,0,0,3,15,0,binary_only,0.6232,0,0.665413600159809
student,184,32,131,3,0.1,0,0,0,3,15,0,binary_only,0.6274,0,0.6711160999257118
student,185,32,131,3,0.1,0,0,0,3,15,0,binary_only,0.6456,0,0.6340884000528604
student,186,32,131,3,0.1,0,0,0,3,15,0,binary_only,0.7188,0,0.6841788000892848
student,187,32,131,3,0.1,0,0,0,3,15,0,binary_only,0.5175,0,0.6496057999320328
student,188,32,131,3,0.1,0,0,0,3,15,0,binary_only,0.5955,0,0.6762337998952717
student,189,32,131,3,0.1,0,0,0,3,15,0,binary_only,0.6345,0,0.7071986999362707
student,190,32,131,3,0.1,0,0,0,3,15,0,binary_only,0.6444,0,0.6227917999494821
student,191,32,131,3,0.1,0,0,0,3,15,0,binary_only,0.6534,0,0.6731050999369472
student,192,32,131,3,0.1,0,0,0,3,15,0,binary_only,0.5829,0,0.6657031001523137
student,193,32,131,3,0.1,0,0,0,3,15,0,binary_only,0.6318,0,0.6829894001130015
student,194,32,131,3,0.1,0,0,0,3,15,0,binary_only,0.5354,0,0.655235500074923
student,195,32,131,3,0.1,0,0,0,3,15,0,binary_only,0.6254,0,0.6562954001128674
student,196,32,131,3,0.1,0,0,0,3,15,0,binary_only,0.6116,0,0.6652349999640137
student,197,32,131,3,0.1,0,0,0,3,15,0,binary_only,0.5839,0,0.675905599957332
student,198,32,131,3,0.1,0,0,0,3,15,0,binary_only,0.5766,0,0.6588773000985384
student,199,32,131,3,0.1,0,0,0,3,15,0,binary_only,0.582,0,0.6489129001274705
