,alpha,n_dim,n_scores,coverage_vol,coverage_cal,coverage_test,runtime
0,0.2,2,50,142.01716740810758,0.8199999999999997,0.7982000000000002,0.0005572867393493652
1,0.2,2,60,148.94343938796882,0.8178333333333329,0.8121666666666667,0.0005493664741516113
2,0.2,2,70,147.38760198317604,0.825142857142857,0.8142857142857138,0.0005556654930114746
3,0.2,2,80,142.41657243626622,0.8107500000000001,0.8057499999999999,0.0005573415756225586
4,0.2,2,90,140.7922283774033,0.814,0.8096666666666663,0.0005554914474487305
5,0.2,2,100,138.38864200948402,0.8106000000000003,0.7940000000000002,0.0005558276176452637
6,0.2,2,110,136.6197277299737,0.8045454545454543,0.7908181818181818,0.0005545377731323242
7,0.2,2,120,138.41140319725102,0.8127500000000002,0.7969999999999999,0.0005586051940917969
8,0.2,2,130,137.0017970903974,0.8123846153846153,0.8096923076923074,0.0005580115318298339
9,0.2,2,140,135.9941484771817,0.8109285714285714,0.7994285714285714,0.0005584049224853515
10,0.2,2,150,139.42785149532304,0.8140666666666667,0.8093333333333331,0.0005587267875671386
11,0.2,2,160,136.79556539561992,0.8101249999999999,0.8035624999999997,0.0005611801147460938
12,0.2,2,170,136.49466958803032,0.8053529411764706,0.8001176470588233,0.0005706238746643066
13,0.2,2,180,137.17572976210826,0.807666666666667,0.8011111111111114,0.0005618405342102051
14,0.2,2,190,135.47854633183528,0.8074736842105265,0.8011052631578944,0.0005637598037719726
15,0.2,2,200,134.2462113816088,0.8022500000000004,0.7925500000000002,0.0005630064010620117
16,0.2,2,210,133.01462353358954,0.8038571428571428,0.8003333333333329,0.0005639815330505372
17,0.2,2,220,134.1561803770729,0.8075454545454543,0.8009545454545451,0.0005647921562194824
18,0.2,2,230,135.1820588014124,0.8056956521739121,0.8009999999999997,0.0005675172805786133
19,0.2,2,240,136.16648695991273,0.8055,0.8063750000000001,0.0005666804313659668
20,0.2,2,250,134.1768420410539,0.8055199999999999,0.8019600000000001,0.0005749893188476562
21,0.2,2,260,134.65887305192226,0.8077692307692311,0.8061923076923079,0.0005706429481506347
22,0.2,2,270,133.03226431553307,0.8037407407407408,0.7957037037037036,0.000568692684173584
23,0.2,2,280,133.24823768203962,0.80625,0.8003928571428571,0.0005713510513305664
24,0.2,2,290,132.3017463966854,0.7979655172413793,0.7949310344827587,0.0005666399002075195
25,0.2,2,300,135.9810952051618,0.8047666666666667,0.8019333333333334,0.0005656909942626953
26,0.2,2,310,137.89212625930665,0.8089354838709677,0.815290322580645,0.0005712342262268066
27,0.2,2,320,135.00786623767888,0.8071562500000001,0.80028125,0.0005726122856140137
28,0.2,2,330,132.15765504164037,0.8021212121212122,0.7968484848484849,0.0005760550498962403
29,0.2,2,340,134.83232254510287,0.8036470588235298,0.801029411764706,0.0005769109725952148
30,0.2,2,350,131.73533410161662,0.8024,0.7970571428571428,0.0005859661102294921
31,0.2,2,360,134.45746805142156,0.8038611111111109,0.8046388888888886,0.0005836820602416992
32,0.2,2,370,129.813878181402,0.7982702702702702,0.7931891891891891,0.0005859065055847167
33,0.2,2,380,132.94690147475967,0.8043421052631579,0.8028947368421053,0.0005963826179504394
34,0.2,2,390,133.57269034230666,0.8047435897435897,0.8029999999999999,0.0005969929695129394
35,0.2,2,400,133.02097544999376,0.8017499999999997,0.8002249999999997,0.0006013250350952148
36,0.2,2,410,134.15874421388068,0.8054634146341465,0.8036829268292685,0.000620577335357666
37,0.2,2,420,131.56862522421184,0.8041190476190476,0.7966666666666667,0.0006058955192565918
38,0.2,2,430,132.75143978039645,0.8036976744186046,0.7986279069767442,0.000604255199432373
39,0.2,2,440,132.65478822799813,0.8022727272727272,0.7995681818181819,0.0006168603897094727
40,0.2,2,450,133.75333715253407,0.8038000000000003,0.804755555555556,0.0006184267997741699
41,0.2,2,460,133.15583941141455,0.8039130434782601,0.796826086956521,0.0006224584579467774
42,0.2,2,470,134.33343578219387,0.8049787234042556,0.8037872340425531,0.0006362342834472656
43,0.2,2,480,133.38270465679352,0.8031874999999999,0.799541666666667,0.0006129026412963867
44,0.2,2,490,131.2572349931478,0.8009795918367345,0.7933469387755102,0.000628659725189209
45,0.2,2,500,134.30785350830877,0.8029199999999999,0.8025399999999999,0.0006269550323486328
46,0.2,2,510,132.73550274438603,0.8016862745098036,0.8022941176470586,0.0006285214424133301
47,0.2,2,520,132.0558740598586,0.8005000000000001,0.7993846153846159,0.0006322908401489258
48,0.2,2,530,132.8218233703053,0.8022452830188681,0.8005283018867924,0.0006341958045959473
49,0.2,2,540,131.418573749195,0.8015925925925926,0.795888888888889,0.0006340146064758301
50,0.2,2,550,134.81871596531462,0.8034181818181821,0.8076363636363638,0.0006213855743408204
51,0.2,2,560,132.81180088463802,0.8018750000000001,0.8011607142857143,0.000636742115020752
52,0.2,2,570,132.37368571763366,0.8009999999999999,0.7990526315789477,0.0006384658813476563
53,0.2,2,580,133.95597060254727,0.8047413793103444,0.8052931034482761,0.0006466984748840332
54,0.2,2,590,133.2607309734406,0.8027966101694914,0.8006610169491524,0.0006427240371704102
55,0.2,2,600,131.71112663107075,0.803533333333333,0.7993166666666665,0.0006278491020202636
56,0.2,2,610,132.4660548640411,0.7998032786885247,0.7995573770491805,0.0006482720375061036
57,0.2,2,620,131.8438193434664,0.8002903225806455,0.7962580645161289,0.0006468176841735839
58,0.2,2,630,131.94830203273528,0.8021269841269842,0.797507936507936,0.0006475520133972168
59,0.2,2,640,133.3664213179144,0.8046562500000001,0.8035468750000001,0.0006357359886169433
60,0.2,2,650,133.1030008041761,0.8029538461538462,0.8016615384615386,0.0006504034996032714
61,0.2,2,660,131.24377942091374,0.7998787878787875,0.7988636363636364,0.0006515288352966309
62,0.2,2,670,133.07438985762627,0.8017910447761192,0.8023731343283584,0.0006536436080932617
63,0.2,2,680,131.699822267176,0.799970588235294,0.8007647058823533,0.0006552314758300781
64,0.2,2,690,132.6825294929113,0.8023333333333325,0.8009855072463763,0.000659801959991455
65,0.2,2,700,131.30313802833902,0.7995857142857141,0.7978857142857142,0.0006435275077819824
66,0.2,2,710,130.95494014468926,0.8007323943661969,0.7974366197183099,0.00065812349319458
67,0.2,2,720,131.94468972809202,0.8019999999999999,0.8002499999999999,0.0006593060493469238
68,0.2,2,730,132.8542010928185,0.8005479452054797,0.8018219178082191,0.0006621241569519043
69,0.2,2,740,132.57319424016202,0.8018783783783782,0.8008918918918917,0.0006455278396606445
70,0.2,2,750,133.73094114826645,0.8034533333333336,0.8032400000000003,0.0006622552871704101
71,0.2,2,760,134.1017326437852,0.8044736842105265,0.8036052631578948,0.0006660652160644531
72,0.2,2,770,131.16050177921943,0.7992987012987011,0.7985844155844158,0.0006651830673217773
73,0.2,2,780,132.27675650066863,0.8026025641025646,0.8014615384615386,0.0006637310981750488
74,0.2,2,790,132.32069808455856,0.8022531645569622,0.8007594936708868,0.0006592249870300292
75,0.2,2,800,132.77485616632194,0.8003999999999999,0.8029624999999999,0.0006717681884765625
76,0.2,2,810,130.8275908513768,0.8025185185185185,0.7978024691358021,0.0006717967987060546
77,0.2,2,820,132.5979119254257,0.8030487804878047,0.8006951219512197,0.0006903219223022461
78,0.2,2,830,132.67556278219024,0.8022771084337351,0.803831325301205,0.0006619524955749511
79,0.2,2,840,132.0166141632038,0.8022142857142854,0.8042976190476189,0.000676732063293457
80,0.2,2,850,132.45448522211868,0.8040941176470586,0.8016823529411766,0.0006787729263305664
81,0.2,2,860,131.3564545609536,0.8006046511627904,0.7977790697674416,0.0006673049926757813
82,0.2,2,870,133.05338833416144,0.8028160919540231,0.8002298850574715,0.000681617259979248
83,0.2,2,880,130.98847247449416,0.8012045454545454,0.7983863636363637,0.0006806063652038574
84,0.2,2,890,132.63501016448717,0.8030786516853923,0.8021460674157294,0.0006845402717590332
85,0.2,2,900,132.17967844223074,0.8006444444444442,0.8010222222222221,0.000683591365814209
86,0.2,2,910,132.08801880356242,0.8017142857142855,0.8000879120879121,0.0006744813919067383
87,0.2,2,920,132.04570657930054,0.8033586956521732,0.8012608695652171,0.0006882619857788086
88,0.2,2,930,130.2110091256073,0.7998494623655915,0.7945483870967744,0.0006873464584350586
89,0.2,2,940,132.1213263818843,0.8006808510638298,0.8007234042553191,0.0006915402412414551
90,0.2,2,950,131.9912004219692,0.802347368421052,0.8002105263157894,0.0006791329383850097
91,0.2,2,960,132.37957849853453,0.8017499999999997,0.801208333333333,0.0007034182548522949
92,0.2,2,970,131.85949695011578,0.8001752577319585,0.7988865979381443,0.0006945061683654785
93,0.2,2,980,131.30963925623664,0.8008163265306121,0.7983673469387754,0.0006884050369262696
94,0.2,2,990,130.83569717048772,0.801626262626262,0.8007373737373734,0.0007011556625366211
95,0.2,2,1000,130.8092611195995,0.7999800000000001,0.7969600000000002,0.0006979846954345703
96,0.2,2,1010,132.10991268112534,0.8037722772277227,0.8014950495049509,0.0007026243209838867
97,0.2,2,1020,132.08096867059064,0.8026176470588237,0.8021568627450985,0.0007046198844909668
98,0.2,2,1030,132.50694826836488,0.8017766990291261,0.8021747572815541,0.0006913375854492187
99,0.2,2,1040,131.07261587767442,0.8016249999999995,0.7986346153846158,0.0007093906402587891
100,0.2,3,50,5745.227527165718,0.8368000000000003,0.8059999999999996,0.0005613136291503907
101,0.2,3,60,5452.793145655534,0.8311666666666666,0.8045000000000002,0.0005589675903320313
102,0.2,3,70,5454.979373913044,0.8345714285714284,0.8172857142857144,0.0005693912506103515
103,0.2,3,80,5028.04438525428,0.8183750000000002,0.7936250000000002,0.0005910015106201172
104,0.2,3,90,5069.533919499288,0.8216666666666661,0.8036666666666666,0.0006020474433898926
105,0.2,3,100,5119.158119017783,0.8223999999999998,0.8201999999999995,0.0005848097801208496
106,0.2,3,110,4858.735204857257,0.8141818181818182,0.7996363636363636,0.0005933952331542969
107,0.2,3,120,4853.309155064508,0.8162499999999997,0.8035000000000002,0.0005860447883605957
108,0.2,3,130,4766.1766525167295,0.8114615384615381,0.8001538461538459,0.0006156063079833984
109,0.2,3,140,4868.2117899210125,0.8162857142857146,0.8086428571428574,0.000608823299407959
110,0.2,3,150,4675.219656493796,0.8143333333333335,0.8041333333333337,0.0006185674667358399
111,0.2,3,160,4755.586176999706,0.8123749999999995,0.7987500000000002,0.0006112837791442871
112,0.2,3,170,4791.668083004513,0.8111176470588234,0.8038235294117648,0.0005975866317749024
113,0.2,3,180,4755.614350114725,0.8132222222222224,0.7993888888888888,0.000596458911895752
114,0.2,3,190,4699.997922069045,0.8085789473684213,0.798842105263158,0.0006029391288757324
115,0.2,3,200,4533.698699298629,0.8061500000000007,0.7931000000000004,0.000607306957244873
116,0.2,3,210,4702.812248932027,0.8093809523809524,0.8003809523809526,0.0005978512763977051
117,0.2,3,220,4645.467831176744,0.8059090909090911,0.8074545454545451,0.0005935788154602051
118,0.2,3,230,4586.122797634922,0.8064782608695645,0.8032608695652168,0.0006357336044311524
119,0.2,3,240,4700.234603719177,0.8105833333333333,0.8066666666666664,0.0006434941291809083
120,0.2,3,250,4444.374367155491,0.8009599999999998,0.7937599999999999,0.0006179642677307129
121,0.2,3,260,4437.411143172212,0.8034230769230775,0.7958461538461539,0.0006416511535644532
122,0.2,3,270,4532.526791767795,0.8055555555555557,0.7971111111111113,0.0006303930282592773
123,0.2,3,280,4610.870597832868,0.8081785714285715,0.8032142857142859,0.0006319546699523926
124,0.2,3,290,4631.253445841095,0.8087931034482757,0.8053448275862073,0.0006199431419372559
125,0.2,3,300,4576.207632944195,0.8052999999999997,0.8005666666666669,0.0006371927261352539
126,0.2,3,310,4473.437688914654,0.8026774193548388,0.7984838709677419,0.0006330180168151856
127,0.2,3,320,4623.684344005421,0.80553125,0.8082187499999998,0.0006207585334777832
128,0.2,3,330,4588.566356651736,0.8055151515151513,0.8039090909090912,0.000638575553894043
129,0.2,3,340,4523.7745788866405,0.8053529411764706,0.7985588235294121,0.0006285285949707031
130,0.2,3,350,4572.763175578123,0.8036571428571427,0.8023142857142855,0.0006559133529663086
131,0.2,3,360,4412.013897856072,0.8019166666666669,0.7941666666666671,0.0006361603736877441
132,0.2,3,370,4450.985074127513,0.8038918918918923,0.7969189189189188,0.0006488823890686035
133,0.2,3,380,4508.900985783449,0.8045526315789476,0.796578947368421,0.0006494283676147461
134,0.2,3,390,4627.888035754292,0.808230769230769,0.8067179487179483,0.000666050910949707
135,0.2,3,400,4455.6286528523415,0.7995999999999998,0.7970750000000001,0.0006706452369689941
136,0.2,3,410,4618.023768343679,0.8069756097560977,0.8058048780487809,0.0006525731086730957
137,0.2,3,420,4529.048647417198,0.8050476190476195,0.8036428571428573,0.0006700754165649414
138,0.2,3,430,4463.4340653904,0.7995813953488373,0.798558139534884,0.0006768131256103516
139,0.2,3,440,4494.926668302841,0.8047272727272727,0.7991363636363633,0.0006963181495666504
140,0.2,3,450,4475.290525651772,0.8046666666666666,0.7991777777777774,0.0006779098510742188
141,0.2,3,460,4502.907265899023,0.8034999999999988,0.7985434782608689,0.0007081437110900879
142,0.2,3,470,4466.041109832911,0.8034680851063827,0.7982765957446809,0.0006892013549804687
143,0.2,3,480,4492.174111400311,0.8046458333333334,0.8011666666666667,0.0007069993019104004
144,0.2,3,490,4447.547303779602,0.7994693877551023,0.7980612244897958,0.0006954789161682129
145,0.2,3,500,4467.228762803593,0.8016200000000001,0.8004799999999999,0.0007027053833007813
146,0.2,3,510,4469.560160687109,0.8022745098039217,0.8028235294117648,0.0007034850120544434
147,0.2,3,520,4413.168891530396,0.8022692307692308,0.7966346153846152,0.0007225203514099121
148,0.2,3,530,4467.6116906785355,0.8014905660377363,0.7989056603773583,0.0007287335395812989
149,0.2,3,540,4511.17333009107,0.8061666666666669,0.803240740740741,0.0007330441474914551
150,0.2,3,550,4447.384650053527,0.8044,0.7965454545454546,0.0007404327392578125
151,0.2,3,560,4483.5187821409045,0.8037857142857144,0.802214285714286,0.0007389569282531738
152,0.2,3,570,4493.313204596267,0.8050350877192984,0.8039824561403514,0.0007516956329345703
153,0.2,3,580,4475.584118808048,0.8048448275862072,0.8016034482758623,0.0007443475723266602
154,0.2,3,590,4460.28850827788,0.8026101694915251,0.7993050847457627,0.000739588737487793
155,0.2,3,600,4483.189826098839,0.8036499999999998,0.8003833333333339,0.000728151798248291
156,0.2,3,610,4454.833864394925,0.8032459016393445,0.7987868852459016,0.000750424861907959
157,0.2,3,620,4519.4352532443245,0.8036774193548386,0.8014999999999999,0.0007707166671752929
158,0.2,3,630,4428.335167743857,0.8015873015873012,0.7996825396825398,0.0007248878479003906
159,0.2,3,640,4495.3926455002875,0.8023906250000001,0.8044843749999996,0.0007330560684204101
160,0.2,3,650,4436.0233931763105,0.8014153846153844,0.7972461538461534,0.0007432007789611816
161,0.2,3,660,4483.4591224511105,0.8023181818181817,0.8014090909090906,0.000759282112121582
162,0.2,3,670,4494.016255791458,0.8037164179104482,0.8011791044776119,0.0007465362548828125
163,0.2,3,680,4458.25403020678,0.8024411764705881,0.7996911764705885,0.0007563614845275879
164,0.2,3,690,4405.1048366612395,0.8016956521739123,0.7985217391304339,0.000757451057434082
165,0.2,3,700,4439.694719391546,0.8025571428571427,0.7969714285714288,0.0007620048522949219
166,0.2,3,710,4452.902081004997,0.8022535211267605,0.7997042253521128,0.0007658720016479493
167,0.2,3,720,4439.689009974066,0.8010277777777778,0.8000833333333333,0.0007615613937377929
168,0.2,3,730,4518.3931366316965,0.8050410958904105,0.8015068493150688,0.0007552862167358399
169,0.2,3,740,4406.707976194354,0.8019999999999997,0.799162162162162,0.000754852294921875
170,0.2,3,750,4457.54663431244,0.8037599999999999,0.8005466666666662,0.000795743465423584
171,0.2,3,760,4452.1559274299725,0.801526315789474,0.8003684210526315,0.0007693696022033691
172,0.2,3,770,4516.686772225938,0.8015714285714287,0.8058311688311691,0.0007713842391967774
173,0.2,3,780,4370.191823324909,0.798564102564103,0.7951282051282057,0.0008039498329162598
174,0.2,3,790,4444.4442704080875,0.801835443037975,0.7980379746835443,0.0007999539375305176
175,0.2,3,800,4385.629732592325,0.8023875000000001,0.7972125000000002,0.0007733225822448731
176,0.2,3,810,4421.961559509695,0.8012098765432097,0.8015555555555559,0.0008098936080932617
177,0.2,3,820,4477.022085100861,0.8034512195121951,0.8016829268292684,0.0008021926879882812
178,0.2,3,830,4432.057141964036,0.8007590361445786,0.7998433734939759,0.0007940053939819336
179,0.2,3,840,4463.58637734555,0.8032023809523807,0.8025833333333332,0.000779731273651123
180,0.2,3,850,4446.853920303082,0.8029294117647059,0.8029058823529411,0.0008231186866760254
181,0.2,3,860,4509.203090474447,0.8038139534883716,0.8032558139534887,0.0008098721504211426
182,0.2,3,870,4470.208073626286,0.8022413793103452,0.8007126436781609,0.0007955265045166015
183,0.2,3,880,4474.733814106649,0.8028863636363639,0.8031022727272724,0.000815286636352539
184,0.2,3,890,4417.136469935267,0.8010674157303364,0.799303370786516,0.000816044807434082
185,0.2,3,900,4473.259281547851,0.8031999999999998,0.8031333333333335,0.0008108806610107422
186,0.2,3,910,4440.359089769738,0.8024945054945053,0.8008901098901099,0.0008185172080993653
187,0.2,3,920,4438.812662685408,0.8018260869565212,0.797902173913043,0.0008233618736267089
188,0.2,3,930,4441.560153751208,0.8005698924731179,0.7988709677419351,0.0008199501037597656
189,0.2,3,940,4438.161946007447,0.8018404255319151,0.7995212765957446,0.0008282661437988281
190,0.2,3,950,4455.683512918862,0.8030000000000004,0.8020947368421057,0.0007994580268859863
191,0.2,3,960,4379.153324112387,0.7999062499999998,0.799864583333333,0.0008249068260192871
192,0.2,3,970,4410.202352680993,0.8007113402061851,0.7973298969072166,0.0008304262161254883
193,0.2,3,980,4440.733020225925,0.8005408163265308,0.8016326530612247,0.0008365654945373535
194,0.2,3,990,4427.124937473615,0.8026363636363638,0.7986666666666663,0.0008175849914550781
195,0.2,3,1000,4433.985458462159,0.8022800000000001,0.7968900000000001,0.0008193850517272949
196,0.2,3,1010,4446.608951649599,0.8011980198019802,0.8000792079207926,0.0008412742614746094
197,0.2,3,1020,4393.013076530009,0.8001176470588238,0.7990588235294122,0.0008162760734558106
198,0.2,3,1030,4425.674658285206,0.8021844660194176,0.7980679611650484,0.0008408355712890625
199,0.2,3,1040,4404.993804511402,0.802076923076923,0.8010096153846156,0.0008597588539123536
200,0.2,4,50,321934.35272071924,0.8544000000000005,0.8281999999999995,0.0008085775375366211
201,0.2,4,60,275142.45302417193,0.8384999999999995,0.8016666666666665,0.0008104801177978516
202,0.2,4,70,274666.30667745636,0.8304285714285717,0.8157142857142853,0.0008125901222229004
203,0.2,4,80,259172.0255805233,0.8287500000000001,0.8057500000000001,0.0007872462272644043
204,0.2,4,90,254934.84920821968,0.8219999999999998,0.8037777777777777,0.0008203125
205,0.2,4,100,241448.15713188887,0.8238999999999997,0.8039000000000003,0.0008202743530273438
206,0.2,4,110,236831.19111290298,0.8189090909090909,0.8025454545454547,0.0008218145370483399
207,0.2,4,120,240742.54695110858,0.8208333333333334,0.8009999999999998,0.0008238744735717773
208,0.2,4,130,232523.31445720437,0.809769230769231,0.8007692307692308,0.0008241868019104004
209,0.2,4,140,234604.029675921,0.820214285714286,0.797571428571429,0.000825498104095459
210,0.2,4,150,234592.58940172198,0.8171333333333333,0.8095333333333332,0.0008272171020507812
211,0.2,4,160,226493.17467620198,0.8100624999999999,0.7999375000000003,0.0008282279968261719
212,0.2,4,170,221408.17616697177,0.8078823529411764,0.799235294117647,0.0008322596549987793
213,0.2,4,180,230360.69393756663,0.8148333333333335,0.8006666666666665,0.0008218169212341308
214,0.2,4,190,227544.1294525969,0.8118421052631578,0.8015789473684215,0.0008329892158508301
215,0.2,4,200,226052.43635879285,0.8094499999999998,0.8042999999999999,0.0008350396156311035
216,0.2,4,210,224162.5208684101,0.8091904761904759,0.8006666666666662,0.0008365130424499512
217,0.2,4,220,217291.88872691884,0.8085909090909085,0.7999090909090911,0.0008379960060119629
218,0.2,4,230,215590.52267862333,0.80591304347826,0.7991304347826085,0.0008432316780090332
219,0.2,4,240,217091.44956539705,0.8027083333333335,0.7961249999999996,0.0008421134948730469
220,0.2,4,250,216528.4064614523,0.8064799999999999,0.7980399999999996,0.0008347010612487792
221,0.2,4,260,218577.4601289178,0.810192307692308,0.8029615384615384,0.0008502101898193359
222,0.2,4,270,217462.01947355366,0.8091481481481481,0.801666666666667,0.0008484101295471191
223,0.2,4,280,214267.54108514788,0.8035000000000002,0.7945714285714287,0.0008513593673706055
224,0.2,4,290,221617.91674847424,0.8052413793103453,0.8043793103448273,0.0008509969711303711
225,0.2,4,300,214150.4959116402,0.8059333333333332,0.8013333333333332,0.0008540201187133789
226,0.2,4,310,211391.40763452393,0.8003548387096779,0.8003548387096773,0.0008552360534667968
227,0.2,4,320,216715.55546663716,0.80478125,0.8017499999999997,0.0008506369590759277
228,0.2,4,330,213934.6002789823,0.8027575757575757,0.8000606060606059,0.0008566737174987793
229,0.2,4,340,215303.46741671165,0.8050882352941177,0.7980294117647062,0.000859072208404541
230,0.2,4,350,217333.8506989564,0.8070857142857143,0.8050285714285716,0.0008605003356933593
231,0.2,4,360,218306.17099225672,0.8056666666666669,0.8028888888888891,0.0008622217178344727
232,0.2,4,370,219608.68209825328,0.8088108108108103,0.802,0.0008570432662963867
233,0.2,4,380,218304.6911828826,0.8086842105263159,0.7998684210526317,0.0008651900291442871
234,0.2,4,390,218489.034830666,0.8038717948717948,0.8018717948717948,0.0008641552925109864
235,0.2,4,400,214868.10250703,0.8050750000000002,0.8008750000000003,0.0008655166625976562
236,0.2,4,410,211915.43486757533,0.8038536585365855,0.7989268292682928,0.0008657073974609375
237,0.2,4,420,207632.41129558164,0.8012142857142863,0.7940952380952382,0.0008618688583374024
238,0.2,4,430,215918.0576509088,0.8041860465116278,0.7999767441860461,0.0008700013160705567
239,0.2,4,440,213048.37997728103,0.8043863636363636,0.7985681818181817,0.0008715152740478516
240,0.2,4,450,211477.9658388232,0.804355555555555,0.8012888888888883,0.0008723974227905273
241,0.2,4,460,216015.15330309301,0.8043478260869554,0.8005217391304343,0.0008721232414245605
242,0.2,4,470,219481.5764088116,0.8087021276595747,0.8050425531914892,0.0008744192123413086
243,0.2,4,480,212233.88997491013,0.8039374999999999,0.8015000000000003,0.0008676838874816894
244,0.2,4,490,216910.94420156657,0.8061224489795917,0.8047755102040816,0.0008779716491699219
245,0.2,4,500,211323.62375251844,0.8011399999999999,0.7993400000000003,0.0008786177635192871
246,0.2,4,510,212650.64714649916,0.802490196078431,0.8018235294117645,0.0008798265457153321
247,0.2,4,520,210883.89880094293,0.8036923076923078,0.7975192307692306,0.0008819246292114258
248,0.2,4,530,215044.62972551316,0.8024339622641515,0.805245283018868,0.0008758044242858886
249,0.2,4,540,215602.56667117495,0.8038703703703705,0.8022592592592598,0.0008829045295715332
250,0.2,4,550,209814.95638308235,0.8033272727272731,0.8011636363636366,0.0008836483955383301
251,0.2,4,560,209992.92330634285,0.8024464285714282,0.7971785714285714,0.000882565975189209
252,0.2,4,570,211653.24933671003,0.8055438596491227,0.8014912280701751,0.0008845973014831543
253,0.2,4,580,207513.0748838903,0.8004310344827583,0.7953793103448278,0.000888063907623291
254,0.2,4,590,211179.8691488451,0.8044915254237287,0.7998983050847464,0.0008903694152832031
255,0.2,4,600,216493.38603701658,0.8033833333333332,0.8059166666666665,0.0008933711051940918
256,0.2,4,610,214839.19965710092,0.8047377049180328,0.8019508196721311,0.0008911442756652832
257,0.2,4,620,209632.26139480097,0.8020806451612907,0.7980322580645162,0.0008876657485961914
258,0.2,4,630,210216.52350289014,0.8030634920634923,0.8003492063492061,0.0008970427513122558
259,0.2,4,640,211806.9490948949,0.8043593750000001,0.7996406250000001,0.0008970713615417481
260,0.2,4,650,213763.82170226797,0.8053692307692305,0.8021384615384614,0.0009015774726867675
261,0.2,4,660,212059.14798533393,0.8044696969696972,0.8042121212121213,0.0008975863456726074
262,0.2,4,670,209350.17898187388,0.8018805970149251,0.798283582089552,0.0009126830101013184
263,0.2,4,680,209548.90329331122,0.800735294117647,0.7991470588235299,0.0009042644500732422
264,0.2,4,690,211416.46044485449,0.8047246376811582,0.8002028985507235,0.0009018445014953614
265,0.2,4,700,212695.2593063329,0.8036571428571428,0.8011857142857147,0.0009046578407287597
266,0.2,4,710,212336.57818396765,0.8042394366197178,0.8020563380281687,0.0009068083763122558
267,0.2,4,720,208738.36569062126,0.8026388888888887,0.7967777777777775,0.0009083890914916992
268,0.2,4,730,210927.79648539342,0.8018356164383559,0.7997260273972603,0.0009118771553039551
269,0.2,4,740,208428.59048147112,0.802324324324324,0.7972702702702703,0.0009059834480285644
270,0.2,4,750,207342.1527136886,0.8004133333333333,0.7993333333333332,0.00091400146484375
271,0.2,4,760,209744.7261019161,0.801342105263158,0.8015526315789472,0.0009148049354553222
272,0.2,4,770,205921.76624029648,0.8001688311688313,0.7992727272727268,0.0009126424789428711
273,0.2,4,780,206259.49022749477,0.799846153846154,0.7965128205128204,0.000915067195892334
274,0.2,4,790,208217.65040771672,0.8013797468354433,0.7991139240506329,0.000918571949005127
275,0.2,4,800,209432.39334484114,0.8005999999999998,0.8011000000000001,0.0009207963943481445
276,0.2,4,810,209366.60907835345,0.8033209876543207,0.7997777777777779,0.0009199237823486328
277,0.2,4,820,207676.54135768555,0.7989878048780493,0.7974390243902438,0.0009158086776733398
278,0.2,4,830,211929.47729236315,0.803530120481928,0.8015060240963858,0.0009252285957336426
279,0.2,4,840,209817.5718317746,0.8019642857142855,0.7975,0.0009248423576354981
280,0.2,4,850,212196.58325914995,0.8041647058823529,0.8022470588235293,0.0009273719787597656
281,0.2,4,860,206179.58424482602,0.8009883720930232,0.7968023255813952,0.0009232354164123535
282,0.2,4,870,206679.81944835102,0.8008160919540228,0.796448275862069,0.0009289479255676269
283,0.2,4,880,210011.8278566036,0.8026477272727268,0.79975,0.0009288096427917481
284,0.2,4,890,209842.7374612214,0.8036179775280887,0.8009438202247181,0.0009298920631408691
285,0.2,4,900,209271.01191972298,0.800222222222222,0.7993777777777775,0.0009335041046142578
286,0.2,4,910,209528.77010341457,0.8010549450549447,0.7992747252747253,0.0009352397918701171
287,0.2,4,920,211544.26924771638,0.8031304347826085,0.8020543478260869,0.000937514305114746
288,0.2,4,930,208336.09125731996,0.8037956989247309,0.7994086021505376,0.0009332704544067383
289,0.2,4,940,210371.32188684773,0.80181914893617,0.8008085106382979,0.0009384489059448242
290,0.2,4,950,207269.1201029683,0.8000000000000002,0.7998421052631575,0.0009427833557128907
291,0.2,4,960,211434.97973966668,0.8029895833333335,0.8028020833333335,0.0009377026557922364
292,0.2,4,970,209124.55055345406,0.8023608247422679,0.8005051546391752,0.0009435844421386718
293,0.2,4,980,208500.13924968624,0.800244897959184,0.799275510204082,0.0009448719024658203
294,0.2,4,990,208420.10582645008,0.8013434343434344,0.7993939393939393,0.0009437727928161621
295,0.2,4,1000,206717.02176995366,0.7997600000000005,0.7978000000000001,0.0009477376937866211
296,0.2,4,1010,209194.18330891867,0.8019801980198022,0.7976732673267328,0.0009499526023864746
297,0.2,4,1020,207991.31932141967,0.800637254901961,0.8008431372549022,0.0009520411491394043
298,0.2,4,1030,209748.82023251557,0.8008349514563108,0.7995242718446604,0.0009471654891967773
299,0.2,4,1040,206716.97251202515,0.8014903846153844,0.7975480769230766,0.0009574317932128907
300,0.2,5,50,23233521.546570845,0.8554000000000005,0.8198000000000001,0.0008109450340270996
301,0.2,5,60,18680739.05603725,0.8384999999999998,0.800333333333333,0.0008147144317626953
302,0.2,5,70,16809261.921427425,0.8297142857142852,0.8005714285714285,0.0008164882659912109
303,0.2,5,80,16538053.769347947,0.8331250000000003,0.7991250000000004,0.000786430835723877
304,0.2,5,90,15974708.274992,0.821888888888889,0.8016666666666665,0.0008201956748962403
305,0.2,5,100,15171963.436649969,0.8223000000000001,0.7921000000000005,0.0008222579956054688
306,0.2,5,110,15656662.279685453,0.8236363636363638,0.8062727272727274,0.0008224296569824219
307,0.2,5,120,15238373.664603299,0.8151666666666667,0.8089166666666666,0.000823206901550293
308,0.2,5,130,14402364.453606365,0.8159230769230768,0.7980769230769227,0.0008264970779418945
309,0.2,5,140,14963848.711173333,0.8192142857142855,0.8073571428571427,0.0008217215538024903
310,0.2,5,150,15210045.045148904,0.8168,0.8014666666666669,0.0008262181282043457
311,0.2,5,160,14467638.35325459,0.816125,0.8032499999999999,0.0008307003974914551
312,0.2,5,170,14412830.938942825,0.8109411764705879,0.8059411764705879,0.0008327412605285644
313,0.2,5,180,13831547.834991224,0.8107777777777777,0.796388888888889,0.0008336663246154785
314,0.2,5,190,13656430.221462931,0.8049473684210529,0.7985789473684208,0.0008346915245056152
315,0.2,5,200,13851761.90940591,0.8140000000000001,0.79915,0.000836641788482666
316,0.2,5,210,14057075.825058512,0.8147142857142855,0.8018571428571428,0.0008380579948425293
317,0.2,5,220,13689556.876676952,0.8075909090909091,0.795772727272727,0.0008310580253601074
318,0.2,5,230,14171110.079303714,0.8119130434782602,0.807652173913043,0.0008409142494201661
319,0.2,5,240,14624821.214774696,0.8125,0.8134583333333337,0.0008434557914733887
320,0.2,5,250,13773855.944644926,0.8068800000000005,0.7983600000000003,0.0008437967300415039
321,0.2,5,260,13973151.453621788,0.812346153846154,0.8086923076923075,0.0008486032485961914
322,0.2,5,270,13262722.183931505,0.8072592592592593,0.7985925925925922,0.0008428764343261719
323,0.2,5,280,13677094.428902924,0.8091428571428572,0.8009285714285717,0.0008516407012939453
324,0.2,5,290,13891292.320699513,0.81,0.8023103448275865,0.0008531904220581055
325,0.2,5,300,13503243.27879537,0.8076999999999999,0.801866666666667,0.0008552384376525879
326,0.2,5,310,13789817.009542143,0.8088387096774192,0.8018387096774191,0.0008637380599975586
327,0.2,5,320,13400167.684627999,0.8075000000000001,0.7988124999999999,0.0008596277236938476
328,0.2,5,330,13180377.011545116,0.804848484848485,0.8020909090909092,0.0008590030670166016
329,0.2,5,340,13662553.577560408,0.8076176470588237,0.8025294117647058,0.000855710506439209
330,0.2,5,350,13229257.042771332,0.8076857142857143,0.8011142857142853,0.0008616209030151367
331,0.2,5,360,13583895.633588845,0.8084166666666666,0.8018611111111116,0.0008654522895812988
332,0.2,5,370,12715118.8463012,0.8036486486486492,0.7929729729729731,0.0008649420738220215
333,0.2,5,380,13462406.822141007,0.805868421052632,0.7991842105263158,0.0008658552169799804
334,0.2,5,390,13581713.84394471,0.8094615384615385,0.8042307692307692,0.0008645725250244141
335,0.2,5,400,13364372.709755342,0.8072500000000001,0.8011000000000003,0.0008643651008605957
336,0.2,5,410,12998707.354680099,0.8049024390243903,0.7952926829268295,0.0008690881729125976
337,0.2,5,420,12985648.29208152,0.8025952380952383,0.7965714285714287,0.0008708691596984863
338,0.2,5,430,13487836.573891744,0.8053255813953487,0.8044651162790697,0.0008743786811828613
339,0.2,5,440,13289765.909791086,0.8073181818181814,0.7999999999999994,0.0008681941032409667
340,0.2,5,450,13096982.685268395,0.8051333333333335,0.8016666666666664,0.0008748292922973633
341,0.2,5,460,13155585.758805111,0.8037608695652166,0.8036956521739121,0.0008755230903625488
342,0.2,5,470,13041699.365601456,0.8064255319148937,0.7985744680851063,0.0008800911903381347
343,0.2,5,480,13357296.710464215,0.8082083333333335,0.8039166666666664,0.0008790445327758789
344,0.2,5,490,13522800.313792542,0.8079591836734694,0.8048571428571427,0.0008788776397705079
345,0.2,5,500,13257952.906680541,0.8053199999999998,0.80208,0.0008781909942626953
346,0.2,5,510,12985290.00479503,0.8014117647058825,0.8000196078431369,0.0008919668197631836
347,0.2,5,520,13324455.473698974,0.8064807692307688,0.8033269230769231,0.0008890843391418457
348,0.2,5,530,13088237.018192615,0.8041886792452835,0.7993207547169812,0.0008885025978088379
349,0.2,5,540,12870854.877686482,0.8041111111111108,0.7982407407407406,0.0008830595016479493
350,0.2,5,550,13368797.866857832,0.8057818181818179,0.8023818181818184,0.0008898162841796875
351,0.2,5,560,12772492.990971176,0.8028214285714287,0.8000178571428569,0.0008923172950744629
352,0.2,5,570,13173808.816260457,0.8029999999999999,0.8019999999999997,0.0008848118782043457
353,0.2,5,580,12809124.536014982,0.8023965517241379,0.7990172413793103,0.0008934640884399414
354,0.2,5,590,12913606.260247199,0.8033050847457627,0.7987118644067794,0.000893399715423584
355,0.2,5,600,13016033.876569975,0.8029999999999995,0.7981666666666668,0.0008953118324279785
356,0.2,5,610,12895106.383303028,0.8017540983606561,0.7979344262295085,0.000897824764251709
357,0.2,5,620,13214317.810389323,0.8076290322580649,0.8023387096774194,0.0008981060981750488
358,0.2,5,630,12995469.330380922,0.8043650793650794,0.802904761904762,0.0008947873115539551
359,0.2,5,640,12886908.67861423,0.8023593749999998,0.7991718750000003,0.0009010100364685059
360,0.2,5,650,12889978.11759429,0.8038307692307691,0.8001384615384616,0.0009016966819763183
361,0.2,5,660,12844966.362459393,0.8030757575757579,0.7991212121212123,0.000899505615234375
362,0.2,5,670,12783725.678612243,0.8021641791044779,0.7992238805970147,0.0009032058715820313
363,0.2,5,680,13240269.031375792,0.8044705882352943,0.8042205882352941,0.0009067773818969727
364,0.2,5,690,13178408.863197947,0.8029565217391297,0.8015507246376802,0.0009085321426391601
365,0.2,5,700,12946093.940460324,0.8023714285714285,0.8021000000000004,0.0009105777740478515
366,0.2,5,710,13199886.48617546,0.8040704225352111,0.8012676056338027,0.0009055614471435546
367,0.2,5,720,13083394.839987237,0.804958333333333,0.8028055555555557,0.0009128975868225097
368,0.2,5,730,12944985.060928378,0.8023287671232876,0.7989452054794519,0.0009148526191711426
369,0.2,5,740,13010205.43168682,0.8051621621621622,0.8023783783783784,0.0009130120277404785
370,0.2,5,750,12942861.798873246,0.8029600000000003,0.7999466666666666,0.0009137392044067383
371,0.2,5,760,12923402.143919466,0.8035921052631578,0.8000000000000002,0.0009185242652893067
372,0.2,5,770,13095756.17746669,0.8039220779220778,0.8005974025974025,0.0009147095680236817
373,0.2,5,780,12883938.433657039,0.8033974358974363,0.8011538461538461,0.0009247446060180664
374,0.2,5,790,12762854.250221405,0.8028860759493672,0.7969240506329115,0.0009231042861938477
375,0.2,5,800,12900550.923036182,0.8031624999999997,0.7978750000000002,0.000924069881439209
376,0.2,5,810,13045009.55492917,0.8049876543209881,0.8031604938271606,0.0009245038032531738
377,0.2,5,820,12753965.995296624,0.8009878048780485,0.7979878048780489,0.0009190773963928222
378,0.2,5,830,12675014.49171574,0.8012530120481931,0.797096385542169,0.0009298348426818848
379,0.2,5,840,12816435.34248094,0.8035,0.7980238095238095,0.0009289598464965821
380,0.2,5,850,13083646.464686697,0.8036588235294119,0.8023882352941178,0.0009262514114379883
381,0.2,5,860,12799497.556045555,0.8032674418604651,0.7994418604651163,0.0009331583976745605
382,0.2,5,870,12641541.321332114,0.8031724137931039,0.7992183908045978,0.0009331583976745605
383,0.2,5,880,13232024.737132706,0.8057840909090913,0.8056136363636364,0.0009322619438171387
384,0.2,5,890,12764303.79844033,0.801999999999999,0.8007078651685384,0.0009374308586120605
385,0.2,5,900,12804901.492996888,0.8019888888888892,0.8013333333333337,0.0009357738494873047
386,0.2,5,910,13044794.714213751,0.8032857142857144,0.8008461538461534,0.0009390044212341308
387,0.2,5,920,12872335.125150705,0.8031413043478258,0.8005434782608694,0.0009370779991149902
388,0.2,5,930,12916125.859414311,0.8032580645161288,0.8030645161290322,0.0009423828125
389,0.2,5,940,12725641.13564779,0.8018510638297872,0.7960319148936174,0.0009459495544433594
390,0.2,5,950,12878780.02314406,0.8029263157894736,0.8005368421052629,0.0009426450729370117
391,0.2,5,960,13010840.206607444,0.8024270833333336,0.8024166666666663,0.0009508681297302246
392,0.2,5,970,12866835.427408338,0.8022268041237116,0.8040618556701028,0.0009414505958557129
393,0.2,5,980,12961454.602021994,0.802020408163265,0.8008877551020409,0.0009523129463195801
394,0.2,5,990,12738195.13351099,0.802010101010101,0.7997272727272728,0.0009512662887573242
395,0.2,5,1000,12859349.108531153,0.80132,0.8004400000000004,0.0009525775909423828
396,0.2,5,1010,12932490.008157417,0.8027920792079211,0.8023465346534653,0.0009482288360595703
397,0.2,5,1020,12782184.195554994,0.8015784313725492,0.8005686274509807,0.0009574627876281738
398,0.2,5,1030,12722617.078445919,0.8033300970873783,0.7988737864077672,0.0009520936012268066
399,0.2,5,1040,12743469.223761916,0.8024615384615381,0.8019903846153842,0.0009600996971130371
400,0.2,6,50,1925078374.688434,0.8566000000000006,0.8172,0.0008145070075988769
401,0.2,6,60,1469327648.7004285,0.8389999999999995,0.7894999999999994,0.0008155131340026856
402,0.2,6,70,1501925234.6175218,0.8399999999999993,0.7949999999999996,0.0008183956146240234
403,0.2,6,80,1330677169.7820418,0.8319999999999997,0.7923749999999998,0.0008192634582519531
404,0.2,6,90,1436059516.1911073,0.8407777777777774,0.8165555555555554,0.0008201336860656738
405,0.2,6,100,1259734569.129205,0.8291000000000001,0.8053,0.0008219337463378906
406,0.2,6,110,1241164298.4921968,0.8243636363636366,0.7981818181818181,0.0007946491241455078
407,0.2,6,120,1227621061.9039028,0.8198333333333333,0.8011666666666665,0.0008240771293640136
408,0.2,6,130,1253774454.017297,0.8231538461538463,0.8073846153846153,0.0008276939392089844
409,0.2,6,140,1200761915.121075,0.8234999999999996,0.810142857142857,0.0008287239074707031
410,0.2,6,150,1169764253.4107864,0.8155999999999995,0.8070666666666665,0.000829477310180664
411,0.2,6,160,1194792352.973395,0.81875,0.809375,0.0008318495750427247
412,0.2,6,170,1168584185.6449664,0.8224117647058823,0.8105294117647062,0.0008329010009765625
413,0.2,6,180,1080019394.456566,0.814777777777778,0.8023333333333338,0.000828859806060791
414,0.2,6,190,1105277204.4061673,0.8142105263157895,0.800526315789474,0.0008352255821228027
415,0.2,6,200,1085215929.2696023,0.8131999999999995,0.8013499999999995,0.0008380985260009765
416,0.2,6,210,1113893544.8655312,0.8122857142857146,0.804380952380952,0.000840134620666504
417,0.2,6,220,1056734811.2363255,0.8125,0.7983181818181814,0.0008426308631896973
418,0.2,6,230,1054808959.8839284,0.8096086956521732,0.7976956521739125,0.0008417487144470215
419,0.2,6,240,1044177083.717222,0.809583333333333,0.8022083333333334,0.0008375287055969238
420,0.2,6,250,1096618979.5255842,0.8094800000000003,0.8070000000000002,0.0008458948135375977
421,0.2,6,260,1065538573.5555629,0.8091538461538463,0.8011923076923076,0.0008508205413818359
422,0.2,6,270,1025583768.1314557,0.8082222222222222,0.801148148148148,0.0008526611328125
423,0.2,6,280,1019659861.7128638,0.8120714285714282,0.801214285714286,0.0008531928062438965
424,0.2,6,290,1052592806.7923126,0.8078275862068962,0.8046896551724138,0.0008536314964294433
425,0.2,6,300,1031828767.0781674,0.8106999999999998,0.7994999999999998,0.0008560991287231445
426,0.2,6,310,1036050164.8548229,0.8069999999999997,0.8020322580645163,0.0008508205413818359
427,0.2,6,320,1034029700.3473358,0.8079687500000002,0.8012812499999998,0.0008582258224487304
428,0.2,6,330,1020106818.0122796,0.8072727272727274,0.7996666666666664,0.0008594393730163574
429,0.2,6,340,1026795268.9116141,0.8064411764705887,0.80214705882353,0.000861351490020752
430,0.2,6,350,1059403058.5190474,0.8101714285714288,0.8101714285714284,0.0008648180961608887
431,0.2,6,360,999499931.2281815,0.8063888888888888,0.7994999999999999,0.0008608436584472656
432,0.2,6,370,1040878711.5040884,0.8083513513513512,0.8011891891891888,0.0008624076843261718
433,0.2,6,380,1051673998.1844058,0.8107368421052636,0.8088947368421054,0.0008657479286193848
434,0.2,6,390,1085259226.169467,0.8125641025641025,0.8118974358974361,0.0008687925338745117
435,0.2,6,400,998871533.7817627,0.8034000000000002,0.799475,0.0008661460876464844
436,0.2,6,410,1012413332.1345116,0.8064634146341466,0.8030487804878048,0.0008676457405090332
437,0.2,6,420,990315296.5683151,0.8038333333333337,0.798261904761905,0.0008730173110961914
438,0.2,6,430,1021120343.832214,0.8092093023255813,0.8036976744186046,0.000874466896057129
439,0.2,6,440,1029692856.8717107,0.8079090909090911,0.8081818181818184,0.0008760285377502441
440,0.2,6,450,1001321190.4889808,0.8054222222222224,0.8032888888888889,0.0008764004707336425
441,0.2,6,460,1008349517.0148873,0.8065652173913037,0.8008043478260864,0.0008750033378601075
442,0.2,6,470,1007755296.4348527,0.8067021276595745,0.80531914893617,0.0008738470077514648
443,0.2,6,480,962270033.54051,0.803333333333333,0.7951666666666667,0.0008797979354858398
444,0.2,6,490,996724669.5674357,0.8059999999999996,0.8004081632653061,0.0008805108070373535
445,0.2,6,500,1004791518.828297,0.8068800000000003,0.8002199999999999,0.0008818602561950684
446,0.2,6,510,988143546.9405202,0.8053529411764704,0.8002352941176467,0.000877218246459961
447,0.2,6,520,996259523.0925438,0.8035384615384615,0.79825,0.0008938288688659667
448,0.2,6,530,965827760.9287934,0.7999433962264153,0.7980566037735851,0.0008893680572509766
449,0.2,6,540,996345751.4384912,0.8052407407407407,0.8020555555555556,0.0008858609199523926
450,0.2,6,550,970605436.6915169,0.8044181818181819,0.7962181818181819,0.0008907866477966309
451,0.2,6,560,982589053.9698328,0.8048928571428573,0.7977499999999993,0.0008920502662658692
452,0.2,6,570,1002463152.6292082,0.8058596491228068,0.8042280701754386,0.0008930206298828125
453,0.2,6,580,1017174791.1046705,0.8076896551724136,0.8060517241379307,0.000888369083404541
454,0.2,6,590,965153546.8302643,0.8038983050847457,0.7966271186440674,0.0008953666687011719
455,0.2,6,600,990225485.8622206,0.805833333333333,0.8025666666666664,0.0008990406990051269
456,0.2,6,610,979000155.2997669,0.8057540983606557,0.8013770491803278,0.0008922243118286133
457,0.2,6,620,1022477066.9326885,0.8065967741935487,0.805983870967742,0.0009015941619873047
458,0.2,6,630,998108886.955839,0.8051746031746033,0.8026825396825403,0.0009031248092651367
459,0.2,6,640,984452061.1149712,0.8049374999999999,0.80028125,0.0009035658836364746
460,0.2,6,650,991632027.5353395,0.8029846153846155,0.8024307692307688,0.0009058976173400879
461,0.2,6,660,978072350.3174099,0.8043636363636361,0.7972272727272726,0.0009019231796264649
462,0.2,6,670,985022818.6738144,0.8067462686567164,0.8021940298507463,0.0009078145027160645
463,0.2,6,680,979827432.9756441,0.8034264705882355,0.7992058823529411,0.0009096670150756836
464,0.2,6,690,972332390.1921773,0.8053623188405789,0.7983623188405793,0.0009090685844421386
465,0.2,6,700,980462343.1681293,0.8038142857142857,0.8017142857142862,0.0009095978736877442
466,0.2,6,710,1004441327.4474769,0.804957746478873,0.8056901408450707,0.0009136199951171875
467,0.2,6,720,983570414.466072,0.8032500000000005,0.8016249999999999,0.0009115052223205567
468,0.2,6,730,970887252.2825586,0.802986301369863,0.7990958904109585,0.0009184169769287109
469,0.2,6,740,976801834.7035571,0.8047162162162164,0.8017027027027026,0.0009184908866882324
470,0.2,6,750,965431407.5317676,0.8017600000000005,0.7996133333333333,0.0009194660186767578
471,0.2,6,760,982147436.4536102,0.8042631578947365,0.799776315789474,0.0009214329719543457
472,0.2,6,770,971343995.3118699,0.8040779220779222,0.7981948051948051,0.0009205770492553711
473,0.2,6,780,984692815.4460685,0.80324358974359,0.8011794871794872,0.000930325984954834
474,0.2,6,790,969077660.3052891,0.8011772151898736,0.7978101265822786,0.0009288382530212402
475,0.2,6,800,966574009.3682138,0.8026874999999992,0.8017624999999997,0.0009266233444213867
476,0.2,6,810,960544092.4264209,0.8023580246913579,0.7981481481481483,0.0009334039688110352
477,0.2,6,820,985663226.4576812,0.8044146341463414,0.8027560975609761,0.0009289431571960449
478,0.2,6,830,982418513.219557,0.8042771084337352,0.8009036144578316,0.0009303593635559082
479,0.2,6,840,963465631.5634596,0.8043333333333331,0.7973690476190477,0.0009343361854553222
480,0.2,6,850,955515640.0527643,0.8014235294117649,0.7976588235294118,0.0009343242645263672
481,0.2,6,860,982741415.6504477,0.8038953488372093,0.8009651162790701,0.0009347200393676758
482,0.2,6,870,973001293.2503449,0.8037126436781609,0.7998965517241378,0.0009406352043151855
483,0.2,6,880,975935924.9776825,0.8047727272727275,0.8008977272727273,0.0009450244903564453
484,0.2,6,890,989060109.3668424,0.8041348314606732,0.8036629213483139,0.0009364581108093262
485,0.2,6,900,943736601.9412962,0.8006333333333336,0.7937888888888893,0.0009451913833618164
486,0.2,6,910,956389745.5520467,0.8027912087912087,0.795263736263736,0.0009437894821166992
487,0.2,6,920,960886132.3664132,0.8003695652173909,0.7978695652173908,0.000947275161743164
488,0.2,6,930,981152875.3765525,0.8032150537634408,0.8013118279569895,0.0009444928169250488
489,0.2,6,940,978763124.106867,0.8042872340425532,0.8018829787234041,0.0009501481056213379
490,0.2,6,950,962394531.6053079,0.8018947368421051,0.7998526315789473,0.0009531021118164062
491,0.2,6,960,954329064.5359049,0.8016458333333334,0.7969791666666665,0.0009510183334350586
492,0.2,6,970,970417774.5340128,0.8014845360824745,0.7982989690721649,0.000955519676208496
493,0.2,6,980,945648269.7794005,0.8014183673469388,0.79580612244898,0.0009530830383300781
494,0.2,6,990,968546689.7060144,0.8013232323232325,0.8033333333333335,0.0009610104560852051
495,0.2,6,1000,959248811.6068864,0.8020700000000001,0.7986300000000006,0.0009624528884887696
496,0.2,6,1010,959819139.117528,0.8015940594059404,0.7984752475247529,0.0009569978713989258
497,0.2,6,1020,956956178.5644746,0.8022843137254908,0.8001078431372552,0.0009644222259521484
498,0.2,6,1030,966999731.875341,0.8029902912621357,0.7985048543689319,0.0009661507606506347
499,0.2,6,1040,983196823.8397919,0.8023173076923074,0.8019423076923079,0.0009656763076782227
500,0.2,7,50,190229359671.25735,0.8610000000000001,0.8051999999999994,0.0008206486701965332
501,0.2,7,60,177118266813.001,0.859833333333333,0.8221666666666668,0.0008170819282531739
502,0.2,7,70,142231445431.06946,0.8434285714285711,0.7964285714285714,0.0008185744285583496
503,0.2,7,80,143408327366.94894,0.8427500000000003,0.8121250000000003,0.000819244384765625
504,0.2,7,90,124275380166.13107,0.8355555555555554,0.7963333333333332,0.0008217000961303711
505,0.2,7,100,124867415556.3884,0.8333999999999997,0.8100000000000003,0.0007924175262451172
506,0.2,7,110,116719846003.27141,0.8326363636363636,0.8031818181818186,0.0008233618736267089
507,0.2,7,120,118858408728.66454,0.8261666666666672,0.8129999999999997,0.0008248233795166015
508,0.2,7,130,113757692929.36009,0.8301538461538455,0.8070000000000002,0.0008278393745422363
509,0.2,7,140,110866483977.4548,0.8221428571428575,0.8047857142857147,0.000828857421875
510,0.2,7,150,113907736188.54752,0.8185999999999999,0.8130666666666668,0.0008319711685180664
511,0.2,7,160,108241920372.39679,0.8191250000000002,0.7961875000000005,0.0008337545394897461
512,0.2,7,170,107107238966.08469,0.8172352941176468,0.8014705882352938,0.0008347320556640625
513,0.2,7,180,101585596151.27223,0.8170555555555559,0.800388888888889,0.000836029052734375
514,0.2,7,190,104762295941.4265,0.8198947368421056,0.8065263157894738,0.0008295750617980957
515,0.2,7,200,101898223930.80461,0.8157,0.7976000000000001,0.0008403468132019043
516,0.2,7,210,94593455569.86371,0.812809523809524,0.7982380952380956,0.0008422636985778809
517,0.2,7,220,98850593231.76836,0.8131363636363639,0.8025454545454543,0.0008424854278564453
518,0.2,7,230,97117921709.1068,0.8147826086956513,0.8000869565217389,0.0008444046974182129
519,0.2,7,240,97899447210.91844,0.8116666666666668,0.8002083333333337,0.0008465743064880371
520,0.2,7,250,95412454958.08864,0.8084000000000002,0.8021199999999999,0.0008386731147766113
521,0.2,7,260,94494420427.22963,0.8116923076923078,0.8003076923076928,0.0008525991439819336
522,0.2,7,270,91535556546.47244,0.8091481481481482,0.798555555555556,0.0008530259132385254
523,0.2,7,280,95715467176.07059,0.8111071428571431,0.8035000000000003,0.0008541131019592285
524,0.2,7,290,98644298982.4668,0.814896551724138,0.8028620689655172,0.0008553099632263183
525,0.2,7,300,95257850062.0921,0.8100333333333335,0.8035,0.0008509588241577148
526,0.2,7,310,95685677862.5716,0.8112258064516128,0.8025161290322579,0.0008599448204040527
527,0.2,7,320,96334704699.63322,0.8081875000000001,0.8030937499999999,0.0008629846572875976
528,0.2,7,330,95269285890.3711,0.8132727272727273,0.8015454545454546,0.0008626413345336914
529,0.2,7,340,92164941603.85724,0.8069117647058826,0.8022352941176473,0.0008626842498779297
530,0.2,7,350,90765980213.50542,0.8077428571428567,0.8001999999999999,0.0008663606643676758
531,0.2,7,360,90208448974.61174,0.8053611111111113,0.7985555555555558,0.0008618354797363282
532,0.2,7,370,95568879068.4361,0.8071891891891896,0.8076756756756757,0.000866405963897705
533,0.2,7,380,92831974065.6624,0.8050263157894737,0.8049473684210525,0.0008696603775024414
534,0.2,7,390,88735532372.82825,0.8068717948717944,0.7949743589743592,0.0008717107772827148
535,0.2,7,400,93396276824.6589,0.8078499999999995,0.8057750000000002,0.000867166519165039
536,0.2,7,410,93217076662.81062,0.8084390243902441,0.8075609756097564,0.0008718109130859375
537,0.2,7,420,94775376614.37105,0.8114761904761901,0.8069761904761908,0.0008749914169311523
538,0.2,7,430,90861409494.57986,0.8073488372093023,0.796395348837209,0.0008759880065917968
539,0.2,7,440,89615000204.14214,0.8040454545454544,0.7983863636363638,0.0008769869804382324
540,0.2,7,450,90958246857.18979,0.8068222222222227,0.8038222222222224,0.0008738040924072266
541,0.2,7,460,93106428194.71695,0.8075434782608688,0.8085869565217385,0.0008752179145812988
542,0.2,7,470,91527237636.02573,0.804957446808511,0.8012340425531912,0.0008808207511901855
543,0.2,7,480,87988146671.36502,0.8030833333333337,0.7964583333333332,0.0008826875686645508
544,0.2,7,490,92347610874.80112,0.806020408163265,0.8043265306122452,0.0008824563026428223
545,0.2,7,500,91558133049.15363,0.8059199999999999,0.8022199999999998,0.0008801531791687012
546,0.2,7,510,90505397768.77513,0.8071176470588233,0.8004705882352939,0.0008863878250122071
547,0.2,7,520,92735817745.93471,0.8081923076923075,0.8058076923076923,0.0008889222145080566
548,0.2,7,530,89683508409.87631,0.80533962264151,0.8021886792452828,0.0008865809440612793
549,0.2,7,540,89455042447.79874,0.8059814814814815,0.7995185185185189,0.0008995604515075684
550,0.2,7,550,92493559260.01418,0.8082181818181812,0.8046545454545455,0.0008986473083496093
551,0.2,7,560,89698397459.30692,0.8059107142857144,0.8009821428571429,0.0008974242210388184
552,0.2,7,570,90260279610.25835,0.8064035087719299,0.8010350877192984,0.0008990311622619629
553,0.2,7,580,88674531525.9672,0.804103448275862,0.7971379310344825,0.000893404483795166
554,0.2,7,590,90655988113.95255,0.8062372881355929,0.7986271186440679,0.0009005022048950195
555,0.2,7,600,86470610081.4265,0.8057166666666672,0.7983166666666667,0.0009021401405334472
556,0.2,7,610,91587678637.75587,0.8044918032786886,0.8042459016393441,0.0008987808227539063
557,0.2,7,620,86368716910.43732,0.8039677419354837,0.7949354838709682,0.000905928611755371
558,0.2,7,630,90004424289.55183,0.8030158730158728,0.8021904761904759,0.000907747745513916
559,0.2,7,640,87366431353.53163,0.805328125,0.8009687500000006,0.0009048008918762208
560,0.2,7,650,87413150500.93869,0.8039384615384617,0.7995230769230774,0.0009120225906372071
561,0.2,7,660,89751241679.68071,0.8049090909090907,0.7996515151515149,0.0009127545356750488
562,0.2,7,670,92414162675.72449,0.807731343283582,0.8037313432835822,0.0009151124954223633
563,0.2,7,680,90142623314.02007,0.8061764705882353,0.803088235294118,0.0009168815612792968
564,0.2,7,690,88832863640.76659,0.8051159420289845,0.8012753623188398,0.0009140729904174805
565,0.2,7,700,88013491455.34865,0.8052571428571426,0.7986571428571432,0.0009205031394958496
566,0.2,7,710,87765332162.59816,0.8033521126760563,0.7995492957746481,0.0009201955795288086
567,0.2,7,720,87661636464.59428,0.8048611111111115,0.7999583333333335,0.0009179520606994629
568,0.2,7,730,90322225649.16248,0.8053698630136988,0.8052876712328768,0.0009227776527404785
569,0.2,7,740,87149238580.71436,0.8036621621621619,0.7970405405405409,0.000924975872039795
570,0.2,7,750,88005558293.77081,0.8042266666666669,0.7992533333333333,0.000920565128326416
571,0.2,7,760,86956526585.28036,0.8033815789473684,0.7968421052631577,0.0009290266036987304
572,0.2,7,770,88464493335.58546,0.8036623376623376,0.8014155844155846,0.0009301042556762695
573,0.2,7,780,89122792363.68932,0.8038717948717953,0.8012948717948718,0.0009265613555908204
574,0.2,7,790,89057777111.45729,0.8064177215189876,0.801379746835443,0.0009345364570617676
575,0.2,7,800,87083362760.25406,0.8014874999999999,0.7975875000000002,0.0009302020072937012
576,0.2,7,810,87024496877.50488,0.8025061728395064,0.8005061728395062,0.0009365057945251464
577,0.2,7,820,89072030923.94226,0.8049146341463418,0.8013658536585366,0.0009388494491577149
578,0.2,7,830,88626187358.23859,0.8040240963855417,0.8011566265060236,0.0009401416778564453
579,0.2,7,840,87525552284.44817,0.803202380952381,0.8006309523809522,0.0009376907348632813
580,0.2,7,850,86419472333.16788,0.8027294117647057,0.8021058823529412,0.0009433960914611816
581,0.2,7,860,89303221361.81892,0.8041511627906973,0.8030581395348834,0.0009431076049804687
582,0.2,7,870,86555965524.2467,0.8015747126436782,0.7992643678160918,0.0009406661987304688
583,0.2,7,880,88911465545.91725,0.8035000000000002,0.801556818181818,0.0009466934204101562
584,0.2,7,890,86867043880.03008,0.8036741573033701,0.8013370786516846,0.0009455084800720215
585,0.2,7,900,87575024600.82382,0.8021555555555551,0.8012666666666667,0.0009495878219604492
586,0.2,7,910,86610138637.90692,0.8023076923076922,0.7996813186813182,0.000951828956604004
587,0.2,7,920,86910778730.6915,0.8025760869565214,0.8004782608695651,0.0009541845321655273
588,0.2,7,930,86327691717.21617,0.8028602150537637,0.80036559139785,0.0009546422958374023
589,0.2,7,940,89370621575.47382,0.803468085106383,0.8044468085106382,0.0009558486938476562
590,0.2,7,950,86174214439.05272,0.8012947368421054,0.7952842105263156,0.0009555649757385254
591,0.2,7,960,86842567212.02931,0.8024687500000001,0.8005416666666669,0.0009623980522155762
592,0.2,7,970,87949108476.27779,0.8035051546391752,0.8007113402061854,0.0009551072120666504
593,0.2,7,980,85327677513.93935,0.8005510204081634,0.795765306122449,0.0009641289710998535
594,0.2,7,990,88448273846.30678,0.8041414141414143,0.8023535353535355,0.0009677338600158691
595,0.2,7,1000,86528275962.52936,0.8029900000000002,0.79952,0.0009634041786193848
596,0.2,7,1010,86482068997.6424,0.8024356435643564,0.7989207920792083,0.0009658360481262208
597,0.2,7,1020,86615922967.04005,0.8023137254901964,0.7968137254901965,0.0009724926948547363
598,0.2,7,1030,88237304681.11787,0.8038834951456311,0.803223300970874,0.0009676885604858399
599,0.2,7,1040,85802979587.40805,0.8018461538461534,0.8005192307692306,0.0009753632545471191
600,0.2,8,50,26716010403987.54,0.8686000000000006,0.821,0.0008203029632568359
601,0.2,8,60,18686835444985.84,0.8543333333333333,0.7954999999999997,0.0008262109756469727
602,0.2,8,70,16479076603797.057,0.8439999999999998,0.8004285714285715,0.0008225631713867187
603,0.2,8,80,16889666385183.57,0.8527500000000003,0.8125,0.0008241343498229981
604,0.2,8,90,14456345009325.125,0.8345555555555555,0.8085555555555551,0.0008253264427185059
605,0.2,8,100,13141307104494.41,0.8299000000000001,0.7932000000000001,0.0007941579818725586
606,0.2,8,110,13661463286060.842,0.8343636363636362,0.8091818181818182,0.000825200080871582
607,0.2,8,120,12779487137591.33,0.8284166666666662,0.8088333333333333,0.0008269453048706055
608,0.2,8,130,12562306201818.887,0.831076923076923,0.8037692307692303,0.0008310341835021973
609,0.2,8,140,11973541131772.225,0.8184285714285717,0.801,0.0008317518234252929
610,0.2,8,150,10412590986986.492,0.8139333333333334,0.7886666666666667,0.0008332896232604981
611,0.2,8,160,11923637767083.676,0.8212500000000001,0.8045625000000003,0.0008354210853576661
612,0.2,8,170,11266075156502.482,0.8189999999999997,0.7990588235294114,0.0008270859718322754
613,0.2,8,180,11388152771228.988,0.8197777777777782,0.8092777777777781,0.0008381175994873047
614,0.2,8,190,10510015587570.547,0.815315789473684,0.7972105263157891,0.0008388519287109375
615,0.2,8,200,10941273116892.35,0.8153499999999998,0.8054000000000001,0.0008421230316162109
616,0.2,8,210,10972502684689.555,0.8157619047619042,0.7999523809523806,0.0008417677879333496
617,0.2,8,220,10294892270946.938,0.8130454545454543,0.7957727272727272,0.0008371973037719727
618,0.2,8,230,11021509384079.62,0.8178260869565211,0.8059130434782606,0.0008460783958435059
619,0.2,8,240,11119147225190.65,0.8197083333333332,0.8080416666666665,0.0008470487594604493
620,0.2,8,250,10495655237624.371,0.8146400000000001,0.80336,0.0008494758605957031
621,0.2,8,260,10373134419371.28,0.8136923076923077,0.8028846153846162,0.0008544850349426269
622,0.2,8,270,9710506344541.89,0.8102222222222224,0.7934444444444446,0.0008541107177734375
623,0.2,8,280,10288925433720.838,0.8099642857142857,0.8010714285714287,0.0008566737174987793
624,0.2,8,290,10857455263147.422,0.8163793103448278,0.8090000000000002,0.0008496999740600586
625,0.2,8,300,10175937806523.36,0.8087666666666664,0.8029666666666663,0.0008585023880004883
626,0.2,8,310,9997863995594.1,0.8077096774193548,0.8038709677419357,0.0008612775802612305
627,0.2,8,320,10173719068576.379,0.8128124999999997,0.8023750000000003,0.0008642959594726562
628,0.2,8,330,9938154300520.81,0.8086363636363635,0.8025454545454545,0.0008640980720520019
629,0.2,8,340,10103963415983.66,0.8098823529411763,0.7978235294117648,0.0008601808547973633
630,0.2,8,350,10009920232575.443,0.8051142857142861,0.8057999999999997,0.000866241455078125
631,0.2,8,360,9855514587901.342,0.8088333333333334,0.8003055555555554,0.000868520736694336
632,0.2,8,370,9951285204844.533,0.8118648648648645,0.7989999999999996,0.0008700823783874511
633,0.2,8,380,9565250464995.393,0.805368421052632,0.7963684210526314,0.0008641505241394043
634,0.2,8,390,10072429348499.525,0.8103333333333333,0.8047692307692307,0.0008722949028015137
635,0.2,8,400,9394005811694.475,0.8029,0.7975500000000002,0.0008733248710632324
636,0.2,8,410,9697544093305.143,0.8073170731707318,0.8016829268292689,0.000875406265258789
637,0.2,8,420,9846198099671.857,0.8096428571428572,0.8054523809523814,0.0008773374557495118
638,0.2,8,430,9520431623014.19,0.8067209302325579,0.7990697674418604,0.0008793973922729492
639,0.2,8,440,9717153534731.787,0.808909090909091,0.8032045454545451,0.0008769845962524414
640,0.2,8,450,9466825475398.133,0.8069111111111112,0.797288888888889,0.0008822870254516601
641,0.2,8,460,9743401625707.842,0.8089130434782602,0.8033478260869559,0.0008841538429260254
642,0.2,8,470,9611261853528.459,0.806063829787234,0.8014680851063831,0.0008852696418762207
643,0.2,8,480,9881667945495.791,0.8115000000000001,0.8042708333333334,0.0008817911148071289
644,0.2,8,490,9382532964590.945,0.8038979591836732,0.7945306122448974,0.0008870124816894531
645,0.2,8,500,9664312901023.629,0.8066400000000001,0.8048799999999994,0.0008893203735351562
646,0.2,8,510,9691921658544.451,0.8094901960784311,0.8005490196078431,0.0008853721618652344
647,0.2,8,520,9471940546738.488,0.8069999999999997,0.8002884615384614,0.0008952164649963379
648,0.2,8,530,9281657664417.3,0.8066603773584907,0.8003396226415098,0.000894172191619873
649,0.2,8,540,9709156728871.373,0.8069259259259259,0.8004444444444448,0.000894923210144043
650,0.2,8,550,9251904350539.64,0.8050363636363638,0.7960000000000003,0.0008939790725708008
651,0.2,8,560,9501932288322.338,0.8068035714285717,0.8019107142857141,0.0008975028991699219
652,0.2,8,570,9554342217684.27,0.8049473684210523,0.8021052631578948,0.0009095430374145508
653,0.2,8,580,9294726845266.148,0.8041896551724131,0.7992068965517243,0.0008951210975646972
654,0.2,8,590,9269917704304.139,0.8045932203389828,0.8016779661016943,0.0009027886390686036
655,0.2,8,600,9413110075028.87,0.8057000000000002,0.8013833333333332,0.0009070324897766113
656,0.2,8,610,9314749897877.506,0.8052131147540983,0.8008524590163933,0.0009081077575683594
657,0.2,8,620,9043851771995.537,0.8044677419354841,0.796564516129032,0.0009077382087707519
658,0.2,8,630,9306063144397.594,0.8062698412698412,0.8020634920634921,0.000905907154083252
659,0.2,8,640,9551101919818.611,0.806828125,0.8030625,0.0009125638008117676
660,0.2,8,650,9476453846234.248,0.8042307692307695,0.7978307692307696,0.0009123444557189942
661,0.2,8,660,8865036050943.867,0.8011212121212127,0.7919848484848486,0.0009116220474243164
662,0.2,8,670,9220929787258.7,0.8043283582089551,0.7994925373134321,0.0009164524078369141
663,0.2,8,680,9421600457397.68,0.8056911764705884,0.8021029411764709,0.0009165000915527344
664,0.2,8,690,9214934164208.555,0.8026811594202887,0.7968985507246367,0.0009167861938476563
665,0.2,8,700,9013227473034.352,0.8035571428571431,0.7974428571428569,0.0009220647811889649
666,0.2,8,710,9376014704513.332,0.8042535211267611,0.8017042253521126,0.0009228754043579102
667,0.2,8,720,9370704869761.275,0.8064027777777774,0.8006388888888887,0.0009241175651550293
668,0.2,8,730,9203673084187.96,0.8028493150684929,0.7991780821917807,0.0009233736991882324
669,0.2,8,740,9389675445258.479,0.8036351351351355,0.7997702702702704,0.0009288787841796875
670,0.2,8,750,9392823636120.936,0.8050666666666665,0.8031733333333334,0.0009306144714355469
671,0.2,8,760,9123589908561.826,0.802934210526316,0.7994342105263157,0.0009287214279174805
672,0.2,8,770,9258762341472.346,0.8045584415584419,0.802805194805195,0.0009329509735107422
673,0.2,8,780,9286373611331.182,0.8036538461538467,0.7986666666666671,0.0009315943717956543
674,0.2,8,790,9164413095851.654,0.8028227848101267,0.800860759493671,0.0009363746643066406
675,0.2,8,800,9347394356483.373,0.8044999999999999,0.8020875000000003,0.0009383726119995118
676,0.2,8,810,9044592281035.828,0.8028148148148151,0.7981975308641974,0.000933380126953125
677,0.2,8,820,9201224821440.875,0.8033902439024392,0.7987195121951218,0.0009310531616210937
678,0.2,8,830,9427301494533.057,0.804602409638554,0.8062168674698797,0.0009360146522521972
679,0.2,8,840,9417120383505.092,0.8046309523809518,0.8021428571428573,0.0009358382225036621
680,0.2,8,850,9136179378675.328,0.8044705882352937,0.8012235294117648,0.0009365725517272949
681,0.2,8,860,9306842112946.828,0.8057209302325579,0.8006279069767446,0.000939035415649414
682,0.2,8,870,8978016654199.404,0.8029310344827588,0.7966091954022987,0.0009399294853210449
683,0.2,8,880,9312575428695.648,0.8047272727272724,0.8007386363636364,0.000944225788116455
684,0.2,8,890,9049673386922.596,0.802707865168538,0.796617977528089,0.0009430217742919922
685,0.2,8,900,9216698236842.26,0.8034555555555555,0.8000333333333332,0.000944669246673584
686,0.2,8,910,9206477957877.566,0.8040329670329672,0.8020219780219777,0.0009486818313598633
687,0.2,8,920,9221471329358.703,0.8043586956521739,0.8008043478260869,0.0009465551376342773
688,0.2,8,930,8910193633024.85,0.8028064516129036,0.7985376344086021,0.0009575271606445312
689,0.2,8,940,8966955679094.6,0.8015425531914893,0.7970319148936166,0.000953226089477539
690,0.2,8,950,9056895722970.145,0.8025999999999998,0.7989684210526318,0.0009543228149414062
691,0.2,8,960,9091248756943.982,0.8019895833333334,0.7999166666666668,0.0009535837173461914
692,0.2,8,970,9335454429467.664,0.8062371134020622,0.8030309278350514,0.0009590697288513184
693,0.2,8,980,8960669020291.693,0.8018265306122447,0.7962448979591841,0.0009589028358459472
694,0.2,8,990,9371030666053.68,0.8051919191919192,0.80389898989899,0.0009566712379455567
695,0.2,8,1000,9060456828446.53,0.8017699999999999,0.8001600000000003,0.0009728837013244629
696,0.2,8,1010,9323651912978.148,0.8044554455445546,0.8028910891089107,0.0009740781784057617
697,0.2,8,1020,9218519775862.123,0.8040392156862748,0.8001568627450985,0.0009782290458679199
698,0.2,8,1030,9222534272437.01,0.8030970873786404,0.8023106796116505,0.0009760093688964843
699,0.2,8,1040,8899616309130.477,0.8018076923076921,0.7989711538461539,0.000983426570892334
700,0.2,9,50,3575874477010492.0,0.8744000000000005,0.8047999999999997,0.0008148527145385742
701,0.2,9,60,2216633739931337.5,0.854166666666666,0.7984999999999998,0.0008177471160888672
702,0.2,9,70,2334049954479653.0,0.8588571428571425,0.8154285714285712,0.0008186483383178711
703,0.2,9,80,1984549331396296.0,0.8438750000000002,0.8067500000000003,0.0008194422721862792
704,0.2,9,90,1681775391795105.0,0.8246666666666669,0.7926666666666665,0.0008238506317138672
705,0.2,9,100,1457617104135310.0,0.8273999999999999,0.7878000000000003,0.0008188915252685546
706,0.2,9,110,1683432256260738.5,0.8373636363636362,0.8061818181818182,0.0008009719848632812
707,0.2,9,120,1650104321804871.8,0.8290833333333337,0.8129166666666664,0.0008264756202697753
708,0.2,9,130,1523247509816907.0,0.8272307692307695,0.8034615384615384,0.0008290243148803711
709,0.2,9,140,1398404607978848.0,0.8215000000000002,0.7950714285714287,0.0008302688598632813
710,0.2,9,150,1462888140781158.0,0.8229999999999995,0.8003333333333331,0.0008320283889770508
711,0.2,9,160,1466042484489843.0,0.8223750000000004,0.8007499999999997,0.0008328580856323243
712,0.2,9,170,1454987993168738.5,0.8201764705882352,0.8032941176470588,0.0008279752731323243
713,0.2,9,180,1321118275676294.5,0.8146111111111114,0.7999999999999998,0.0008354401588439942
714,0.2,9,190,1368121532961281.0,0.8205789473684214,0.8021052631578945,0.0008371973037719727
715,0.2,9,200,1329055529254037.0,0.8147500000000002,0.8043500000000001,0.0008404684066772461
716,0.2,9,210,1326183975919738.5,0.8185714285714286,0.8049047619047611,0.000841519832611084
717,0.2,9,220,1364930349883829.8,0.8175454545454549,0.8114999999999998,0.000836026668548584
718,0.2,9,230,1319577006995614.5,0.8148695652173906,0.8073043478260864,0.0008438611030578613
719,0.2,9,240,1250345225477963.2,0.8116666666666665,0.7966666666666669,0.0008462738990783692
720,0.2,9,250,1348118971485420.8,0.8161999999999998,0.8059199999999997,0.0008466625213623047
721,0.2,9,260,1261966646285533.2,0.8125000000000003,0.802576923076923,0.000851588249206543
722,0.2,9,270,1273397590561758.5,0.8123703703703703,0.8012592592592594,0.0008521485328674317
723,0.2,9,280,1278589993405649.0,0.815642857142857,0.8088928571428571,0.0008554720878601075
724,0.2,9,290,1221371322063735.2,0.8105172413793105,0.7994137931034484,0.0008514547348022461
725,0.2,9,300,1218864433517180.5,0.811433333333333,0.803766666666667,0.0008547186851501464
726,0.2,9,310,1187573751971584.2,0.8061290322580643,0.7950645161290325,0.0008608007431030274
727,0.2,9,320,1235485419990086.0,0.80825,0.8022499999999999,0.0008645343780517578
728,0.2,9,330,1203774165824421.8,0.8105454545454546,0.8003333333333328,0.0008669161796569825
729,0.2,9,340,1108354220617959.5,0.8040588235294117,0.7925000000000003,0.0008602333068847656
730,0.2,9,350,1160461009259249.2,0.8064,0.7978571428571428,0.000868978500366211
731,0.2,9,360,1140972912285629.5,0.8063611111111109,0.7951388888888887,0.0008725929260253906
732,0.2,9,370,1197694691006905.5,0.810054054054054,0.7991621621621623,0.0008702325820922852
733,0.2,9,380,1190120968760245.2,0.8091842105263156,0.8014736842105264,0.000866248607635498
734,0.2,9,390,1164650785342159.2,0.8067179487179484,0.7972051282051282,0.0008730411529541016
735,0.2,9,400,1195108067708827.0,0.809625,0.8009250000000001,0.0008760023117065429
736,0.2,9,410,1219060198349087.8,0.8116585365853658,0.8077560975609757,0.0008744978904724121
737,0.2,9,420,1194930653755343.0,0.807309523809524,0.8012857142857145,0.0008771371841430664
738,0.2,9,430,1192799057131392.0,0.8079767441860466,0.804511627906977,0.0008772635459899903
739,0.2,9,440,1149648224973074.0,0.8071818181818182,0.7984318181818179,0.0008780932426452636
740,0.2,9,450,1187168078436064.5,0.8108222222222221,0.8010888888888887,0.0008812022209167481
741,0.2,9,460,1174496300696245.2,0.8052608695652164,0.8031739130434774,0.0008828020095825195
742,0.2,9,470,1175102545376275.2,0.8082553191489364,0.8049787234042551,0.0008798384666442871
743,0.2,9,480,1197591556889852.0,0.8110624999999996,0.8043333333333332,0.0008865499496459961
744,0.2,9,490,1135076433510382.5,0.8062653061224492,0.7968163265306124,0.0008859801292419434
745,0.2,9,500,1137290190056968.2,0.8051,0.7949399999999998,0.0008884954452514648
746,0.2,9,510,1132508288214375.0,0.8066470588235292,0.797392156862745,0.0008848166465759277
747,0.2,9,520,1171263219149214.2,0.8088076923076922,0.8047500000000001,0.0008941268920898437
748,0.2,9,530,1148177034881780.2,0.806716981132076,0.8019433962264152,0.0008949947357177735
749,0.2,9,540,1143138654541701.8,0.8060925925925929,0.7996296296296298,0.000896751880645752
750,0.2,9,550,1136988293439400.5,0.8060727272727276,0.7994545454545454,0.0008916044235229492
751,0.2,9,560,1129527812594353.8,0.8056071428571427,0.7992500000000002,0.0008989715576171875
752,0.2,9,570,1127146927837068.8,0.8063684210526318,0.7989824561403504,0.000897979736328125
753,0.2,9,580,1148659746892003.2,0.8073275862068964,0.8031034482758619,0.00090040922164917
754,0.2,9,590,1093900876672707.2,0.8041016949152539,0.799135593220339,0.0009093189239501953
755,0.2,9,600,1124169826074377.0,0.8048333333333335,0.8009499999999999,0.0009061098098754883
756,0.2,9,610,1144684916238162.0,0.8070327868852458,0.8009672131147542,0.000905911922454834
757,0.2,9,620,1100586800661523.6,0.8060161290322578,0.800822580645161,0.0009044027328491211
758,0.2,9,630,1085880984563308.6,0.8028888888888883,0.7958571428571426,0.0009108662605285644
759,0.2,9,640,1159652148370767.2,0.8055468749999999,0.8063437499999999,0.0009122204780578614
760,0.2,9,650,1163948153108566.2,0.8059384615384613,0.8051538461538464,0.0009097504615783691
761,0.2,9,660,1124442037794799.5,0.8028484848484845,0.8015151515151518,0.0009171009063720703
762,0.2,9,670,1149296922289377.5,0.806507462686567,0.802014925373135,0.0009142184257507325
763,0.2,9,680,1110029844119698.9,0.8045882352941178,0.7973235294117645,0.000919034481048584
764,0.2,9,690,1152510461100912.2,0.8054637681159414,0.8041884057971009,0.0009224033355712891
765,0.2,9,700,1114979038671123.5,0.8060142857142856,0.7991142857142854,0.0009227252006530762
766,0.2,9,710,1136928535539098.2,0.8053521126760562,0.803084507042254,0.0009198093414306641
767,0.2,9,720,1141086486117152.5,0.807486111111111,0.8035277777777781,0.0009252500534057618
768,0.2,9,730,1146235367726398.0,0.8087671232876713,0.8050821917808217,0.0009288525581359863
769,0.2,9,740,1115118738126509.6,0.8035945945945945,0.79977027027027,0.0009236693382263184
770,0.2,9,750,1117101803859114.8,0.8062933333333333,0.8029999999999999,0.000931246280670166
771,0.2,9,760,1091882977247732.1,0.8037500000000005,0.7964473684210528,0.0009280180931091308
772,0.2,9,770,1121527209665775.0,0.80574025974026,0.8005064935064933,0.0009318637847900391
773,0.2,9,780,1090642527966757.0,0.8026282051282051,0.7990384615384616,0.000937352180480957
774,0.2,9,790,1103508928594446.4,0.8057848101265823,0.7990126582278482,0.0009382796287536621
775,0.2,9,800,1090270489547988.8,0.8041375000000001,0.7992625000000001,0.0009348368644714355
776,0.2,9,810,1062039091384114.4,0.8034444444444445,0.7958024691358025,0.0009412908554077148
777,0.2,9,820,1071575308816854.8,0.8018658536585366,0.7958902439024391,0.0009381937980651856
778,0.2,9,830,1157290766827457.2,0.8070120481927711,0.8071686746987952,0.0009445667266845704
779,0.2,9,840,1103782387124803.5,0.8031547619047616,0.7979761904761908,0.0009467363357543946
780,0.2,9,850,1133648013326032.2,0.8050705882352941,0.8026705882352942,0.0009492945671081543
781,0.2,9,860,1137165830123713.5,0.8048488372093024,0.8041395348837207,0.0009471964836120605
782,0.2,9,870,1115895028609880.6,0.8047931034482755,0.8002643678160918,0.0009508013725280761
783,0.2,9,880,1127679617178110.2,0.8073409090909089,0.8037954545454542,0.0009491419792175292
784,0.2,9,890,1072897050052170.5,0.801629213483145,0.7967640449438196,0.0009577298164367676
785,0.2,9,900,1102038651027720.0,0.8038555555555555,0.7980111111111112,0.000951704978942871
786,0.2,9,910,1104091998028024.4,0.8028021978021976,0.8045824175824171,0.0009598636627197266
787,0.2,9,920,1116255972572557.8,0.8050434782608697,0.8024021739130437,0.000960695743560791
788,0.2,9,930,1118464983519501.1,0.8028924731182798,0.8031182795698928,0.0009573841094970703
789,0.2,9,940,1079482316147026.2,0.8028085106382977,0.7963936170212769,0.0009647917747497559
790,0.2,9,950,1091970339135355.2,0.8049473684210525,0.7979473684210522,0.000963134765625
791,0.2,9,960,1089821238544947.0,0.8038645833333333,0.8003854166666671,0.0009686589241027832
792,0.2,9,970,1105471216206740.8,0.8048247422680411,0.7989381443298967,0.0009696435928344727
793,0.2,9,980,1079670493488663.2,0.8027040816326528,0.7974081632653061,0.0009734034538269043
794,0.2,9,990,1109224943720816.6,0.8048989898989899,0.8015858585858585,0.0009760236740112304
795,0.2,9,1000,1107484463460297.0,0.8044999999999999,0.7997800000000004,0.0009743189811706543
796,0.2,9,1010,1113720119867747.0,0.8035247524752474,0.800623762376238,0.0009806895256042481
797,0.2,9,1020,1099559463242674.4,0.803352941176471,0.7998823529411768,0.0009776067733764649
798,0.2,9,1030,1107348995572696.0,0.8032427184466022,0.800669902912621,0.0009836697578430177
799,0.2,9,1040,1079409490638157.1,0.8020192307692302,0.7987788461538463,0.0009836483001708985
800,0.2,10,50,5.827327338130136e+17,0.8632000000000001,0.8116000000000001,0.0008163070678710938
801,0.2,10,60,4.3118208174541843e+17,0.855166666666667,0.7924999999999995,0.000816495418548584
802,0.2,10,70,3.0030830314201043e+17,0.851571428571428,0.7965714285714287,0.0008183884620666504
803,0.2,10,80,3.170589403247603e+17,0.8490000000000006,0.8052500000000002,0.0008197450637817383
804,0.2,10,90,3.0041741236700186e+17,0.8434444444444443,0.8026666666666666,0.0008221101760864257
805,0.2,10,100,2.530545109356623e+17,0.8344,0.7988,0.0008227944374084473
806,0.2,10,110,2.4364358884386086e+17,0.8367272727272724,0.8030909090909089,0.0008174896240234375
807,0.2,10,120,2.2089160501350227e+17,0.8283333333333335,0.80025,0.0008258867263793945
808,0.2,10,130,2.167498498340553e+17,0.827538461538461,0.799,0.0008289098739624023
809,0.2,10,140,2.266279323054542e+17,0.8302857142857146,0.8051428571428572,0.0008311629295349121
810,0.2,10,150,2.274033099645933e+17,0.8283999999999999,0.8070666666666666,0.0008323311805725098
811,0.2,10,160,1.9438383977656202e+17,0.8224375,0.8044375000000001,0.0008340692520141602
812,0.2,10,170,2.1610944176247517e+17,0.8236470588235292,0.8025882352941177,0.0008274698257446289
813,0.2,10,180,1.9365018036930064e+17,0.8238888888888889,0.8027777777777776,0.0008361935615539551
814,0.2,10,190,1.9561582063473507e+17,0.8190000000000002,0.8071578947368421,0.0008382320404052735
815,0.2,10,200,1.845470036251004e+17,0.8121000000000003,0.8024,0.0008401679992675781
816,0.2,10,210,1.876175125881283e+17,0.8193333333333335,0.8068571428571428,0.000843057632446289
817,0.2,10,220,1.866054540581003e+17,0.8204090909090905,0.8042272727272727,0.0008430194854736328
818,0.2,10,230,1.6757430394592547e+17,0.8142608695652166,0.7989565217391297,0.0008441758155822754
819,0.2,10,240,1.8375920179076896e+17,0.8203333333333335,0.8057499999999999,0.0008391237258911133
820,0.2,10,250,1.8391727765986803e+17,0.8166800000000002,0.8099599999999998,0.0008482313156127929
821,0.2,10,260,1.8414918646734614e+17,0.8150000000000002,0.8064230769230768,0.0008525395393371582
822,0.2,10,270,1.7015833722823824e+17,0.8138888888888891,0.8018888888888887,0.0008536767959594726
823,0.2,10,280,1.7581614009814454e+17,0.8132857142857144,0.8079642857142857,0.000855710506439209
824,0.2,10,290,1.7538628939739107e+17,0.813793103448276,0.8069310344827582,0.0008568048477172851
825,0.2,10,300,1.7241831414984394e+17,0.8143000000000002,0.7994333333333337,0.0008550763130187988
826,0.2,10,310,1.607421673950573e+17,0.8100645161290323,0.7994193548387095,0.000862283706665039
827,0.2,10,320,1.6668219550994544e+17,0.8095000000000002,0.8020312500000002,0.0008630657196044922
828,0.2,10,330,1.7160123738939053e+17,0.811606060606061,0.8065151515151519,0.0008600425720214844
829,0.2,10,340,1.627406621084202e+17,0.8099705882352949,0.8013235294117648,0.0008643484115600586
830,0.2,10,350,1.7024792824441466e+17,0.8119714285714282,0.8035142857142857,0.0008706188201904297
831,0.2,10,360,1.6400328167603318e+17,0.8108333333333334,0.8001111111111112,0.0008728790283203125
832,0.2,10,370,1.685436994888611e+17,0.8115675675675675,0.8066216216216217,0.0008719658851623535
833,0.2,10,380,1.6677250117624538e+17,0.8101315789473685,0.7975789473684216,0.0008733963966369629
834,0.2,10,390,1.6901700618381555e+17,0.8119999999999997,0.8050769230769229,0.0008668732643127441
835,0.2,10,400,1.62877164343684e+17,0.80775,0.8021750000000004,0.0008747434616088867
836,0.2,10,410,1.6844087301870054e+17,0.8098048780487805,0.8064146341463414,0.000875701904296875
837,0.2,10,420,1.5745993827314435e+17,0.8083095238095244,0.7991428571428575,0.0008777809143066406
838,0.2,10,430,1.6058084583127523e+17,0.8099999999999997,0.8017674418604653,0.000873575210571289
839,0.2,10,440,1.5570170461722586e+17,0.8074772727272728,0.7972954545454546,0.0008811879158020019
840,0.2,10,450,1.5945868948532928e+17,0.8070000000000003,0.8014444444444446,0.0008821749687194825
841,0.2,10,460,1.5775432810707395e+17,0.8067826086956511,0.7981304347826083,0.0008787727355957032
842,0.2,10,470,1.6084671951742496e+17,0.8079787234042553,0.8017021276595746,0.0008997392654418946
843,0.2,10,480,1.5309639330924e+17,0.8066041666666669,0.7985,0.0008903813362121583
844,0.2,10,490,1.6484261204619107e+17,0.8091836734693877,0.8055510204081631,0.0008895564079284668
845,0.2,10,500,1.6389219472867373e+17,0.8092999999999995,0.8064799999999999,0.0008897829055786133
846,0.2,10,510,1.5264169253501078e+17,0.8057058823529409,0.7996078431372546,0.0008878278732299805
847,0.2,10,520,1.6054273755028675e+17,0.8091923076923075,0.7996923076923078,0.0008958816528320312
848,0.2,10,530,1.5375905634703907e+17,0.8081320754716981,0.7995283018867926,0.0008954071998596192
849,0.2,10,540,1.606171260017454e+17,0.8081481481481484,0.8080185185185182,0.0008922362327575683
850,0.2,10,550,1.64298800907627e+17,0.8094181818181819,0.8073272727272729,0.0008971357345581055
851,0.2,10,560,1.5531432162002634e+17,0.8066964285714286,0.8015357142857144,0.0009008145332336426
852,0.2,10,570,1.5965101816287462e+17,0.8074210526315792,0.8048771929824562,0.0009071803092956542
853,0.2,10,580,1.5530802985842826e+17,0.8046724137931035,0.8002758620689654,0.000899345874786377
854,0.2,10,590,1.4782353118761184e+17,0.8044915254237285,0.7971864406779661,0.0009067106246948242
855,0.2,10,600,1.5212212972342566e+17,0.80475,0.7983666666666669,0.0009145498275756836
856,0.2,10,610,1.5379770338208214e+17,0.806409836065574,0.8009344262295081,0.0009065747261047363
857,0.2,10,620,1.5503230479909898e+17,0.8053064516129034,0.8042419354838708,0.0009131813049316406
858,0.2,10,630,1.558872816474185e+17,0.8061587301587305,0.8020317460317458,0.0009161114692687988
859,0.2,10,640,1.506262785425957e+17,0.8042187500000001,0.8002187500000002,0.000914754867553711
860,0.2,10,650,1.5269615675037574e+17,0.8052307692307695,0.8035538461538461,0.0009190726280212402
861,0.2,10,660,1.52337355492194e+17,0.8067121212121211,0.7984242424242425,0.0009205889701843262
862,0.2,10,670,1.4926531120009165e+17,0.8063432835820897,0.7956268656716418,0.000918111801147461
863,0.2,10,680,1.569130814676983e+17,0.8092058823529417,0.8031470588235292,0.0009235262870788575
864,0.2,10,690,1.4998963399363683e+17,0.8036376811594197,0.7983043478260864,0.0009242963790893555
865,0.2,10,700,1.5153428620650746e+17,0.8057571428571424,0.7994142857142856,0.0009213829040527344
866,0.2,10,710,1.5148032040003392e+17,0.8054647887323944,0.7985915492957746,0.0009242796897888184
867,0.2,10,720,1.5297949061986666e+17,0.807027777777778,0.7990138888888887,0.0009254360198974609
868,0.2,10,730,1.5304923104715427e+17,0.8041369863013698,0.8023835616438358,0.0009278535842895507
869,0.2,10,740,1.51750520392469e+17,0.8060675675675678,0.8040675675675676,0.000935971736907959
870,0.2,10,750,1.5185692339871603e+17,0.8061333333333335,0.7996399999999997,0.0009336590766906739
871,0.2,10,760,1.519547744253842e+17,0.805723684210526,0.8012894736842103,0.000931541919708252
872,0.2,10,770,1.4827490106842048e+17,0.803883116883117,0.7990519480519478,0.0009363865852355957
873,0.2,10,780,1.482396531044738e+17,0.8029487179487179,0.7964743589743588,0.0009390997886657715
874,0.2,10,790,1.558849232859734e+17,0.8062151898734181,0.8040379746835445,0.0009377861022949219
875,0.2,10,800,1.4670533129785005e+17,0.8038124999999997,0.7994625000000002,0.000945582389831543
876,0.2,10,810,1.544535522491311e+17,0.8065802469135803,0.8024074074074075,0.0009504461288452149
877,0.2,10,820,1.540673869750921e+17,0.8062073170731707,0.8016097560975605,0.0009478282928466797
878,0.2,10,830,1.490762604248869e+17,0.8047590361445788,0.8011927710843377,0.0009492325782775879
879,0.2,10,840,1.4866221295784336e+17,0.8042976190476188,0.7996428571428572,0.0009441757202148437
880,0.2,10,850,1.4456750848076035e+17,0.8018000000000001,0.7978117647058823,0.0009527993202209472
881,0.2,10,860,1.4959198704176966e+17,0.8053720930232557,0.799953488372093,0.00095167875289917
882,0.2,10,870,1.4916834008897526e+17,0.802505747126437,0.7995402298850576,0.0009554815292358398
883,0.2,10,880,1.49676033196797e+17,0.8063181818181819,0.8020113636363636,0.0009579968452453614
884,0.2,10,890,1.510757090602958e+17,0.8046966292134821,0.7996966292134822,0.0009604430198669433
885,0.2,10,900,1.4739238497052893e+17,0.8039111111111107,0.7986666666666666,0.0009636616706848144
886,0.2,10,910,1.5392719851724736e+17,0.8049230769230772,0.8041318681318682,0.0009623551368713379
887,0.2,10,920,1.5129684645151082e+17,0.8037608695652171,0.8017717391304346,0.0009683561325073242
888,0.2,10,930,1.5040446645774528e+17,0.8046021505376342,0.7995376344086021,0.0009669613838195801
889,0.2,10,940,1.4528538422247382e+17,0.8032127659574466,0.7972872340425532,0.0009699368476867676
890,0.2,10,950,1.5137578314009597e+17,0.8044000000000001,0.7993263157894733,0.0009726119041442871
891,0.2,10,960,1.4821982136204707e+17,0.8020000000000002,0.8002395833333332,0.0009731125831604004
892,0.2,10,970,1.5214934697536646e+17,0.8045154639175257,0.8030927835051546,0.0009760141372680664
893,0.2,10,980,1.559588239207258e+17,0.8055816326530612,0.8056326530612248,0.0009811949729919434
894,0.2,10,990,1.506449532925977e+17,0.804242424242424,0.8034242424242426,0.0009872865676879882
895,0.2,10,1000,1.5041434301033827e+17,0.8064799999999999,0.8003100000000002,0.0009806704521179198
896,0.2,10,1010,1.492574988441026e+17,0.8037623762376236,0.8003861386138618,0.0009845495223999023
897,0.2,10,1020,1.4798191413523344e+17,0.8024117647058823,0.800009803921569,0.0009845471382141113
898,0.2,10,1030,1.467978637457385e+17,0.8024563106796114,0.7984757281553398,0.000984499454498291
899,0.2,10,1040,1.5057821347621782e+17,0.8034711538461536,0.8011923076923075,0.000985403060913086
