alpha,n_dim,n_cal,method,noise_type,coordinate,score_type,redraw_train_test,n_train,n_test,n_trials,coordinate_length_avg,coordinate_length_1std,coordinate_length_median,noise_ratio
0.1,10,100,Empirical_copula,Gaussian,1,absolute_residual,True,7200,800,200,2.412701490244197,0.27535638409373725,2.404167740443186,1
0.1,10,100,Empirical_copula,Gaussian,2,absolute_residual,True,7200,800,200,2.4334790580080603,0.28488822403594444,2.420995899022298,1
0.1,10,100,Empirical_copula,Gaussian,3,absolute_residual,True,7200,800,200,2.43039010095121,0.29989995372043815,2.409318092278319,1
0.1,10,100,Empirical_copula,Gaussian,4,absolute_residual,True,7200,800,200,2.4168299825541046,0.28627335724251085,2.3999909034417284,1
0.1,10,100,Empirical_copula,Gaussian,5,absolute_residual,True,7200,800,200,2.431894253610183,0.2607463084260663,2.4093484447255324,1
0.1,10,100,Empirical_copula,Gaussian,6,absolute_residual,True,7200,800,200,2.449199345934355,0.2713935246455921,2.423921373147932,1
0.1,10,100,Empirical_copula,Gaussian,7,absolute_residual,True,7200,800,200,2.410152285765766,0.2815628688137908,2.3759706582999813,1
0.1,10,100,Empirical_copula,Gaussian,8,absolute_residual,True,7200,800,200,2.416331199387685,0.2656375242604928,2.4063842378656464,1
0.1,10,100,Empirical_copula,Gaussian,9,absolute_residual,True,7200,800,200,2.397543318819866,0.27449814568868774,2.387210898384107,1
0.1,10,100,Empirical_copula,Gaussian,10,absolute_residual,True,7200,800,200,2.4092573894262497,0.2844193434531829,2.399163855793507,1
0.1,10,100,Point_CHR,Gaussian,1,absolute_residual,True,7200,800,200,2.7454882655329227,0.3799053478159906,2.7088921771205197,1
0.1,10,100,Point_CHR,Gaussian,2,absolute_residual,True,7200,800,200,2.7254468362663267,0.3926084458363344,2.675926974169367,1
0.1,10,100,Point_CHR,Gaussian,3,absolute_residual,True,7200,800,200,2.7823836172247143,0.37249715841547254,2.7613009557290846,1
0.1,10,100,Point_CHR,Gaussian,4,absolute_residual,True,7200,800,200,2.7118489859422694,0.34491051085622076,2.7019818365683292,1
0.1,10,100,Point_CHR,Gaussian,5,absolute_residual,True,7200,800,200,2.744264359953033,0.39204917544724077,2.6994949884474613,1
0.1,10,100,Point_CHR,Gaussian,6,absolute_residual,True,7200,800,200,2.7425451658107165,0.35242147974858673,2.706485619354015,1
0.1,10,100,Point_CHR,Gaussian,7,absolute_residual,True,7200,800,200,2.7106322822755096,0.3762436749323046,2.6825127158744833,1
0.1,10,100,Point_CHR,Gaussian,8,absolute_residual,True,7200,800,200,2.684421189589398,0.3409429935107055,2.6385823079360398,1
0.1,10,100,Point_CHR,Gaussian,9,absolute_residual,True,7200,800,200,2.7097693765924777,0.36185726946412505,2.6728010580665944,1
0.1,10,100,Point_CHR,Gaussian,10,absolute_residual,True,7200,800,200,2.732799584500465,0.3819571305945856,2.705497034134196,1
0.1,10,100,TSCP_R,Gaussian,1,absolute_residual,True,7200,800,200,2.6403766239325694,0.2326736573477152,2.623338738035434,1
0.1,10,100,TSCP_R,Gaussian,2,absolute_residual,True,7200,800,200,2.6621948834653177,0.22906198044481543,2.643218928228701,1
0.1,10,100,TSCP_R,Gaussian,3,absolute_residual,True,7200,800,200,2.658572073552351,0.23700928523514678,2.635840485135313,1
0.1,10,100,TSCP_R,Gaussian,4,absolute_residual,True,7200,800,200,2.6305022145491535,0.21874350545212842,2.611620921066055,1
0.1,10,100,TSCP_R,Gaussian,5,absolute_residual,True,7200,800,200,2.666435183019173,0.21144814719395447,2.6574657902462118,1
0.1,10,100,TSCP_R,Gaussian,6,absolute_residual,True,7200,800,200,2.6665671483023567,0.2044847674684747,2.660493046117735,1
0.1,10,100,TSCP_R,Gaussian,7,absolute_residual,True,7200,800,200,2.635662709498669,0.23393435369091012,2.61747781158018,1
0.1,10,100,TSCP_R,Gaussian,8,absolute_residual,True,7200,800,200,2.644328105723986,0.19455341553239908,2.6483210367368173,1
0.1,10,100,TSCP_R,Gaussian,9,absolute_residual,True,7200,800,200,2.6252077941050844,0.20034458981872652,2.612476561807009,1
0.1,10,100,TSCP_R,Gaussian,10,absolute_residual,True,7200,800,200,2.6398112347414475,0.22314363014726968,2.616446085771046,1
0.1,10,100,Unscaled,Gaussian,1,absolute_residual,True,7200,800,200,2.582749251951605,0.10485110153460962,2.575771373493854,1
0.1,10,100,Unscaled,Gaussian,2,absolute_residual,True,7200,800,200,2.582749251951605,0.10485110153460962,2.575771373493854,1
0.1,10,100,Unscaled,Gaussian,3,absolute_residual,True,7200,800,200,2.582749251951605,0.10485110153460962,2.575771373493854,1
0.1,10,100,Unscaled,Gaussian,4,absolute_residual,True,7200,800,200,2.582749251951605,0.10485110153460962,2.575771373493854,1
0.1,10,100,Unscaled,Gaussian,5,absolute_residual,True,7200,800,200,2.582749251951605,0.10485110153460962,2.575771373493854,1
0.1,10,100,Unscaled,Gaussian,6,absolute_residual,True,7200,800,200,2.582749251951605,0.10485110153460962,2.575771373493854,1
0.1,10,100,Unscaled,Gaussian,7,absolute_residual,True,7200,800,200,2.582749251951605,0.10485110153460962,2.575771373493854,1
0.1,10,100,Unscaled,Gaussian,8,absolute_residual,True,7200,800,200,2.582749251951605,0.10485110153460962,2.575771373493854,1
0.1,10,100,Unscaled,Gaussian,9,absolute_residual,True,7200,800,200,2.582749251951605,0.10485110153460962,2.575771373493854,1
0.1,10,100,Unscaled,Gaussian,10,absolute_residual,True,7200,800,200,2.582749251951605,0.10485110153460962,2.575771373493854,1
0.1,10,100,Empirical_copula,Gaussian,1,absolute_residual,True,7200,800,200,4.825402980488401,0.5507127681874746,4.808335480886358,2
0.1,10,100,Empirical_copula,Gaussian,2,absolute_residual,True,7200,800,200,4.506193445380714,0.5275416049266318,4.483077762911937,2
0.1,10,100,Empirical_copula,Gaussian,3,absolute_residual,True,7200,800,200,4.166874580052196,0.514174861569522,4.130746874769297,2
0.1,10,100,Empirical_copula,Gaussian,4,absolute_residual,True,7200,800,200,3.836478456734669,0.4544306284372301,3.8097480848374925,2
0.1,10,100,Empirical_copula,Gaussian,5,absolute_residual,True,7200,800,200,3.574238866097709,0.3832278432273213,3.541102513123659,2
0.1,10,100,Empirical_copula,Gaussian,6,absolute_residual,True,7200,800,200,3.3328459783810938,0.36930959444979833,3.298447965788638,2
0.1,10,100,Empirical_copula,Gaussian,7,absolute_residual,True,7200,800,200,3.036601598288531,0.35474698528728305,2.9935354463247297,2
0.1,10,100,Empirical_copula,Gaussian,8,absolute_residual,True,7200,800,200,2.818720513319523,0.3098738860509702,2.807117093848527,2
0.1,10,100,Empirical_copula,Gaussian,9,absolute_residual,True,7200,800,200,2.5894900109075785,0.29647439555894556,2.5783303795895955,2
0.1,10,100,Empirical_copula,Gaussian,10,absolute_residual,True,7200,800,200,2.4092573894262497,0.2844193434531829,2.399163855793507,2
0.1,10,100,Point_CHR,Gaussian,1,absolute_residual,True,7200,800,200,5.490976531065851,0.7598106956319847,5.417784354241027,2
0.1,10,100,Point_CHR,Gaussian,2,absolute_residual,True,7200,800,200,5.0468446107647855,0.7270124636605515,4.955146234621691,2
0.1,10,100,Point_CHR,Gaussian,3,absolute_residual,True,7200,800,200,4.770363227709707,0.6386418953630657,4.734217258290332,2
0.1,10,100,Point_CHR,Gaussian,4,absolute_residual,True,7200,800,200,4.304791933063654,0.5475113077680513,4.289128809767527,2
0.1,10,100,Point_CHR,Gaussian,5,absolute_residual,True,7200,800,200,4.03333998574559,0.5762081958230133,3.9675408962463434,2
0.1,10,100,Point_CHR,Gaussian,6,absolute_residual,True,7200,800,200,3.732028036661805,0.47957162548853105,3.682958566432708,2
0.1,10,100,Point_CHR,Gaussian,7,absolute_residual,True,7200,800,200,3.4151826709634965,0.47403732593701464,3.3797542373409595,2
0.1,10,100,Point_CHR,Gaussian,8,absolute_residual,True,7200,800,200,3.1314552721094975,0.39771990277024477,3.0779828855191766,2
0.1,10,100,Point_CHR,Gaussian,9,absolute_residual,True,7200,800,200,2.92671280534084,0.3908274679737074,2.8867848128864777,2
0.1,10,100,Point_CHR,Gaussian,10,absolute_residual,True,7200,800,200,2.7327995845004667,0.3819571305945874,2.7054970341342535,2
0.1,10,100,TSCP_R,Gaussian,1,absolute_residual,True,7200,800,200,5.280753247865138,0.46534731469543,5.246677476070886,2
0.1,10,100,TSCP_R,Gaussian,2,absolute_residual,True,7200,800,200,4.929717843562298,0.42416539048060375,4.89457912937211,2
0.1,10,100,TSCP_R,Gaussian,3,absolute_residual,True,7200,800,200,4.55808982606794,0.4063495672962767,4.519116791285564,2
0.1,10,100,TSCP_R,Gaussian,4,absolute_residual,True,7200,800,200,4.175661982580004,0.3472336706659244,4.14568979744239,2
0.1,10,100,TSCP_R,Gaussian,5,absolute_residual,True,7200,800,200,3.9189517599004784,0.3107726352587259,3.9057691339672873,2
0.1,10,100,TSCP_R,Gaussian,6,absolute_residual,True,7200,800,200,3.628637910203351,0.2782608267590828,3.6203723326904806,2
0.1,10,100,TSCP_R,Gaussian,7,absolute_residual,True,7200,800,200,3.32072692812033,0.2947388165087296,3.2978153924426508,2
0.1,10,100,TSCP_R,Gaussian,8,absolute_residual,True,7200,800,200,3.084685525494333,0.22695220896726656,3.089343395473816,2
0.1,10,100,TSCP_R,Gaussian,9,absolute_residual,True,7200,800,200,2.8353812446391857,0.21638412536810075,2.8216307532075398,2
0.1,10,100,TSCP_R,Gaussian,10,absolute_residual,True,7200,800,200,2.6398112347414484,0.22314363014726987,2.6164460857710585,2
0.1,10,100,Unscaled,Gaussian,1,absolute_residual,True,7200,800,200,4.145864459497606,0.22186647393805953,4.147525388674559,2
0.1,10,100,Unscaled,Gaussian,2,absolute_residual,True,7200,800,200,4.145864459497606,0.22186647393805953,4.147525388674559,2
0.1,10,100,Unscaled,Gaussian,3,absolute_residual,True,7200,800,200,4.145864459497606,0.22186647393805953,4.147525388674559,2
0.1,10,100,Unscaled,Gaussian,4,absolute_residual,True,7200,800,200,4.145864459497606,0.22186647393805953,4.147525388674559,2
0.1,10,100,Unscaled,Gaussian,5,absolute_residual,True,7200,800,200,4.145864459497606,0.22186647393805953,4.147525388674559,2
0.1,10,100,Unscaled,Gaussian,6,absolute_residual,True,7200,800,200,4.145864459497606,0.22186647393805953,4.147525388674559,2
0.1,10,100,Unscaled,Gaussian,7,absolute_residual,True,7200,800,200,4.145864459497606,0.22186647393805953,4.147525388674559,2
0.1,10,100,Unscaled,Gaussian,8,absolute_residual,True,7200,800,200,4.145864459497606,0.22186647393805953,4.147525388674559,2
0.1,10,100,Unscaled,Gaussian,9,absolute_residual,True,7200,800,200,4.145864459497606,0.22186647393805953,4.147525388674559,2
0.1,10,100,Unscaled,Gaussian,10,absolute_residual,True,7200,800,200,4.145864459497606,0.22186647393805953,4.147525388674559,2
0.1,10,100,Empirical_copula,Gaussian,1,absolute_residual,True,7200,800,200,12.063507451221012,1.3767819204686833,12.020838702215887,5
0.1,10,100,Empirical_copula,Gaussian,2,absolute_residual,True,7200,800,200,10.174996855276907,1.1911903552783922,10.122801582420097,5
0.1,10,100,Empirical_copula,Gaussian,3,absolute_residual,True,7200,800,200,8.498050827969656,1.0486238604348215,8.424370886350642,5
0.1,10,100,Empirical_copula,Gaussian,4,absolute_residual,True,7200,800,200,7.06685373923289,0.8370683745548513,7.017615973213111,5
0.1,10,100,Empirical_copula,Gaussian,5,absolute_residual,True,7200,800,200,5.94649907414256,0.6375802234574615,5.891369772587012,5
0.1,10,100,Empirical_copula,Gaussian,6,absolute_residual,True,7200,800,200,5.008151637678021,0.5549486721712755,4.956462941526048,5
0.1,10,100,Empirical_copula,Gaussian,7,absolute_residual,True,7200,800,200,4.121302436487319,0.48146573314886926,4.062852675702572,5
0.1,10,100,Empirical_copula,Gaussian,8,absolute_residual,True,7200,800,200,3.4552790672202183,0.37985346432561623,3.441055219124304,5
0.1,10,100,Empirical_copula,Gaussian,9,absolute_residual,True,7200,800,200,2.8670138870802133,0.32824849899046266,2.8546582425986538,5
0.1,10,100,Empirical_copula,Gaussian,10,absolute_residual,True,7200,800,200,2.4092573894262497,0.2844193434531829,2.399163855793507,5
0.1,10,100,Point_CHR,Gaussian,1,absolute_residual,True,7200,800,200,13.727441327664629,1.8995267390799615,13.544460885602621,5
0.1,10,100,Point_CHR,Gaussian,2,absolute_residual,True,7200,800,200,11.395788633140748,1.6415960879522808,11.188733454485044,5
0.1,10,100,Point_CHR,Gaussian,3,absolute_residual,True,7200,800,200,9.72882394181555,1.3024657170262721,9.655106751760748,5
0.1,10,100,Point_CHR,Gaussian,4,absolute_residual,True,7200,800,200,7.929494538249767,1.0085244518396381,7.900642818454752,5
0.1,10,100,Point_CHR,Gaussian,5,absolute_residual,True,7200,800,200,6.71031047153373,0.9586436808896938,6.600839829127083,5
0.1,10,100,Point_CHR,Gaussian,6,absolute_residual,True,7200,800,200,5.607988621408453,0.7206355880690758,5.534253636569092,5
0.1,10,100,Point_CHR,Gaussian,7,absolute_residual,True,7200,800,200,4.6351160029764795,0.6433676342234842,4.587032220799765,5
0.1,10,100,Point_CHR,Gaussian,8,absolute_residual,True,7200,800,200,3.8386394821790555,0.4875379620523285,3.7730912956218408,5
0.1,10,100,Point_CHR,Gaussian,9,absolute_residual,True,7200,800,200,3.2403779203870307,0.4327136901139461,3.1961707180546233,5
0.1,10,100,Point_CHR,Gaussian,10,absolute_residual,True,7200,800,200,2.732799584500466,0.3819571305945898,2.705497034134228,5
0.1,10,100,TSCP_R,Gaussian,1,absolute_residual,True,7200,800,200,13.201883119662838,1.1633682867385806,13.116693690177174,5
0.1,10,100,TSCP_R,Gaussian,2,absolute_residual,True,7200,800,200,11.131316079443412,0.957766586492558,11.051972768793872,5
0.1,10,100,TSCP_R,Gaussian,3,absolute_residual,True,7200,800,200,9.295907106446073,0.8287216738748062,9.21642431325467,5
0.1,10,100,TSCP_R,Gaussian,4,absolute_residual,True,7200,800,200,7.691635135749948,0.6396098900608925,7.6364258986849425,5
0.1,10,100,TSCP_R,Gaussian,5,absolute_residual,True,7200,800,200,6.520001568138193,0.5170357262251156,6.49806949369011,5
0.1,10,100,TSCP_R,Gaussian,6,absolute_residual,True,7200,800,200,5.452627877317254,0.41813285830629804,5.440207481707635,5
0.1,10,100,TSCP_R,Gaussian,7,absolute_residual,True,7200,800,200,4.506919836795453,0.40002211791281367,4.475824098762092,5
0.1,10,100,TSCP_R,Gaussian,8,absolute_residual,True,7200,800,200,3.781307609190962,0.2782053819094247,3.787017377350627,5
0.1,10,100,TSCP_R,Gaussian,9,absolute_residual,True,7200,800,200,3.1392580659919997,0.2395746999451137,3.1240338906823295,5
0.1,10,100,TSCP_R,Gaussian,10,absolute_residual,True,7200,800,200,2.639811234741448,0.22314363014726946,2.6164460857710594,5
0.1,10,100,Unscaled,Gaussian,1,absolute_residual,True,7200,800,200,9.326224109120332,0.572195316014465,9.37196318487732,5
0.1,10,100,Unscaled,Gaussian,2,absolute_residual,True,7200,800,200,9.326224109120332,0.572195316014465,9.37196318487732,5
0.1,10,100,Unscaled,Gaussian,3,absolute_residual,True,7200,800,200,9.326224109120332,0.572195316014465,9.37196318487732,5
0.1,10,100,Unscaled,Gaussian,4,absolute_residual,True,7200,800,200,9.326224109120332,0.572195316014465,9.37196318487732,5
0.1,10,100,Unscaled,Gaussian,5,absolute_residual,True,7200,800,200,9.326224109120332,0.572195316014465,9.37196318487732,5
0.1,10,100,Unscaled,Gaussian,6,absolute_residual,True,7200,800,200,9.326224109120332,0.572195316014465,9.37196318487732,5
0.1,10,100,Unscaled,Gaussian,7,absolute_residual,True,7200,800,200,9.326224109120332,0.572195316014465,9.37196318487732,5
0.1,10,100,Unscaled,Gaussian,8,absolute_residual,True,7200,800,200,9.326224109120332,0.572195316014465,9.37196318487732,5
0.1,10,100,Unscaled,Gaussian,9,absolute_residual,True,7200,800,200,9.326224109120332,0.572195316014465,9.37196318487732,5
0.1,10,100,Unscaled,Gaussian,10,absolute_residual,True,7200,800,200,9.326224109120332,0.572195316014465,9.37196318487732,5
0.1,10,100,Empirical_copula,Gaussian,1,absolute_residual,True,7200,800,200,24.127014902442035,2.7535638409373675,24.041677404431773,10
0.1,10,100,Empirical_copula,Gaussian,2,absolute_residual,True,7200,800,200,18.841544571807177,2.2057860549455492,18.744892005329064,10
0.1,10,100,Empirical_copula,Gaussian,3,absolute_residual,True,7200,800,200,14.569805876513122,1.7978529892678239,14.443482503293392,10
0.1,10,100,Empirical_copula,Gaussian,4,absolute_residual,True,7200,800,200,11.217931059763693,1.3287632183376805,11.139770978187308,10
0.1,10,100,Empirical_copula,Gaussian,5,absolute_residual,True,7200,800,200,8.739774797552236,0.9370736460082174,8.658749361520945,10
0.1,10,100,Empirical_copula,Gaussian,6,absolute_residual,True,7200,800,200,6.815042667909181,0.7551686037007201,6.7447052070635305,10
0.1,10,100,Empirical_copula,Gaussian,7,absolute_residual,True,7200,800,200,5.1925156927134015,0.6066088119973263,5.118873608739378,10
0.1,10,100,Empirical_copula,Gaussian,8,absolute_residual,True,7200,800,200,4.030683371751862,0.4431100969194236,4.014090839893466,10
0.1,10,100,Empirical_copula,Gaussian,9,absolute_residual,True,7200,800,200,3.09654627028047,0.3545279881114307,3.083201436127875,10
0.1,10,100,Empirical_copula,Gaussian,10,absolute_residual,True,7200,800,200,2.4092573894262497,0.2844193434531829,2.399163855793507,10
0.1,10,100,Point_CHR,Gaussian,1,absolute_residual,True,7200,800,200,27.45488265532927,3.799053478159935,27.088921771205168,10
0.1,10,100,Point_CHR,Gaussian,2,absolute_residual,True,7200,800,200,21.102145043991932,3.0398246112495166,20.718730736060987,10
0.1,10,100,Point_CHR,Gaussian,3,absolute_residual,True,7200,800,200,16.67995156871659,2.233061797586377,16.553564333501868,10
0.1,10,100,Point_CHR,Gaussian,4,absolute_residual,True,7200,800,200,12.587287971593774,1.6009327757858947,12.541488721240068,10
0.1,10,100,Point_CHR,Gaussian,5,absolute_residual,True,7200,800,200,9.862374753891261,1.40895168360563,9.701481974854637,10
0.1,10,100,Point_CHR,Gaussian,6,absolute_residual,True,7200,800,200,7.63129483710432,0.9806337020141892,7.530957007071916,10
0.1,10,100,Point_CHR,Gaussian,7,absolute_residual,True,7200,800,200,5.839880220854656,0.8105924251792368,5.7792984515316554,10
0.1,10,100,Point_CHR,Gaussian,8,absolute_residual,True,7200,800,200,4.477884428425298,0.5687271906298005,4.401420565314755,10
0.1,10,100,Point_CHR,Gaussian,9,absolute_residual,True,7200,800,200,3.499801730605609,0.46735663515959497,3.452055311197327,10
0.1,10,100,Point_CHR,Gaussian,10,absolute_residual,True,7200,800,200,2.7327995845004667,0.3819571305945895,2.7054970341342104,10
0.1,10,100,TSCP_R,Gaussian,1,absolute_residual,True,7200,800,200,26.403766239325684,2.3267365734771643,26.23338738035433,10
0.1,10,100,TSCP_R,Gaussian,2,absolute_residual,True,7200,800,200,20.61240814486712,1.7735437254143582,20.465484215027942,10
0.1,10,100,TSCP_R,Gaussian,3,absolute_residual,True,7200,800,200,15.937720864324033,1.4208333367782118,15.801448571916703,10
0.1,10,100,TSCP_R,Gaussian,4,absolute_residual,True,7200,800,200,12.209709705845032,1.0153174123319253,12.122070504849683,10
0.1,10,100,TSCP_R,Gaussian,5,absolute_residual,True,7200,800,200,9.5826711943837,0.7599052405718218,9.550436868080181,10
0.1,10,100,TSCP_R,Gaussian,6,absolute_residual,True,7200,800,200,7.419881490125359,0.5689910123275418,7.402979939981576,10
0.1,10,100,TSCP_R,Gaussian,7,absolute_residual,True,7200,800,200,5.67836317256736,0.5039962867818824,5.639184997657111,10
0.1,10,100,TSCP_R,Gaussian,8,absolute_residual,True,7200,800,200,4.411005133691395,0.32453465696370926,4.417665744058886,10
0.1,10,100,TSCP_R,Gaussian,9,absolute_residual,True,7200,800,200,3.3905862470708854,0.258754987867923,3.3741432282610653,10
0.1,10,100,TSCP_R,Gaussian,10,absolute_residual,True,7200,800,200,2.6398112347414484,0.2231436301472701,2.616446085771063,10
0.1,10,100,Unscaled,Gaussian,1,absolute_residual,True,7200,800,200,17.930734144766326,1.1859677632904417,17.900787824417428,10
0.1,10,100,Unscaled,Gaussian,2,absolute_residual,True,7200,800,200,17.930734144766326,1.1859677632904417,17.900787824417428,10
0.1,10,100,Unscaled,Gaussian,3,absolute_residual,True,7200,800,200,17.930734144766326,1.1859677632904417,17.900787824417428,10
0.1,10,100,Unscaled,Gaussian,4,absolute_residual,True,7200,800,200,17.930734144766326,1.1859677632904417,17.900787824417428,10
0.1,10,100,Unscaled,Gaussian,5,absolute_residual,True,7200,800,200,17.930734144766326,1.1859677632904417,17.900787824417428,10
0.1,10,100,Unscaled,Gaussian,6,absolute_residual,True,7200,800,200,17.930734144766326,1.1859677632904417,17.900787824417428,10
0.1,10,100,Unscaled,Gaussian,7,absolute_residual,True,7200,800,200,17.930734144766326,1.1859677632904417,17.900787824417428,10
0.1,10,100,Unscaled,Gaussian,8,absolute_residual,True,7200,800,200,17.930734144766326,1.1859677632904417,17.900787824417428,10
0.1,10,100,Unscaled,Gaussian,9,absolute_residual,True,7200,800,200,17.930734144766326,1.1859677632904417,17.900787824417428,10
0.1,10,100,Unscaled,Gaussian,10,absolute_residual,True,7200,800,200,17.930734144766326,1.1859677632904417,17.900787824417428,10
0.1,10,100,Empirical_copula,Gaussian,1,absolute_residual,True,7200,800,200,48.25402980488407,5.507127681874735,48.08335480886353,20
0.1,10,100,Empirical_copula,Gaussian,2,absolute_residual,True,7200,800,200,34.889819318940276,4.084563057980055,34.710842984580765,20
0.1,10,100,Empirical_copula,Gaussian,3,absolute_residual,True,7200,800,200,24.97975683795643,3.0823973142085057,24.7631769347838,20
0.1,10,100,Empirical_copula,Gaussian,4,absolute_residual,True,7200,800,200,17.807355565175623,2.109280130605885,17.68328416945934,20
0.1,10,100,Empirical_copula,Gaussian,5,absolute_residual,True,7200,800,200,12.845148474683509,1.3772494593407336,12.726062596596636,20
0.1,10,100,Empirical_copula,Gaussian,6,absolute_residual,True,7200,800,200,9.273841913252518,1.0276258843615864,9.178127399896093,20
0.1,10,100,Empirical_copula,Gaussian,7,absolute_residual,True,7200,800,200,6.542159823159076,0.7642792112871546,6.4493766114020765,20
0.1,10,100,Empirical_copula,Gaussian,8,absolute_residual,True,7200,800,200,4.701909202485121,0.5169007957858942,4.682553532232208,20
0.1,10,100,Empirical_copula,Gaussian,9,absolute_residual,True,7200,800,200,3.3444549561470684,0.3829114062696459,3.330041738056674,20
0.1,10,100,Empirical_copula,Gaussian,10,absolute_residual,True,7200,800,200,2.4092573894262497,0.2844193434531829,2.399163855793507,20
0.1,10,100,Point_CHR,Gaussian,1,absolute_residual,True,7200,800,200,54.90976531065856,7.598106956319876,54.17784354241056,20
0.1,10,100,Point_CHR,Gaussian,2,absolute_residual,True,7200,800,200,39.07588494250144,5.628993474688955,38.36589771841651,20
0.1,10,100,Point_CHR,Gaussian,3,absolute_residual,True,7200,800,200,28.597576233125945,3.8285575786399795,28.38088683933138,20
0.1,10,100,Point_CHR,Gaussian,4,absolute_residual,True,7200,800,200,19.981074167534633,2.5413223724129033,19.908372389343732,20
0.1,10,100,Point_CHR,Gaussian,5,absolute_residual,True,7200,800,200,14.49507235154206,2.0707848873449732,14.25860268463393,20
0.1,10,100,Point_CHR,Gaussian,6,absolute_residual,True,7200,800,200,10.384589702713916,1.3344365355348895,10.248050986966588,20
0.1,10,100,Point_CHR,Gaussian,7,absolute_residual,True,7200,800,200,7.357788019119506,1.0212824593686578,7.281459772709565,20
0.1,10,100,Point_CHR,Gaussian,8,absolute_residual,True,7200,800,200,5.2235822216238095,0.6634367834662048,5.134384904827186,20
0.1,10,100,Point_CHR,Gaussian,9,absolute_residual,True,7200,800,200,3.7799949433327344,0.5047730853400589,3.728425958053578,20
0.1,10,100,Point_CHR,Gaussian,10,absolute_residual,True,7200,800,200,2.732799584500468,0.3819571305945899,2.7054970341342464,20
0.1,10,100,TSCP_R,Gaussian,1,absolute_residual,True,7200,800,200,52.80753247865135,4.653473146954319,52.46677476070848,20
0.1,10,100,TSCP_R,Gaussian,2,absolute_residual,True,7200,800,200,38.169014921354105,3.2841585729938934,37.89694861881816,20
0.1,10,100,TSCP_R,Gaussian,3,absolute_residual,True,7200,800,200,27.325030622667295,2.43600165718035,27.09139341727575,20
0.1,10,100,TSCP_R,Gaussian,4,absolute_residual,True,7200,800,200,19.381706031284736,1.6117159284173277,19.242587471431065,20
0.1,10,100,TSCP_R,Gaussian,5,absolute_residual,True,7200,800,200,14.083982382521526,1.1168589429293918,14.03660648131798,20
0.1,10,100,TSCP_R,Gaussian,6,absolute_residual,True,7200,800,200,10.09690053424154,0.7742772797644132,10.07390107381844,20
0.1,10,100,TSCP_R,Gaussian,7,absolute_residual,True,7200,800,200,7.154289290065447,0.6349955307853458,7.1049278827995686,20
0.1,10,100,TSCP_R,Gaussian,8,absolute_residual,True,7200,800,200,5.14556558217034,0.37857910169704156,5.1533353775853215,20
0.1,10,100,TSCP_R,Gaussian,9,absolute_residual,True,7200,800,200,3.662035696703224,0.2794708446337112,3.6442762541008915,20
0.1,10,100,TSCP_R,Gaussian,10,absolute_residual,True,7200,800,200,2.6398112347414475,0.22314363014726996,2.6164460857710647,20
0.1,10,100,Unscaled,Gaussian,1,absolute_residual,True,7200,800,200,34.964959995325856,2.526630289994141,34.9007520733571,20
0.1,10,100,Unscaled,Gaussian,2,absolute_residual,True,7200,800,200,34.964959995325856,2.526630289994141,34.9007520733571,20
0.1,10,100,Unscaled,Gaussian,3,absolute_residual,True,7200,800,200,34.964959995325856,2.526630289994141,34.9007520733571,20
0.1,10,100,Unscaled,Gaussian,4,absolute_residual,True,7200,800,200,34.964959995325856,2.526630289994141,34.9007520733571,20
0.1,10,100,Unscaled,Gaussian,5,absolute_residual,True,7200,800,200,34.964959995325856,2.526630289994141,34.9007520733571,20
0.1,10,100,Unscaled,Gaussian,6,absolute_residual,True,7200,800,200,34.964959995325856,2.526630289994141,34.9007520733571,20
0.1,10,100,Unscaled,Gaussian,7,absolute_residual,True,7200,800,200,34.964959995325856,2.526630289994141,34.9007520733571,20
0.1,10,100,Unscaled,Gaussian,8,absolute_residual,True,7200,800,200,34.964959995325856,2.526630289994141,34.9007520733571,20
0.1,10,100,Unscaled,Gaussian,9,absolute_residual,True,7200,800,200,34.964959995325856,2.526630289994141,34.9007520733571,20
0.1,10,100,Unscaled,Gaussian,10,absolute_residual,True,7200,800,200,34.964959995325856,2.526630289994141,34.9007520733571,20
