alpha,n_dim,n_cal,method,noise_type,correlation,correlation_structure,score_type,n_trials,test_coverage_avg,test_coverage_1std,coverage_vol_avg,coverage_vol_1std,coverage_max_length_median,runtime_avg
0.1,10,30,Empirical_copula,Gaussian,0.0,equicorrelated,absolute_residual,200,0.724184375,0.07606256819478495,16053026130.602564,11117038920.909542,24.54775721744616,0.0005009877681732178
0.1,10,30,Point_CHR,Gaussian,0.0,equicorrelated,absolute_residual,200,0.9412718750000001,0.05381209810882443,3002317033255.612,8406988228794.683,37.20771269611854,0.0003057551383972168
0.1,10,30,TSCP_R,Gaussian,0.0,equicorrelated,absolute_residual,200,0.9145062500000001,0.05450542068554318,170074144848.4311,194534843998.52545,28.90250741915244,0.0028903281688690188
0.1,10,30,Unscaled,Gaussian,0.0,equicorrelated,absolute_residual,200,0.901428125,0.0519785352597408,16575749832512.672,19684327469057.27,19.719591372992795,6.497383117675781e-05
0.1,10,50,Empirical_copula,Gaussian,0.0,equicorrelated,absolute_residual,200,0.827746875,0.04796236294906315,38435844648.44158,26525193947.437885,26.39365060381319,0.0005848431587219239
0.1,10,50,Point_CHR,Gaussian,0.0,equicorrelated,absolute_residual,200,0.9190312500000001,0.05445491189354886,517995260251.3811,1220429216150.2063,31.741396192551854,0.00035996675491333007
0.1,10,50,TSCP_R,Gaussian,0.0,equicorrelated,absolute_residual,200,0.91311875,0.038057723922857535,101996822478.69983,82807126844.52414,27.809388098371947,0.0032942283153533937
0.1,10,50,Unscaled,Gaussian,0.0,equicorrelated,absolute_residual,200,0.9045156249999999,0.03730410714362818,13499557343551.33,15531603906747.596,19.846999315040648,7.000207901000977e-05
0.1,10,100,Empirical_copula,Gaussian,0.0,equicorrelated,absolute_residual,200,0.8230531249999999,0.036296116129550623,24996098268.18561,8765534191.112417,24.70330618766047,0.001140758991241455
0.1,10,100,Point_CHR,Gaussian,0.0,equicorrelated,absolute_residual,200,0.9010812500000001,0.04178664880712676,95216671070.07469,81756739576.835,27.3488965289651,0.000325239896774292
0.1,10,100,TSCP_R,Gaussian,0.0,equicorrelated,absolute_residual,200,0.9058875000000001,0.027528491407920994,62748196405.04,27557232906.612953,26.495859283993944,0.003884540796279907
0.1,10,100,Unscaled,Gaussian,0.0,equicorrelated,absolute_residual,200,0.9018375000000001,0.030610648108757695,10270246629988.33,7014885064987.102,19.63191915619518,4.4971704483032227e-05
0.1,10,300,Empirical_copula,Gaussian,0.0,equicorrelated,absolute_residual,200,0.874053125,0.020217001300074425,36738088096.83375,8957259651.488213,24.95893824294025,0.003803303241729736
0.1,10,300,Point_CHR,Gaussian,0.0,equicorrelated,absolute_residual,200,0.89886875,0.02645828395582251,55457864822.08451,22440955820.067818,26.10052486432648,0.0004000556468963623
0.1,10,300,TSCP_R,Gaussian,0.0,equicorrelated,absolute_residual,200,0.8999812500000001,0.0202899744641604,48513052767.58408,13138497166.508018,25.702096131904774,0.004756292104721069
0.1,10,300,Unscaled,Gaussian,0.0,equicorrelated,absolute_residual,200,0.899590625,0.018610620724552426,8233213670485.291,2945586094123.727,19.413341124029706,5.4993629455566405e-05
0.1,10,500,Empirical_copula,Gaussian,0.0,equicorrelated,absolute_residual,200,0.886971875,0.015599425993156104,40286325847.99251,7600231402.856643,25.34586471974916,0.0075712502002716064
0.1,10,500,Point_CHR,Gaussian,0.0,equicorrelated,absolute_residual,200,0.901525,0.0221270599926786,52226176648.939606,16095697256.705914,25.822420809920825,0.0004547905921936035
0.1,10,500,TSCP_R,Gaussian,0.0,equicorrelated,absolute_residual,200,0.9018906250000001,0.015361718726939495,47430239697.13837,9641603314.496103,25.838161437063132,0.005723649263381958
0.1,10,500,Unscaled,Gaussian,0.0,equicorrelated,absolute_residual,200,0.9016625,0.015582724215292046,8385528934395.058,2402547122364.141,19.559685216042368,5.48100471496582e-05
0.1,10,30,Empirical_copula,Gaussian,0.3,equicorrelated,absolute_residual,200,0.746775,0.07479159802024626,16097199160.53625,12342329384.53005,24.201674571067002,0.0005354654788970948
0.1,10,30,Point_CHR,Gaussian,0.3,equicorrelated,absolute_residual,200,0.935215625,0.05889528163382883,8290300518317.249,42736999478236.984,36.007859999637915,0.0003102314472198486
0.1,10,30,TSCP_R,Gaussian,0.3,equicorrelated,absolute_residual,200,0.913634375,0.05039000991746069,153232579455.19766,221236750643.28525,29.048238891945704,0.002816368341445923
0.1,10,30,Unscaled,Gaussian,0.3,equicorrelated,absolute_residual,200,0.905240625,0.05080479339238164,17639706679138.29,27896064053303.58,19.757235158414886,6.507515907287597e-05
0.1,10,50,Empirical_copula,Gaussian,0.3,equicorrelated,absolute_residual,200,0.8394499999999999,0.05015164503782505,38693351967.61725,31225589739.46505,26.100324226418792,0.0006198155879974366
0.1,10,50,Point_CHR,Gaussian,0.3,equicorrelated,absolute_residual,200,0.9231374999999999,0.05063242314830831,499542768030.09515,1296926067582.1567,31.140620907916,0.00041484594345092774
0.1,10,50,TSCP_R,Gaussian,0.3,equicorrelated,absolute_residual,200,0.9088437500000001,0.03829351760927638,81529620086.53134,64626559920.17153,26.958917572731742,0.0032149171829223633
0.1,10,50,Unscaled,Gaussian,0.3,equicorrelated,absolute_residual,200,0.907228125,0.03585266655851634,13291018909735.016,18236663045718.168,19.58494138668835,5.507349967956543e-05
0.1,10,100,Empirical_copula,Gaussian,0.3,equicorrelated,absolute_residual,200,0.8339093750000001,0.039201004326232525,24521108105.238903,11809632052.236473,24.58412024288117,0.001077406406402588
0.1,10,100,Point_CHR,Gaussian,0.3,equicorrelated,absolute_residual,200,0.895328125,0.045683536032486954,74617556022.31102,55564522736.923904,27.028244491070303,0.00039606928825378416
0.1,10,100,TSCP_R,Gaussian,0.3,equicorrelated,absolute_residual,200,0.900865625,0.030399008331226614,52972087690.912735,26355737496.55296,26.00130279830601,0.003719191551208496
0.1,10,100,Unscaled,Gaussian,0.3,equicorrelated,absolute_residual,200,0.89940625,0.030580757833741302,8515606703313.7,5478289500098.733,19.374195886371286,4.999160766601563e-05
0.1,10,300,Empirical_copula,Gaussian,0.3,equicorrelated,absolute_residual,200,0.8859625,0.019716290168029824,36749396040.471634,10278468846.297731,25.092392072610274,0.00383111834526062
0.1,10,300,Point_CHR,Gaussian,0.3,equicorrelated,absolute_residual,200,0.9019343750000001,0.026509737169734766,51554354716.5471,23083288386.105007,26.00221304209805,0.000445098876953125
0.1,10,300,TSCP_R,Gaussian,0.3,equicorrelated,absolute_residual,200,0.900990625,0.017150274042505555,42889615539.332596,11585037789.114073,25.509113796053537,0.004708684682846069
0.1,10,300,Unscaled,Gaussian,0.3,equicorrelated,absolute_residual,200,0.9029312500000001,0.01821271553677866,7790685060783.013,2833085432501.67,19.345715660666205,4.0024518966674805e-05
0.1,10,500,Empirical_copula,Gaussian,0.3,equicorrelated,absolute_residual,200,0.892021875,0.01690178842219718,37537064778.1117,8469716843.015041,25.34587207992314,0.007506232261657714
0.1,10,500,Point_CHR,Gaussian,0.3,equicorrelated,absolute_residual,200,0.901525,0.019158924406712158,44891391004.67788,14550635814.231335,25.571460217527747,0.0004954981803894043
0.1,10,500,TSCP_R,Gaussian,0.3,equicorrelated,absolute_residual,200,0.900678125,0.014428739061814954,40596870265.56328,8427598669.519647,25.398885128144506,0.005537452697753906
0.1,10,500,Unscaled,Gaussian,0.3,equicorrelated,absolute_residual,200,0.904675,0.014070047527893632,7766567765004.138,2308283140132.4653,19.341639117973884,7.001519203186036e-05
0.1,10,30,Empirical_copula,Gaussian,0.6,equicorrelated,absolute_residual,200,0.80393125,0.07220600779189862,16622105541.887291,17611920751.786022,24.199146765486134,0.0004961121082305908
0.1,10,30,Point_CHR,Gaussian,0.6,equicorrelated,absolute_residual,200,0.9382531249999999,0.05507636948581546,4089973177012.1035,23188773264154.8,33.32847067321,0.00037097930908203125
0.1,10,30,TSCP_R,Gaussian,0.6,equicorrelated,absolute_residual,200,0.9146562500000001,0.05096195982232395,92974574876.88907,121092412673.24959,26.941284512063003,0.0027850365638732912
0.1,10,30,Unscaled,Gaussian,0.6,equicorrelated,absolute_residual,200,0.9098906250000001,0.04885407319325824,15831766293002.46,30283435485703.14,19.38502101870816,5.509257316589355e-05
0.1,10,50,Empirical_copula,Gaussian,0.6,equicorrelated,absolute_residual,200,0.84895625,0.05582151534187166,26321076078.49437,26657123313.78047,24.360670202363934,0.000608060359954834
0.1,10,50,Point_CHR,Gaussian,0.6,equicorrelated,absolute_residual,200,0.924040625,0.04998707737763996,315095804147.0507,773863938061.0762,29.135476455432883,0.0003403019905090332
0.1,10,50,TSCP_R,Gaussian,0.6,equicorrelated,absolute_residual,200,0.911821875,0.03889136646205432,53780543561.46027,49845002225.94835,25.531185607752516,0.0032056725025177003
0.1,10,50,Unscaled,Gaussian,0.6,equicorrelated,absolute_residual,200,0.9062468749999999,0.03890876140963025,11006378211252.86,15141875636290.555,18.90839078753934,6.998538970947266e-05
0.1,10,100,Empirical_copula,Gaussian,0.6,equicorrelated,absolute_residual,200,0.863615625,0.037527673912471284,20896359146.18332,11794655345.931957,23.9281077015641,0.0010998189449310304
0.1,10,100,Point_CHR,Gaussian,0.6,equicorrelated,absolute_residual,200,0.897509375,0.043850005832862596,47633862528.36282,45750891582.28875,25.506589078741914,0.00036029338836669923
0.1,10,100,TSCP_R,Gaussian,0.6,equicorrelated,absolute_residual,200,0.902628125,0.03093175245453966,32761483212.845863,18729048108.370243,24.7280691341867,0.0035443508625030515
0.1,10,100,Unscaled,Gaussian,0.6,equicorrelated,absolute_residual,200,0.900409375,0.03023668655463743,6524775629734.915,4754551744089.8125,18.698956856424758,4.9976110458374026e-05
0.1,10,300,Empirical_copula,Gaussian,0.6,equicorrelated,absolute_residual,200,0.890478125,0.020389384113602735,22899751254.08714,7478235698.168576,23.952811165965205,0.003692294359207153
0.1,10,300,Point_CHR,Gaussian,0.6,equicorrelated,absolute_residual,200,0.90123125,0.026935876039728825,29639190039.64458,13537274902.906845,24.519458638740595,0.0004169082641601563
0.1,10,300,TSCP_R,Gaussian,0.6,equicorrelated,absolute_residual,200,0.902440625,0.019146416382336526,26013370324.32097,8562784578.567644,24.225601303494155,0.004425455331802369
0.1,10,300,Unscaled,Gaussian,0.6,equicorrelated,absolute_residual,200,0.90414375,0.0190408049581622,5918864362121.268,2477027030030.894,18.72344394062584,8.490800857543945e-05
0.1,10,500,Empirical_copula,Gaussian,0.6,equicorrelated,absolute_residual,200,0.8945406250000001,0.01723444394300255,22917295022.52991,5939302703.981155,24.04828912049846,0.007582672834396362
0.1,10,500,Point_CHR,Gaussian,0.6,equicorrelated,absolute_residual,200,0.901803125,0.021018747753971945,27233222594.920303,9447690517.397648,24.45132208444751,0.00041816949844360353
0.1,10,500,TSCP_R,Gaussian,0.6,equicorrelated,absolute_residual,200,0.90188125,0.015945148548970764,24716639402.8656,6036162640.238954,24.153931996939313,0.005497816801071167
0.1,10,500,Unscaled,Gaussian,0.6,equicorrelated,absolute_residual,200,0.9039562499999999,0.015301758231076315,5694608629809.961,1903336940279.7854,18.766902988638957,3.494977951049805e-05
0.1,10,30,Empirical_copula,Gaussian,0.9,equicorrelated,absolute_residual,200,0.8359218749999999,0.07354711728315863,5916001768.671506,10347998928.65088,19.936244771139275,0.0005348694324493409
0.1,10,30,Point_CHR,Gaussian,0.9,equicorrelated,absolute_residual,200,0.9358625,0.05790415914015712,538997889309.2209,3271531142924.5522,27.61726376809009,0.00034507036209106444
0.1,10,30,TSCP_R,Gaussian,0.9,equicorrelated,absolute_residual,200,0.9213625000000001,0.04378232653519194,27717105256.21846,37204852536.271515,22.863167418141863,0.0026357567310333254
0.1,10,30,Unscaled,Gaussian,0.9,equicorrelated,absolute_residual,200,0.9089156250000001,0.04841960897094141,8486357955580.5625,14866617577737.775,17.8672268264192,2.9964447021484377e-05
0.1,10,50,Empirical_copula,Gaussian,0.9,equicorrelated,absolute_residual,200,0.8663031250000001,0.04856797359014106,6015767470.882984,5970457430.2192545,20.431993849697328,0.0005851244926452637
0.1,10,50,Point_CHR,Gaussian,0.9,equicorrelated,absolute_residual,200,0.92421875,0.04596278425115354,56844509993.39487,119312935805.86224,24.493370894087278,0.0003549826145172119
0.1,10,50,TSCP_R,Gaussian,0.9,equicorrelated,absolute_residual,200,0.913915625,0.04005916231226228,14886311581.994064,15179375177.005793,21.976376107028294,0.002885575294494629
0.1,10,50,Unscaled,Gaussian,0.9,equicorrelated,absolute_residual,200,0.9059843750000001,0.03942845226768993,5688500727159.068,8922079713604.053,17.62048454645206,7.502317428588868e-05
0.1,10,100,Empirical_copula,Gaussian,0.9,equicorrelated,absolute_residual,200,0.879375,0.03417601727871719,5449463523.985107,3880662203.633257,20.549317270528046,0.0010502564907073975
0.1,10,100,Point_CHR,Gaussian,0.9,equicorrelated,absolute_residual,200,0.9026625,0.041604576644146914,13426816692.542166,15051796661.359211,22.14111978758192,0.0004046630859375
0.1,10,100,TSCP_R,Gaussian,0.9,equicorrelated,absolute_residual,200,0.902315625,0.030250653927636404,8006948352.107746,5789535252.045247,21.23933887636213,0.0029851603507995606
0.1,10,100,Unscaled,Gaussian,0.9,equicorrelated,absolute_residual,200,0.90089375,0.03045770182053207,3395351864413.7944,3231850648171.676,17.24295813027495,7.999777793884278e-05
0.1,10,300,Empirical_copula,Gaussian,0.9,equicorrelated,absolute_residual,200,0.894928125,0.021644666520955952,5732494166.839046,2766351447.982564,20.700258175529836,0.0036296606063842773
0.1,10,300,Point_CHR,Gaussian,0.9,equicorrelated,absolute_residual,200,0.901190625,0.026021347831138974,7438719903.683364,4577879210.888671,21.161846790362787,0.0003677248954772949
0.1,10,300,TSCP_R,Gaussian,0.9,equicorrelated,absolute_residual,200,0.90396875,0.02058138852716283,6636239611.925498,3048241166.3678484,21.050351736671864,0.00404693603515625
0.1,10,300,Unscaled,Gaussian,0.9,equicorrelated,absolute_residual,200,0.9039499999999999,0.017624374075631385,2806449828662.8174,1297811448024.0916,17.47981425545777,8.005857467651368e-05
0.1,10,500,Empirical_copula,Gaussian,0.9,equicorrelated,absolute_residual,200,0.898953125,0.016006454009529124,5818419466.174208,1980869460.9595501,20.802454893554085,0.007430000305175781
0.1,10,500,Point_CHR,Gaussian,0.9,equicorrelated,absolute_residual,200,0.904084375,0.019894101458689174,7110856703.398299,3279602158.208142,21.160697261687332,0.00045624613761901855
0.1,10,500,TSCP_R,Gaussian,0.9,equicorrelated,absolute_residual,200,0.90371875,0.01599170811167919,6299921244.228,2149622173.7570353,20.971911342082645,0.005155775547027588
0.1,10,500,Unscaled,Gaussian,0.9,equicorrelated,absolute_residual,200,0.904909375,0.014609580613862238,2766122769579.019,1069802874813.3702,17.450530897093174,8.007287979125977e-05
