alpha,n_dim,n_cal,method,noise_type,coordinate,score_type,n_trials,coordinate_length_avg,coordinate_length_1std,coordinate_length_median,noise_ratio
0.1,10,100,Empirical_copula,Gaussian,1,absolute_residual,200,2.426632026303844,0.27452549353083117,2.408149508928202,1
0.1,10,100,Empirical_copula,Gaussian,2,absolute_residual,200,2.4329856886356755,0.2505210088731501,2.387475200799363,1
0.1,10,100,Empirical_copula,Gaussian,3,absolute_residual,200,2.4306105375120115,0.2779353707147083,2.4209467578882786,1
0.1,10,100,Empirical_copula,Gaussian,4,absolute_residual,200,2.424002295142038,0.28138043630369486,2.3806784090027815,1
0.1,10,100,Empirical_copula,Gaussian,5,absolute_residual,200,2.401885863477251,0.25874516195924896,2.3801288502520874,1
0.1,10,100,Empirical_copula,Gaussian,6,absolute_residual,200,2.415102478267728,0.29067983094231775,2.3766347177943086,1
0.1,10,100,Empirical_copula,Gaussian,7,absolute_residual,200,2.4256182487072606,0.3115078091326575,2.3916488618579423,1
0.1,10,100,Empirical_copula,Gaussian,8,absolute_residual,200,2.43726027588725,0.2864049031439818,2.397887245724869,1
0.1,10,100,Empirical_copula,Gaussian,9,absolute_residual,200,2.429280246498595,0.3133815114384441,2.3765328697769252,1
0.1,10,100,Empirical_copula,Gaussian,10,absolute_residual,200,2.432335577182991,0.28167516664775777,2.387080204656253,1
0.1,10,100,Point_CHR,Gaussian,1,absolute_residual,200,2.7438936328725507,0.3833354577025685,2.726322589297049,1
0.1,10,100,Point_CHR,Gaussian,2,absolute_residual,200,2.7268310239041806,0.35281694644315276,2.7433147178578094,1
0.1,10,100,Point_CHR,Gaussian,3,absolute_residual,200,2.741704920784541,0.3721415260024227,2.7524506184017197,1
0.1,10,100,Point_CHR,Gaussian,4,absolute_residual,200,2.7034883169181687,0.3931088151093087,2.66568140950452,1
0.1,10,100,Point_CHR,Gaussian,5,absolute_residual,200,2.7118809817912553,0.35475271516114243,2.649890085141611,1
0.1,10,100,Point_CHR,Gaussian,6,absolute_residual,200,2.750329326936585,0.3811525193695836,2.7371873552268857,1
0.1,10,100,Point_CHR,Gaussian,7,absolute_residual,200,2.7501539288744383,0.36678478057107816,2.7412729891181407,1
0.1,10,100,Point_CHR,Gaussian,8,absolute_residual,200,2.7486549920738037,0.3627218725469246,2.727325425088284,1
0.1,10,100,Point_CHR,Gaussian,9,absolute_residual,200,2.7029408291478516,0.3668182627639788,2.6814613186296232,1
0.1,10,100,Point_CHR,Gaussian,10,absolute_residual,200,2.6944523172586456,0.3865209108668507,2.6220804364047305,1
0.1,10,100,TSCP_R,Gaussian,1,absolute_residual,200,2.6433994540518904,0.2187196892369157,2.6420740639858895,1
0.1,10,100,TSCP_R,Gaussian,2,absolute_residual,200,2.6509758726343695,0.20510648754885424,2.654432138690092,1
0.1,10,100,TSCP_R,Gaussian,3,absolute_residual,200,2.663623838797678,0.23074453767248093,2.671226594585481,1
0.1,10,100,TSCP_R,Gaussian,4,absolute_residual,200,2.651702379287901,0.22718268250835505,2.646950798720818,1
0.1,10,100,TSCP_R,Gaussian,5,absolute_residual,200,2.6173040459646972,0.21655948942419276,2.63000608083918,1
0.1,10,100,TSCP_R,Gaussian,6,absolute_residual,200,2.6366473193118924,0.21209046375406157,2.6254635521326843,1
0.1,10,100,TSCP_R,Gaussian,7,absolute_residual,200,2.623395615686933,0.23064290905481144,2.6190578216716816,1
0.1,10,100,TSCP_R,Gaussian,8,absolute_residual,200,2.6737294075944185,0.23657364117063337,2.660869953553406,1
0.1,10,100,TSCP_R,Gaussian,9,absolute_residual,200,2.6409493014288485,0.23950640183961155,2.6307551656357218,1
0.1,10,100,TSCP_R,Gaussian,10,absolute_residual,200,2.629627878697782,0.23839663387160712,2.604275976188286,1
0.1,10,100,Unscaled,Gaussian,1,absolute_residual,200,2.5885730397136983,0.1255527419681778,2.5876357312032523,1
0.1,10,100,Unscaled,Gaussian,2,absolute_residual,200,2.5885730397136983,0.1255527419681778,2.5876357312032523,1
0.1,10,100,Unscaled,Gaussian,3,absolute_residual,200,2.5885730397136983,0.1255527419681778,2.5876357312032523,1
0.1,10,100,Unscaled,Gaussian,4,absolute_residual,200,2.5885730397136983,0.1255527419681778,2.5876357312032523,1
0.1,10,100,Unscaled,Gaussian,5,absolute_residual,200,2.5885730397136983,0.1255527419681778,2.5876357312032523,1
0.1,10,100,Unscaled,Gaussian,6,absolute_residual,200,2.5885730397136983,0.1255527419681778,2.5876357312032523,1
0.1,10,100,Unscaled,Gaussian,7,absolute_residual,200,2.5885730397136983,0.1255527419681778,2.5876357312032523,1
0.1,10,100,Unscaled,Gaussian,8,absolute_residual,200,2.5885730397136983,0.1255527419681778,2.5876357312032523,1
0.1,10,100,Unscaled,Gaussian,9,absolute_residual,200,2.5885730397136983,0.1255527419681778,2.5876357312032523,1
0.1,10,100,Unscaled,Gaussian,10,absolute_residual,200,2.5885730397136983,0.1255527419681778,2.5876357312032523,1
0.1,10,100,Empirical_copula,Gaussian,1,absolute_residual,200,4.853264052607686,0.5490509870616618,4.816299017856441,2
0.1,10,100,Empirical_copula,Gaussian,2,absolute_residual,200,4.505279848929306,0.46390213402470065,4.421005829266321,2
0.1,10,100,Empirical_copula,Gaussian,3,absolute_residual,200,4.16725251588289,0.4765168483344431,4.1506840820147595,2
0.1,10,100,Empirical_copula,Gaussian,4,absolute_residual,200,3.8478637932818014,0.4466636005917564,3.7790914108490288,2
0.1,10,100,Empirical_copula,Gaussian,5,absolute_residual,200,3.5301345000616755,0.3802866892409448,3.498157467275745,2
0.1,10,100,Empirical_copula,Gaussian,6,absolute_residual,200,3.2864473018230793,0.39555420719868567,3.2341007580417447,2
0.1,10,100,Empirical_copula,Gaussian,7,absolute_residual,200,3.0560874905554147,0.3924752459328676,3.0132887450119226,2
0.1,10,100,Empirical_copula,Gaussian,8,absolute_residual,200,2.8431348888277745,0.3340996365944405,2.797205105767257,2
0.1,10,100,Empirical_copula,Gaussian,9,absolute_residual,200,2.6237677887295088,0.33847075341788335,2.5667974708002386,2
0.1,10,100,Empirical_copula,Gaussian,10,absolute_residual,200,2.432335577182991,0.28167516664775777,2.387080204656253,2
0.1,10,100,Point_CHR,Gaussian,1,absolute_residual,200,5.487787265745112,0.7666709154051329,5.452645178594095,2
0.1,10,100,Point_CHR,Gaussian,2,absolute_residual,200,5.0494077794266845,0.6533285775562713,5.079931450220211,2
0.1,10,100,Point_CHR,Gaussian,3,absolute_residual,200,4.700620092202419,0.6380321678706771,4.719043461450286,2
0.1,10,100,Point_CHR,Gaussian,4,absolute_residual,200,4.29152019825964,0.6240213466424895,4.23150547365953,2
0.1,10,100,Point_CHR,Gaussian,5,absolute_residual,200,3.985745017884824,0.5213923017007509,3.8946348588717443,2
0.1,10,100,Point_CHR,Gaussian,6,absolute_residual,200,3.7426206452816375,0.5186685368993986,3.7247371815964563,2
0.1,10,100,Point_CHR,Gaussian,7,absolute_residual,200,3.464976825439998,0.46211986582258185,3.453787542498163,2
0.1,10,100,Point_CHR,Gaussian,8,absolute_residual,200,3.2063858680299564,0.4231255976154126,3.1815043087398047,2
0.1,10,100,Point_CHR,Gaussian,9,absolute_residual,200,2.9193375661707837,0.39618563710179405,2.896138411648957,2
0.1,10,100,Point_CHR,Gaussian,10,absolute_residual,200,2.6944523172586488,0.38652091086685153,2.6220804364047092,2
0.1,10,100,TSCP_R,Gaussian,1,absolute_residual,200,5.28679890810378,0.43743937847382885,5.284148127971799,2
0.1,10,100,TSCP_R,Gaussian,2,absolute_residual,200,4.908943046711791,0.3798058202951054,4.915343185391641,2
0.1,10,100,TSCP_R,Gaussian,3,absolute_residual,200,4.566751016786623,0.395608732991896,4.579785850090996,2
0.1,10,100,TSCP_R,Gaussian,4,absolute_residual,200,4.209315146388189,0.3606300292027185,4.201772482397509,2
0.1,10,100,TSCP_R,Gaussian,5,absolute_residual,200,3.8467420331267954,0.3182849512363287,3.865410651903889,2
0.1,10,100,TSCP_R,Gaussian,6,absolute_residual,200,3.5879233061062,0.28861058220887276,3.572704547564455,2
0.1,10,100,TSCP_R,Gaussian,7,absolute_residual,200,3.3052713584058866,0.2905918561271438,3.2998060804159666,2
0.1,10,100,TSCP_R,Gaussian,8,absolute_residual,200,3.1189829979275356,0.2759700224238039,3.103982071355592,2
0.1,10,100,TSCP_R,Gaussian,9,absolute_residual,200,2.852383012929059,0.25868122183392483,2.841372737286126,2
0.1,10,100,TSCP_R,Gaussian,10,absolute_residual,200,2.6296278786977805,0.23839663387160714,2.6042759761882897,2
0.1,10,100,Unscaled,Gaussian,1,absolute_residual,200,4.155255809276012,0.2198723767749505,4.140722788160256,2
0.1,10,100,Unscaled,Gaussian,2,absolute_residual,200,4.155255809276012,0.2198723767749505,4.140722788160256,2
0.1,10,100,Unscaled,Gaussian,3,absolute_residual,200,4.155255809276012,0.2198723767749505,4.140722788160256,2
0.1,10,100,Unscaled,Gaussian,4,absolute_residual,200,4.155255809276012,0.2198723767749505,4.140722788160256,2
0.1,10,100,Unscaled,Gaussian,5,absolute_residual,200,4.155255809276012,0.2198723767749505,4.140722788160256,2
0.1,10,100,Unscaled,Gaussian,6,absolute_residual,200,4.155255809276012,0.2198723767749505,4.140722788160256,2
0.1,10,100,Unscaled,Gaussian,7,absolute_residual,200,4.155255809276012,0.2198723767749505,4.140722788160256,2
0.1,10,100,Unscaled,Gaussian,8,absolute_residual,200,4.155255809276012,0.2198723767749505,4.140722788160256,2
0.1,10,100,Unscaled,Gaussian,9,absolute_residual,200,4.155255809276012,0.2198723767749505,4.140722788160256,2
0.1,10,100,Unscaled,Gaussian,10,absolute_residual,200,4.155255809276012,0.2198723767749505,4.140722788160256,2
0.1,10,100,Empirical_copula,Gaussian,1,absolute_residual,200,12.133160131519208,1.3726274676541523,12.040747544641139,5
0.1,10,100,Empirical_copula,Gaussian,2,absolute_residual,200,10.172933952045454,1.047492259724497,9.982642990184665,5
0.1,10,100,Empirical_copula,Gaussian,3,absolute_residual,200,8.4988216018044,0.9718229622066681,8.465031433550902,5
0.1,10,100,Empirical_copula,Gaussian,4,absolute_residual,200,7.087825708464019,0.8227613869380823,6.961145896904549,5
0.1,10,100,Empirical_copula,Gaussian,5,absolute_residual,200,5.873122173038787,0.6326869944058757,5.819921644764355,5
0.1,10,100,Empirical_copula,Gaussian,6,absolute_residual,200,4.93842996151974,0.5943855381924312,4.859770632326066,5
0.1,10,100,Empirical_copula,Gaussian,7,absolute_residual,200,4.147748861109466,0.5326708608187979,4.089662026673778,5
0.1,10,100,Empirical_copula,Gaussian,8,absolute_residual,200,3.4852070009171894,0.409550175420245,3.4289047825095675,5
0.1,10,100,Empirical_copula,Gaussian,9,absolute_residual,200,2.9049653233166044,0.3747457400229396,2.8418893153124873,5
0.1,10,100,Empirical_copula,Gaussian,10,absolute_residual,200,2.432335577182991,0.28167516664775777,2.387080204656253,5
0.1,10,100,Point_CHR,Gaussian,1,absolute_residual,200,13.719468164362773,1.916677288512834,13.631612946485312,5
0.1,10,100,Point_CHR,Gaussian,2,absolute_residual,200,11.401576274836671,1.4752176759992452,11.470498805149756,5
0.1,10,100,Point_CHR,Gaussian,3,absolute_residual,200,9.586587668787283,1.3012222202226118,9.62416084870501,5
0.1,10,100,Point_CHR,Gaussian,4,absolute_residual,200,7.9050477937199775,1.1494571484274616,7.794499725815444,5
0.1,10,100,Point_CHR,Gaussian,5,absolute_residual,200,6.631126219187748,0.8674458970095625,6.47954528223492,5
0.1,10,100,Point_CHR,Gaussian,6,absolute_residual,200,5.623905765660186,0.7793851559100696,5.59703290729133,5
0.1,10,100,Point_CHR,Gaussian,7,absolute_residual,200,4.7026970680337135,0.6271931523836471,4.687510874666487,5
0.1,10,100,Point_CHR,Gaussian,8,absolute_residual,200,3.9304918380103144,0.5186810871588655,3.899991215274273,5
0.1,10,100,Point_CHR,Gaussian,9,absolute_residual,200,3.232212253390045,0.43864611126051734,3.2065267717305566,5
0.1,10,100,Point_CHR,Gaussian,10,absolute_residual,200,2.694452317258648,0.38652091086685014,2.6220804364047083,5
0.1,10,100,TSCP_R,Gaussian,1,absolute_residual,200,13.216997270259446,1.0935984461845758,13.21037031992947,5
0.1,10,100,TSCP_R,Gaussian,2,absolute_residual,200,11.084406532575283,0.8576025583367022,11.098858062836955,5
0.1,10,100,TSCP_R,Gaussian,3,absolute_residual,200,9.313571002381522,0.8068164895214325,9.3401546381082,5
0.1,10,100,TSCP_R,Gaussian,4,absolute_residual,200,7.75362479349908,0.6642861934692085,7.7397310876364225,5
0.1,10,100,TSCP_R,Gaussian,5,absolute_residual,200,6.39986548057094,0.5295340459175102,6.430924659442955,5
0.1,10,100,TSCP_R,Gaussian,6,absolute_residual,200,5.391447458987333,0.43368507555295643,5.36857876028099,5
0.1,10,100,TSCP_R,Gaussian,7,absolute_residual,200,4.485943401441757,0.3943938267552668,4.478525878014047,5
0.1,10,100,TSCP_R,Gaussian,8,absolute_residual,200,3.8233505637857905,0.3382930081770644,3.8049619412430404,5
0.1,10,100,TSCP_R,Gaussian,9,absolute_residual,200,3.1580819678362486,0.2864049106969927,3.145891685952187,5
0.1,10,100,TSCP_R,Gaussian,10,absolute_residual,200,2.6296278786977796,0.2383966338716077,2.604275976188286,5
0.1,10,100,Unscaled,Gaussian,1,absolute_residual,200,9.40722320891284,0.5258583134143507,9.387792866690912,5
0.1,10,100,Unscaled,Gaussian,2,absolute_residual,200,9.40722320891284,0.5258583134143507,9.387792866690912,5
0.1,10,100,Unscaled,Gaussian,3,absolute_residual,200,9.40722320891284,0.5258583134143507,9.387792866690912,5
0.1,10,100,Unscaled,Gaussian,4,absolute_residual,200,9.40722320891284,0.5258583134143507,9.387792866690912,5
0.1,10,100,Unscaled,Gaussian,5,absolute_residual,200,9.40722320891284,0.5258583134143507,9.387792866690912,5
0.1,10,100,Unscaled,Gaussian,6,absolute_residual,200,9.40722320891284,0.5258583134143507,9.387792866690912,5
0.1,10,100,Unscaled,Gaussian,7,absolute_residual,200,9.40722320891284,0.5258583134143507,9.387792866690912,5
0.1,10,100,Unscaled,Gaussian,8,absolute_residual,200,9.40722320891284,0.5258583134143507,9.387792866690912,5
0.1,10,100,Unscaled,Gaussian,9,absolute_residual,200,9.40722320891284,0.5258583134143507,9.387792866690912,5
0.1,10,100,Unscaled,Gaussian,10,absolute_residual,200,9.40722320891284,0.5258583134143507,9.387792866690912,5
0.1,10,100,Empirical_copula,Gaussian,1,absolute_residual,200,24.266320263038416,2.7452549353083047,24.081495089282278,10
0.1,10,100,Empirical_copula,Gaussian,2,absolute_residual,200,18.837724591935388,1.939693189191166,18.48535341280793,10
0.1,10,100,Empirical_copula,Gaussian,3,absolute_residual,200,14.571127358977073,1.6661787735002285,14.513194522147272,10
0.1,10,100,Empirical_copula,Gaussian,4,absolute_residual,200,11.251221985783031,1.3060522911443269,11.050130319650407,10
0.1,10,100,Empirical_copula,Gaussian,5,absolute_residual,200,8.631930235063722,0.9298818984924934,8.553739583651508,10
0.1,10,100,Empirical_copula,Gaussian,6,absolute_residual,200,6.720166108197594,0.8088338966205284,6.613127279610443,10
0.1,10,100,Empirical_copula,Gaussian,7,absolute_residual,200,5.225836099789304,0.6711232302112243,5.152651274362013,10
0.1,10,100,Empirical_copula,Gaussian,8,absolute_residual,200,4.065595175503887,0.4777521727912081,3.9999170027388447,10
0.1,10,100,Empirical_copula,Gaussian,9,absolute_residual,200,3.1375360885925376,0.40474778612017726,3.0694102318572325,10
0.1,10,100,Empirical_copula,Gaussian,10,absolute_residual,200,2.432335577182991,0.28167516664775777,2.387080204656253,10
0.1,10,100,Point_CHR,Gaussian,1,absolute_residual,200,27.438936328725546,3.8333545770256645,27.26322589297056,10
0.1,10,100,Point_CHR,Gaussian,2,absolute_residual,200,21.112862306171998,2.73173348265386,21.240489562019476,10
0.1,10,100,Point_CHR,Gaussian,3,absolute_residual,200,16.436089190322722,2.230929837281102,16.500507955124995,10
0.1,10,100,Point_CHR,Gaussian,4,absolute_residual,200,12.548481183609981,1.824649486606117,12.372997064325272,10
0.1,10,100,Point_CHR,Gaussian,5,absolute_residual,200,9.745994926973315,1.2749151550178939,9.52321119556232,10
0.1,10,100,Point_CHR,Gaussian,6,absolute_residual,200,7.652954727833401,1.0605795264467714,7.616386410888939,10
0.1,10,100,Point_CHR,Gaussian,7,absolute_residual,200,5.925027027294577,0.7902138550380828,5.905893622603383,10
0.1,10,100,Point_CHR,Gaussian,8,absolute_residual,200,4.585032868855939,0.6050565504497265,4.54945300670919,10
0.1,10,100,Point_CHR,Gaussian,9,absolute_residual,200,3.490982322440963,0.47376400439415756,3.4632404678264974,10
0.1,10,100,Point_CHR,Gaussian,10,absolute_residual,200,2.694452317258648,0.3865209108668501,2.6220804364047128,10
0.1,10,100,TSCP_R,Gaussian,1,absolute_residual,200,26.433994540518896,2.187196892369148,26.420740639858955,10
0.1,10,100,TSCP_R,Gaussian,2,absolute_residual,200,20.525543418447,1.5880650439136748,20.552304031293282,10
0.1,10,100,TSCP_R,Gaussian,3,absolute_residual,200,15.968005401332844,1.3832771618177722,16.013582724870936,10
0.1,10,100,TSCP_R,Gaussian,4,absolute_residual,200,12.308112153767151,1.0544886023209694,12.286057270465015,10
0.1,10,100,TSCP_R,Gaussian,5,absolute_residual,200,9.406103042719062,0.7782744521192134,9.451751789208995,10
0.1,10,100,TSCP_R,Gaussian,6,absolute_residual,200,7.336627788655517,0.5901543140373308,7.3055082921389305,10
0.1,10,100,TSCP_R,Gaussian,7,absolute_residual,200,5.651934520113475,0.49690508427755076,5.642589026208805,10
0.1,10,100,TSCP_R,Gaussian,8,absolute_residual,200,4.460049461135844,0.3946286179241069,4.438598598941909,10
0.1,10,100,TSCP_R,Gaussian,9,absolute_residual,200,3.4109171855817193,0.3093344130648672,3.397750952912999,10
0.1,10,100,TSCP_R,Gaussian,10,absolute_residual,200,2.6296278786977796,0.23839663387160745,2.604275976188287,10
0.1,10,100,Unscaled,Gaussian,1,absolute_residual,200,18.060086694610607,1.189822246005988,17.984901720440295,10
0.1,10,100,Unscaled,Gaussian,2,absolute_residual,200,18.060086694610607,1.189822246005988,17.984901720440295,10
0.1,10,100,Unscaled,Gaussian,3,absolute_residual,200,18.060086694610607,1.189822246005988,17.984901720440295,10
0.1,10,100,Unscaled,Gaussian,4,absolute_residual,200,18.060086694610607,1.189822246005988,17.984901720440295,10
0.1,10,100,Unscaled,Gaussian,5,absolute_residual,200,18.060086694610607,1.189822246005988,17.984901720440295,10
0.1,10,100,Unscaled,Gaussian,6,absolute_residual,200,18.060086694610607,1.189822246005988,17.984901720440295,10
0.1,10,100,Unscaled,Gaussian,7,absolute_residual,200,18.060086694610607,1.189822246005988,17.984901720440295,10
0.1,10,100,Unscaled,Gaussian,8,absolute_residual,200,18.060086694610607,1.189822246005988,17.984901720440295,10
0.1,10,100,Unscaled,Gaussian,9,absolute_residual,200,18.060086694610607,1.189822246005988,17.984901720440295,10
0.1,10,100,Unscaled,Gaussian,10,absolute_residual,200,18.060086694610607,1.189822246005988,17.984901720440295,10
0.1,10,100,Empirical_copula,Gaussian,1,absolute_residual,200,48.53264052607682,5.490509870616608,48.16299017856457,20
0.1,10,100,Empirical_copula,Gaussian,2,absolute_residual,200,34.8827456734108,3.591825746935979,34.2302425452249,20
0.1,10,100,Empirical_copula,Gaussian,3,absolute_residual,200,24.982022503737763,2.856643455881166,24.882697352173835,20
0.1,10,100,Empirical_copula,Gaussian,4,absolute_residual,200,17.86020161615972,2.073228780887982,17.540988493798753,20
0.1,10,100,Empirical_copula,Gaussian,5,absolute_residual,200,12.686645601389769,1.3666794999571363,12.571726104035738,20
0.1,10,100,Empirical_copula,Gaussian,6,absolute_residual,200,9.144734839546045,1.100653078323294,8.999077471974264,20
0.1,10,100,Empirical_copula,Gaussian,7,absolute_residual,200,6.584140905425066,0.8455622848165645,6.4919338033363605,20
0.1,10,100,Empirical_copula,Gaussian,8,absolute_residual,200,4.742634835385839,0.5573117832815316,4.666019339589134,20
0.1,10,100,Empirical_copula,Gaussian,9,absolute_residual,200,3.3887264086104434,0.4371517881941994,3.3151464135730935,20
0.1,10,100,Empirical_copula,Gaussian,10,absolute_residual,200,2.432335577182991,0.28167516664775777,2.387080204656253,20
0.1,10,100,Point_CHR,Gaussian,1,absolute_residual,200,54.877872657451114,7.666709154051323,54.52645178594116,20
0.1,10,100,Point_CHR,Gaussian,2,absolute_residual,200,39.095730626576376,5.058485904595395,39.332064324152,20
0.1,10,100,Point_CHR,Gaussian,3,absolute_residual,200,28.179477120081188,3.824902358353208,28.28992231710032,20
0.1,10,100,Point_CHR,Gaussian,4,absolute_residual,200,19.919472231465644,2.896450514511781,19.640908555909476,20
0.1,10,100,Point_CHR,Gaussian,5,absolute_residual,200,14.324024905715685,1.8737867780546933,13.996591971343063,20
0.1,10,100,Point_CHR,Gaussian,6,absolute_residual,200,10.414064265422917,1.4432260139784436,10.36430246540164,20
0.1,10,100,Point_CHR,Gaussian,7,absolute_residual,200,7.4650662728844885,0.9956070698810585,7.440959693557984,20
0.1,10,100,Point_CHR,Gaussian,8,absolute_residual,200,5.3485739889314425,0.7058160366853546,5.307069046513099,20
0.1,10,100,Point_CHR,Gaussian,9,absolute_residual,200,3.770469455653242,0.5116934268825295,3.7405065954019374,20
0.1,10,100,Point_CHR,Gaussian,10,absolute_residual,200,2.694452317258649,0.38652091086685053,2.6220804364047163,20
0.1,10,100,TSCP_R,Gaussian,1,absolute_residual,200,52.867989081037784,4.3743937847383,52.84148127971794,20
0.1,10,100,TSCP_R,Gaussian,2,absolute_residual,200,38.00816321418983,2.940698531254162,38.05771716362909,20
0.1,10,100,TSCP_R,Gaussian,3,absolute_residual,200,27.376953096915877,2.371612047172721,27.455094869630862,20
0.1,10,100,TSCP_R,Gaussian,4,absolute_residual,200,19.53791018063255,1.6738963166127812,19.502900235677714,20
0.1,10,100,TSCP_R,Gaussian,5,absolute_residual,200,13.824474079782663,1.1438568067365031,13.891565617028057,20
0.1,10,100,TSCP_R,Gaussian,6,absolute_residual,200,9.983609729803877,0.8030760891017693,9.94126263013365,20
0.1,10,100,TSCP_R,Gaussian,7,absolute_residual,200,7.120991274518445,0.6260611754810708,7.109216690026298,20
0.1,10,100,TSCP_R,Gaussian,8,absolute_residual,200,5.202777214360768,0.4603457426562583,5.177754160687597,20
0.1,10,100,TSCP_R,Gaussian,9,absolute_residual,200,3.68399432484267,0.33409964540524567,3.669774007024309,20
0.1,10,100,TSCP_R,Gaussian,10,absolute_residual,200,2.629627878697779,0.23839663387160812,2.6042759761882865,20
0.1,10,100,Unscaled,Gaussian,1,absolute_residual,200,35.10370821258202,2.479789213157476,35.065302639704576,20
0.1,10,100,Unscaled,Gaussian,2,absolute_residual,200,35.10370821258202,2.479789213157476,35.065302639704576,20
0.1,10,100,Unscaled,Gaussian,3,absolute_residual,200,35.10370821258202,2.479789213157476,35.065302639704576,20
0.1,10,100,Unscaled,Gaussian,4,absolute_residual,200,35.10370821258202,2.479789213157476,35.065302639704576,20
0.1,10,100,Unscaled,Gaussian,5,absolute_residual,200,35.10370821258202,2.479789213157476,35.065302639704576,20
0.1,10,100,Unscaled,Gaussian,6,absolute_residual,200,35.10370821258202,2.479789213157476,35.065302639704576,20
0.1,10,100,Unscaled,Gaussian,7,absolute_residual,200,35.10370821258202,2.479789213157476,35.065302639704576,20
0.1,10,100,Unscaled,Gaussian,8,absolute_residual,200,35.10370821258202,2.479789213157476,35.065302639704576,20
0.1,10,100,Unscaled,Gaussian,9,absolute_residual,200,35.10370821258202,2.479789213157476,35.065302639704576,20
0.1,10,100,Unscaled,Gaussian,10,absolute_residual,200,35.10370821258202,2.479789213157476,35.065302639704576,20
