figure,source,setting,target,coverage_mean,coverage_1std,n_trials,redraw_train_test,n_train,n_test,one_sd_low,one_sd_high,target_within_one_sd,naive_standard_error,naive_ci95_low,naive_ci95_high
fig_body_abs_residual_overview,reviewer_update\data\dependent_gaussian_summary.csv,"n_cal=30, correlation=0.6",0.9,0.91850625,0.0468407869280361,200,True,7200.0,800.0,0.8716654630719639,0.965347036928036,True,0.003312143807292852,0.9120144481377059,0.924998051862294
fig_body_abs_residual_overview,reviewer_update\data\dependent_gaussian_summary.csv,"n_cal=50, correlation=0.6",0.9,0.90924375,0.0432987129270976,200,True,7200.0,800.0,0.8659450370729024,0.9525424629270977,True,0.003061681352740034,0.9032428545486295,0.9152446454513705
fig_body_abs_residual_overview,reviewer_update\data\dependent_gaussian_summary.csv,"n_cal=100, correlation=0.6",0.9,0.90696875,0.0318529612696485,200,True,7200.0,800.0,0.8751157887303515,0.9388217112696485,True,0.002252344491464091,0.9025541547967304,0.9113833452032696
fig_body_abs_residual_overview,reviewer_update\data\dependent_gaussian_summary.csv,"n_cal=300, correlation=0.6",0.9,0.90214375,0.02050339225365,200,True,7200.0,800.0,0.8816403577463501,0.92264714225365,True,0.0014498087699883642,0.8993021248108228,0.9049853751891772
fig_body_abs_residual_overview,reviewer_update\data\dependent_gaussian_summary.csv,"n_cal=500, correlation=0.6",0.9,0.9005312499999999,0.016811864258216,200,True,7200.0,800.0,0.8837193857417839,0.9173431142582159,True,0.001188778322137228,0.8982012444886109,0.9028612555113888
fig_body_partial_heteroskedasticity,reviewer_update\data\partial_heteroskedasticity_summary.csv,n_cal=30,0.9,0.91593125,0.0504236134156104,200,True,7200.0,800.0,0.8655076365843896,0.9663548634156104,True,0.003565487897810708,0.908942893720291,0.9229196062797089
fig_body_partial_heteroskedasticity,reviewer_update\data\partial_heteroskedasticity_summary.csv,n_cal=50,0.9,0.90771875,0.0433178472501744,200,True,7200.0,800.0,0.8644009027498256,0.9510365972501744,True,0.003063034353700136,0.9017152026667478,0.9137222973332523
fig_body_partial_heteroskedasticity,reviewer_update\data\partial_heteroskedasticity_summary.csv,n_cal=100,0.9,0.9039875,0.0285957985062675,200,True,7200.0,800.0,0.8753917014937326,0.9325832985062675,True,0.0020220283037225895,0.9000243245247038,0.9079506754752963
fig_body_partial_heteroskedasticity,reviewer_update\data\partial_heteroskedasticity_summary.csv,n_cal=300,0.9,0.90269375,0.0190699656893889,200,True,7200.0,800.0,0.8836237843106111,0.9217637156893889,True,0.0013484502055961687,0.9000507875970315,0.9053367124029684
fig_body_partial_heteroskedasticity,reviewer_update\data\partial_heteroskedasticity_summary.csv,n_cal=500,0.9,0.89961875,0.0164166644081233,200,True,7200.0,800.0,0.8832020855918767,0.9160354144081233,True,0.0011608334727447826,0.8973435163934202,0.9018939836065798
fig_body_cqr_comparison,reviewer_update\data\cqr_sample_size_summary.csv,n_cal=30,0.9,0.9221666666666668,0.0456081721184337,30,True,2400.0,600.0,0.8765584945482331,0.9677748387851005,True,0.008326874891948105,0.9058459918784485,0.9384873414548851
fig_body_cqr_comparison,reviewer_update\data\cqr_sample_size_summary.csv,n_cal=50,0.9,0.8990555555555556,0.0456911238588978,30,True,2400.0,600.0,0.8533644316966578,0.9447466794144534,True,0.008342019738426939,0.8827051968682388,0.9154059142428724
fig_body_cqr_comparison,reviewer_update\data\cqr_sample_size_summary.csv,n_cal=100,0.9,0.9045,0.0374374318387625,30,True,2400.0,600.0,0.8670625681612375,0.9419374318387624,True,0.0068351086377174426,0.8911031870700737,0.9178968129299262
fig_body_cqr_comparison,reviewer_update\data\cqr_sample_size_summary.csv,n_cal=200,0.9,0.9032222222222224,0.0235618259564283,30,True,2400.0,600.0,0.8796603962657941,0.9267840481786507,True,0.0043017811907821715,0.8947907310882893,0.9116537133561554
fig_app_dependence_sensitivity,reviewer_update\data\dependent_gaussian_summary.csv,correlation=0.0,0.9,0.90500625,0.0315122158404223,200,True,7200.0,800.0,0.8734940341595777,0.9365184658404223,True,0.0022282501510976745,0.9006388797038486,0.9093736202961514
fig_app_dependence_sensitivity,reviewer_update\data\dependent_gaussian_summary.csv,correlation=0.3,0.9,0.90530625,0.0326704790205878,200,True,7200.0,800.0,0.8726357709794121,0.9379767290205878,True,0.0023101517260070465,0.9007783526170262,0.9098341473829737
fig_app_dependence_sensitivity,reviewer_update\data\dependent_gaussian_summary.csv,correlation=0.6,0.9,0.90696875,0.0318529612696485,200,True,7200.0,800.0,0.8751157887303515,0.9388217112696485,True,0.002252344491464091,0.9025541547967304,0.9113833452032696
fig_app_dependence_sensitivity,reviewer_update\data\dependent_gaussian_summary.csv,correlation=0.9,0.9,0.90813125,0.0317812871356319,200,True,7200.0,800.0,0.8763499628643681,0.9399125371356318,True,0.0022472763648442103,0.9037265883249053,0.9125359116750946
fig_app_heterogeneity_sweep,reviewer_update\data\heterogeneity_sweep_summary.csv,noise_ratio=1,0.9,0.9069875,0.0290187596358635,200,True,7200.0,800.0,0.8779687403641364,0.9360062596358635,True,0.002051936172014155,0.9029657051028522,0.9110092948971477
fig_app_heterogeneity_sweep,reviewer_update\data\heterogeneity_sweep_summary.csv,noise_ratio=2,0.9,0.9069875,0.0290187596358635,200,True,7200.0,800.0,0.8779687403641364,0.9360062596358635,True,0.002051936172014155,0.9029657051028522,0.9110092948971477
fig_app_heterogeneity_sweep,reviewer_update\data\heterogeneity_sweep_summary.csv,noise_ratio=5,0.9,0.9069875,0.0290187596358635,200,True,7200.0,800.0,0.8779687403641364,0.9360062596358635,True,0.002051936172014155,0.9029657051028522,0.9110092948971477
fig_app_heterogeneity_sweep,reviewer_update\data\heterogeneity_sweep_summary.csv,noise_ratio=10,0.9,0.9069875,0.0290187596358635,200,True,7200.0,800.0,0.8779687403641364,0.9360062596358635,True,0.002051936172014155,0.9029657051028522,0.9110092948971477
fig_app_heterogeneity_sweep,reviewer_update\data\heterogeneity_sweep_summary.csv,noise_ratio=20,0.9,0.9069875,0.0290187596358635,200,True,7200.0,800.0,0.8779687403641364,0.9360062596358635,True,0.002051936172014155,0.9029657051028522,0.9110092948971477
fig_app_alpha_sensitivity,reviewer_update\data\alpha_sensitivity_summary.csv,alpha=0.05,0.95,0.95439375,0.0230886759739194,200,True,7200.0,800.0,0.9313050740260806,0.9774824259739194,True,0.0016326159349777322,0.9511938227674437,0.9575936772325564
fig_app_alpha_sensitivity,reviewer_update\data\alpha_sensitivity_summary.csv,alpha=0.1,0.9,0.90696875,0.0318529612696485,200,True,7200.0,800.0,0.8751157887303515,0.9388217112696485,True,0.002252344491464091,0.9025541547967304,0.9113833452032696
fig_app_alpha_sensitivity,reviewer_update\data\alpha_sensitivity_summary.csv,alpha=0.2,0.8,0.81063125,0.0446632074130329,200,True,7200.0,800.0,0.7659680425869672,0.8552944574130329,True,0.0031581656831296844,0.8044412452610659,0.8168212547389342
fig_app_small_calibration,reviewer_update\data\small_calibration_stress_summary.csv,n_cal=10,0.9,0.93391875,0.090476099517258,200,True,7200.0,800.0,0.843442650482742,1.0243948495172581,True,0.006397626350396205,0.9213794023532235,0.9464580976467766
fig_app_small_calibration,reviewer_update\data\small_calibration_stress_summary.csv,n_cal=20,0.9,0.9255,0.061891637147063,200,True,7200.0,800.0,0.863608362852937,0.987391637147063,True,0.004376399632542547,0.9169222567202165,0.9340777432797834
fig_app_small_calibration,reviewer_update\data\small_calibration_stress_summary.csv,n_cal=30,0.9,0.91129375,0.0573356808622448,200,True,7200.0,800.0,0.8539580691377552,0.9686294308622448,True,0.004054244874164106,0.9033474300466384,0.9192400699533616
fig_app_small_calibration,reviewer_update\data\small_calibration_stress_summary.csv,n_cal=50,0.9,0.90535,0.0447777103223081,200,True,7200.0,800.0,0.8605722896776918,0.9501277103223081,True,0.0031662622614910927,0.8991441259674774,0.9115558740325226
fig_app_small_calibration,reviewer_update\data\small_calibration_stress_summary.csv,n_cal=100,0.9,0.9069875,0.0290187596358635,200,True,7200.0,800.0,0.8779687403641364,0.9360062596358635,True,0.002051936172014155,0.9029657051028522,0.9110092948971477
fig_app_cqr_base_interval,reviewer_update\data\cqr_base_alpha_summary.csv,base_interval_alpha=0.9,0.9,0.9034444444444444,0.0317525554326047,30,True,2400.0,600.0,0.8716918890118397,0.9351969998770491,True,0.005797196956290267,0.8920819384101155,0.9148069504787733
fig_app_cqr_base_interval,reviewer_update\data\cqr_base_alpha_summary.csv,base_interval_alpha=0.7,0.9,0.9055,0.0355044382310101,30,True,2400.0,600.0,0.8699955617689898,0.9410044382310101,True,0.0064821939035576825,0.8927948999490269,0.918205100050973
fig_app_cqr_base_interval,reviewer_update\data\cqr_base_alpha_summary.csv,base_interval_alpha=0.5,0.9,0.9045,0.0374374318387625,30,True,2400.0,600.0,0.8670625681612375,0.9419374318387624,True,0.0068351086377174426,0.8911031870700737,0.9178968129299262
fig_app_cqr_base_interval,reviewer_update\data\cqr_base_alpha_summary.csv,base_interval_alpha=0.3,0.9,0.9044444444444444,0.0336773436277068,30,True,2400.0,600.0,0.8707671008167376,0.9381217880721512,True,0.00614861359391596,0.8923931618003691,0.9164957270885197
fig_app_cqr_shift_sensitivity,reviewer_update\data\cqr_shift_summary.csv,shift_constant=100.0,0.9,0.9076666666666668,0.036482295081397,30,True,2400.0,600.0,0.8711843715852698,0.9441489617480638,True,0.006660725321880302,0.8946116450357815,0.9207216882975522
fig_app_cqr_shift_sensitivity,reviewer_update\data\cqr_shift_summary.csv,shift_constant=300.0,0.9,0.9076666666666668,0.036482295081397,30,True,2400.0,600.0,0.8711843715852698,0.9441489617480638,True,0.006660725321880302,0.8946116450357815,0.9207216882975522
fig_app_cqr_shift_sensitivity,reviewer_update\data\cqr_shift_summary.csv,shift_constant=1000.0,0.9,0.9076666666666668,0.036482295081397,30,True,2400.0,600.0,0.8711843715852698,0.9441489617480638,True,0.006660725321880302,0.8946116450357815,0.9207216882975522
fig_app_contamination_stress,reviewer_update\data\contamination_stress_summary.csv,contamination_fraction=0.0,0.9,0.90426875,0.0283126494083492,200,True,7200.0,800.0,0.8759561005916507,0.9325813994083492,True,0.0020020066390001013,0.9003448169875597,0.9081926830124402
fig_app_contamination_stress,reviewer_update\data\contamination_stress_summary.csv,contamination_fraction=0.01,0.9,0.90405,0.0301733475856195,200,True,7200.0,800.0,0.8738766524143805,0.9342233475856195,True,0.002133577868889029,0.8998681873769775,0.9082318126230225
fig_app_contamination_stress,reviewer_update\data\contamination_stress_summary.csv,contamination_fraction=0.05,0.9,0.89948125,0.0297062876943653,200,True,7200.0,800.0,0.8697749623056347,0.9291875376943654,True,0.002100551747256419,0.8953641685753775,0.9035983314246225
fig_app_contamination_stress,reviewer_update\data\contamination_stress_summary.csv,contamination_fraction=0.1,0.9,0.9024,0.0311533328996074,200,True,7200.0,800.0,0.8712466671003926,0.9335533328996074,True,0.002202873294987436,0.8980823683418246,0.9067176316581753
fig_app_shape_template_baseline,reviewer_update\data\shape_template_standard_summary.csv,n_cal=30,0.9,0.9131666666666668,0.0480457016813795,100,True,2400.0,600.0,0.8651209649852873,0.9612123683480462,True,0.00480457016813795,0.9037497091371164,0.9225836241962172
fig_app_shape_template_baseline,reviewer_update\data\shape_template_standard_summary.csv,n_cal=50,0.9,0.9013666666666666,0.0427783549744609,100,True,2400.0,600.0,0.8585883116922057,0.9441450216411276,True,0.00427783549744609,0.8929821090916723,0.909751224241661
fig_app_shape_template_baseline,reviewer_update\data\shape_template_standard_summary.csv,n_cal=100,0.9,0.9055,0.029659969735551,100,True,2400.0,600.0,0.875840030264449,0.9351599697355509,True,0.0029659969735551,0.899686645931832,0.9113133540681679
fig_app_shape_template_baseline,reviewer_update\data\shape_template_standard_summary.csv,n_cal=200,0.9,0.9045,0.023736890173454,100,True,2400.0,600.0,0.8807631098265459,0.928236890173454,True,0.0023736890173454003,0.899847569526003,0.909152430473997
fig_app_heavy_tail_stress,reviewer_update\data\heavy_tail_stress_summary.csv,"n_cal=30, df=1.5",0.9,0.9086875,0.0598945301547838,200,True,7200.0,800.0,0.8487929698452161,0.9685820301547838,True,0.004235182842842978,0.9003865416280278,0.9169884583719722
fig_app_heavy_tail_stress,reviewer_update\data\heavy_tail_stress_summary.csv,"n_cal=500, df=1.5",0.9,0.897625,0.0173241342681446,200,True,7200.0,800.0,0.8803008657318554,0.9149491342681446,True,0.0012250012819191294,0.8952239974874385,0.9000260025125615
fig_app_heavy_tail_stress,reviewer_update\data\heavy_tail_stress_summary.csv,"n_cal=30, df=2.0",0.9,0.9079875,0.0563887582237816,200,True,7200.0,800.0,0.8515987417762183,0.9643762582237816,True,0.0039872873322724664,0.9001724168287459,0.915802583171254
fig_app_heavy_tail_stress,reviewer_update\data\heavy_tail_stress_summary.csv,"n_cal=500, df=2.0",0.9,0.90058125,0.0164547296109766,200,True,7200.0,800.0,0.8841265203890234,0.9170359796109766,True,0.0011635250890512634,0.8983007408254595,0.9028617591745405
fig_app_heavy_tail_stress,reviewer_update\data\heavy_tail_stress_summary.csv,"n_cal=30, df=3.0",0.9,0.91184375,0.0508600555415144,200,True,7200.0,800.0,0.8609836944584855,0.9627038055415144,True,0.0035963490164929272,0.9047949059276739,0.918892594072326
fig_app_heavy_tail_stress,reviewer_update\data\heavy_tail_stress_summary.csv,"n_cal=500, df=3.0",0.9,0.90034375,0.0172628118160536,200,True,7200.0,800.0,0.8830809381839464,0.9176065618160536,True,0.001220665129747876,0.8979512463456941,0.9027362536543059
tab_real_data,real_exps\stock.csv,dataset=stock,0.9,0.9559375,0.0588765943355486,200,,,,0.8970609056644514,1.0148140943355486,True,0.004163203910783588,0.9477776203348641,0.9640973796651359
tab_real_data,real_exps\rf2.csv,dataset=rf2,0.9,0.9014029947916664,0.0166188507817932,200,,,,0.8847841440098733,0.9180218455734596,True,0.001175130208333333,0.8990997395833331,0.9037062499999997
tab_real_data,real_exps\scm1d.csv,dataset=scm1d,0.9,0.901473737888832,0.0151854561104038,200,,,,0.8862882817784282,0.9166591939992358,True,0.0010737738991077222,0.8993691410465808,0.9035783347310832
tab_real_data,real_exps\scm20d.csv,dataset=scm20d,0.9,0.9011120401337792,0.0158572894609541,200,,,,0.8852547506728251,0.9169693295947333,True,0.0011212796909078617,0.8989143319395998,0.9033097483279586
tab_real_data,real_exps\energy.csv,dataset=energy,0.9,0.9224675324675324,0.0476090398237348,200,,,,0.8748584926437977,0.9700765722912672,True,0.003366467490514327,0.9158692561861244,0.9290658087489405
tab_real_data,real_exps\student.csv,dataset=student,0.9,0.9121374045801528,0.0562567232281072,200,,,,0.8558806813520456,0.96839412780826,True,0.003977951048192936,0.9043406205256946,0.919934188634611
