alpha,n_dim,n_cal,trial,method,noise_type,score_type,score_transform,base_interval_alpha,shift_constant,test_coverage,coverage_volume,coverage_max_length,reference_adjustment,runtime,redraw_train_test,n_train,n_test
0.1,3,30,0,CQHR,Gaussian,cqr,native,0.5,0.0,0.89,983682.4916492836,78.27676705259984,16.512916635677215,0.0,True,2400,600
0.1,3,30,0,TSCP_R,Gaussian,cqr,capped,0.5,0.0,0.9316666666666666,34863.90197274407,40.02954183122499,,0.0009877681732177734,True,2400,600
0.1,3,30,0,Unscaled,Gaussian,cqr,raw,0.5,0.0,0.8616666666666667,21327.622934348696,29.41836564808178,,0.0,True,2400,600
0.1,3,30,0,Empirical_copula,Gaussian,cqr,raw,0.5,0.0,0.7733333333333333,14281.323386256478,28.142239764733414,,0.0,True,2400,600
0.1,3,30,1,CQHR,Gaussian,cqr,native,0.5,0.0,0.96,8311005.91382772,136.00291015019997,33.45555858112513,0.0,True,2400,600
0.1,3,30,1,TSCP_R,Gaussian,cqr,capped,0.5,0.0,0.9516666666666667,48927.15160969362,48.65776675842895,,0.0010004043579101562,True,2400,600
0.1,3,30,1,Unscaled,Gaussian,cqr,raw,0.5,0.0,0.9183333333333333,34841.07032743462,34.109059741496786,,0.0,True,2400,600
0.1,3,30,1,Empirical_copula,Gaussian,cqr,raw,0.5,0.0,0.9033333333333333,30154.513114577494,36.14254008966857,,0.0,True,2400,600
0.1,3,30,2,CQHR,Gaussian,cqr,native,0.5,0.0,0.9183333333333333,1450940.2586131927,86.62305116989289,20.445568291289693,0.0,True,2400,600
0.1,3,30,2,TSCP_R,Gaussian,cqr,capped,0.5,0.0,0.9466666666666667,34175.22547815344,37.347992257713315,,0.0009982585906982422,True,2400,600
0.1,3,30,2,Unscaled,Gaussian,cqr,raw,0.5,0.0,0.8833333333333333,24360.396988724686,30.29513625539769,,0.001007080078125,True,2400,600
0.1,3,30,2,Empirical_copula,Gaussian,cqr,raw,0.5,0.0,0.825,15986.647139782266,29.922192058306937,,0.0,True,2400,600
0.1,3,30,3,CQHR,Gaussian,cqr,native,0.5,0.0,0.8983333333333333,803656.6429865543,77.03278836859958,19.949697872780153,0.0,True,2400,600
0.1,3,30,3,TSCP_R,Gaussian,cqr,capped,0.5,0.0,0.88,24510.564138913527,33.20326229699156,,0.00099945068359375,True,2400,600
0.1,3,30,3,Unscaled,Gaussian,cqr,raw,0.5,0.0,0.89,30258.994218651856,32.596807636717536,,0.0,True,2400,600
0.1,3,30,3,Empirical_copula,Gaussian,cqr,raw,0.5,0.0,0.8316666666666667,19114.718757258466,32.59680763662978,,0.0010004043579101562,True,2400,600
0.1,3,30,4,CQHR,Gaussian,cqr,native,0.5,0.0,0.9433333333333334,793446.3978478704,94.60579751583568,25.270923796136948,0.0,True,2400,600
0.1,3,30,4,TSCP_R,Gaussian,cqr,capped,0.5,0.0,0.9333333333333333,31699.526296997698,40.039424369717864,,0.0010082721710205078,True,2400,600
0.1,3,30,4,Unscaled,Gaussian,cqr,raw,0.5,0.0,0.94,45465.31842194542,37.310572770903576,,0.0,True,2400,600
0.1,3,30,4,Empirical_copula,Gaussian,cqr,raw,0.5,0.0,0.905,24797.931601998924,37.31057277073907,,0.0009984970092773438,True,2400,600
0.1,3,30,5,CQHR,Gaussian,cqr,native,0.5,0.0,0.9316666666666666,1897162.966522422,85.18504412361526,20.65075991328467,0.0,True,2400,600
0.1,3,30,5,TSCP_R,Gaussian,cqr,capped,0.5,0.0,0.97,52394.62569172865,48.71824274502999,,0.0009927749633789062,True,2400,600
0.1,3,30,5,Unscaled,Gaussian,cqr,raw,0.5,0.0,0.965,52626.35197202326,39.02842332615059,,0.0,True,2400,600
0.1,3,30,5,Empirical_copula,Gaussian,cqr,raw,0.5,0.0,0.95,42295.20379830953,50.016571994437754,,0.0,True,2400,600
0.1,3,30,6,CQHR,Gaussian,cqr,native,0.5,0.0,0.9533333333333334,1255716.2721615927,106.86968306614172,29.066473154066294,0.0,True,2400,600
0.1,3,30,6,TSCP_R,Gaussian,cqr,capped,0.5,0.0,0.945,38613.77239465573,46.256207792385084,,0.0009951591491699219,True,2400,600
0.1,3,30,6,Unscaled,Gaussian,cqr,raw,0.5,0.0,0.88,29668.454804386758,32.51835927109893,,0.0,True,2400,600
0.1,3,30,6,Empirical_copula,Gaussian,cqr,raw,0.5,0.0,0.865,19959.567516555227,32.51835927094415,,0.0,True,2400,600
0.1,3,30,7,CQHR,Gaussian,cqr,native,0.5,0.0,0.9366666666666666,329676.0659444642,72.05398517015176,21.194974340430083,0.0,True,2400,600
0.1,3,30,7,TSCP_R,Gaussian,cqr,capped,0.5,0.0,0.9283333333333333,29403.326854162628,44.3611189850119,,0.0010006427764892578,True,2400,600
0.1,3,30,7,Unscaled,Gaussian,cqr,raw,0.5,0.0,0.9683333333333334,61284.7549866168,41.18779318040274,,0.0,True,2400,600
0.1,3,30,7,Empirical_copula,Gaussian,cqr,raw,0.5,0.0,0.87,21303.336039978596,41.97179699996045,,0.0009949207305908203,True,2400,600
0.1,3,30,8,CQHR,Gaussian,cqr,native,0.5,0.0,0.8466666666666667,115668.56887262607,56.79713520108242,15.307712527098229,0.0,True,2400,600
0.1,3,30,8,TSCP_R,Gaussian,cqr,capped,0.5,0.0,0.9666666666666667,50843.488713611805,48.638027916583546,,0.0010006427764892578,True,2400,600
0.1,3,30,8,Unscaled,Gaussian,cqr,raw,0.5,0.0,0.9583333333333334,55040.35249134729,39.527898272561885,,0.0,True,2400,600
0.1,3,30,8,Empirical_copula,Gaussian,cqr,raw,0.5,0.0,0.93,31977.163067594294,39.52789827252298,,0.000993967056274414,True,2400,600
0.1,3,30,9,CQHR,Gaussian,cqr,native,0.5,0.0,0.895,3993326.139776439,88.67609956850657,14.902517815682822,0.0,True,2400,600
0.1,3,30,9,TSCP_R,Gaussian,cqr,capped,0.5,0.0,0.9633333333333334,44414.14131599458,45.91866467562907,,0.0009999275207519531,True,2400,600
0.1,3,30,9,Unscaled,Gaussian,cqr,raw,0.5,0.0,0.9583333333333334,59450.26254697912,40.482448970156085,,0.0,True,2400,600
0.1,3,30,9,Empirical_copula,Gaussian,cqr,raw,0.5,0.0,0.9133333333333333,27818.82564003937,40.44425890080408,,0.0009996891021728516,True,2400,600
0.1,3,30,10,CQHR,Gaussian,cqr,native,0.5,0.0,0.8516666666666667,155057.95030697188,57.999432984681164,14.96707260284053,0.0,True,2400,600
0.1,3,30,10,TSCP_R,Gaussian,cqr,capped,0.5,0.0,0.865,17919.72874378319,35.09440425969617,,0.0,True,2400,600
0.1,3,30,10,Unscaled,Gaussian,cqr,raw,0.5,0.0,0.885,26375.510601701437,31.360092824404266,,0.0009999275207519531,True,2400,600
0.1,3,30,10,Empirical_copula,Gaussian,cqr,raw,0.5,0.0,0.7083333333333334,9973.649387788213,31.667188293556308,,0.0,True,2400,600
0.1,3,30,11,CQHR,Gaussian,cqr,native,0.5,0.0,0.9333333333333333,2557706.9058006033,104.61659181568004,22.827738497631945,0.0,True,2400,600
0.1,3,30,11,TSCP_R,Gaussian,cqr,capped,0.5,0.0,0.9116666666666666,29389.936150708087,38.50029635193091,,0.0,True,2400,600
0.1,3,30,11,Unscaled,Gaussian,cqr,raw,0.5,0.0,0.9116666666666666,38894.723060936056,35.28898601774073,,0.0,True,2400,600
0.1,3,30,11,Empirical_copula,Gaussian,cqr,raw,0.5,0.0,0.885,22513.01952105642,35.28898601766657,,0.0,True,2400,600
0.1,3,30,12,CQHR,Gaussian,cqr,native,0.5,0.0,0.9066666666666666,1716888.7133997981,103.80902714674397,18.94577723221567,0.0,True,2400,600
0.1,3,30,12,TSCP_R,Gaussian,cqr,capped,0.5,0.0,0.935,35286.85255315771,40.60209007317731,,0.0009949207305908203,True,2400,600
0.1,3,30,12,Unscaled,Gaussian,cqr,raw,0.5,0.0,0.8966666666666666,31309.07454353672,33.16334534312641,,0.0,True,2400,600
0.1,3,30,12,Empirical_copula,Gaussian,cqr,raw,0.5,0.0,0.8783333333333333,22363.80727175921,32.61083091360249,,0.0010089874267578125,True,2400,600
0.1,3,30,13,CQHR,Gaussian,cqr,native,0.5,0.0,0.8733333333333333,498802.5152079979,71.64717059791722,16.75406594846321,0.0,True,2400,600
0.1,3,30,13,TSCP_R,Gaussian,cqr,capped,0.5,0.0,0.81,17018.419033294565,34.27313437997835,,0.0009984970092773438,True,2400,600
0.1,3,30,13,Unscaled,Gaussian,cqr,raw,0.5,0.0,0.8266666666666667,20688.01668485784,28.99891148912733,,0.0,True,2400,600
0.1,3,30,13,Empirical_copula,Gaussian,cqr,raw,0.5,0.0,0.7466666666666667,13380.009616173409,32.091033832027726,,0.0,True,2400,600
0.1,3,30,14,CQHR,Gaussian,cqr,native,0.5,0.0,0.9816666666666667,74322090.45967424,261.0011836310932,59.27944957191048,0.0,True,2400,600
0.1,3,30,14,TSCP_R,Gaussian,cqr,capped,0.5,0.0,0.9633333333333334,56831.760246599166,44.966365164200404,,0.0009963512420654297,True,2400,600
0.1,3,30,14,Unscaled,Gaussian,cqr,raw,0.5,0.0,0.9483333333333334,54528.07779206233,39.50985086822944,,0.0,True,2400,600
0.1,3,30,14,Empirical_copula,Gaussian,cqr,raw,0.5,0.0,0.9316666666666666,34307.781234791655,40.60182562095631,,0.0,True,2400,600
0.1,3,30,15,CQHR,Gaussian,cqr,native,0.5,0.0,0.78,97137.09793410836,49.423185128203905,11.913482113134016,0.0,True,2400,600
0.1,3,30,15,TSCP_R,Gaussian,cqr,capped,0.5,0.0,0.955,53937.81410643843,47.68459443681143,,0.0009951591491699219,True,2400,600
0.1,3,30,15,Unscaled,Gaussian,cqr,raw,0.5,0.0,0.91,35745.73668759691,34.610868755272044,,0.0,True,2400,600
0.1,3,30,15,Empirical_copula,Gaussian,cqr,raw,0.5,0.0,0.7966666666666666,16960.004776897378,34.034152248111326,,0.0,True,2400,600
0.1,3,30,16,CQHR,Gaussian,cqr,native,0.5,0.0,0.905,860294.4784328477,87.6438123561597,19.00072489416762,0.0,True,2400,600
0.1,3,30,16,TSCP_R,Gaussian,cqr,capped,0.5,0.0,0.9316666666666666,39612.513162499454,40.54525038666387,,0.0009186267852783203,True,2400,600
0.1,3,30,16,Unscaled,Gaussian,cqr,raw,0.5,0.0,0.9133333333333333,36302.51233959388,34.663440072194284,,0.0,True,2400,600
0.1,3,30,16,Empirical_copula,Gaussian,cqr,raw,0.5,0.0,0.8383333333333334,18160.152612297006,35.465562379779655,,0.0,True,2400,600
0.1,3,30,17,CQHR,Gaussian,cqr,native,0.5,0.0,0.8933333333333333,2501476.6398816123,89.55976770570389,16.966072039033733,0.0,True,2400,600
0.1,3,30,17,TSCP_R,Gaussian,cqr,capped,0.5,0.0,0.9283333333333333,37558.56353885173,49.12755492406849,,0.0009942054748535156,True,2400,600
0.1,3,30,17,Unscaled,Gaussian,cqr,raw,0.5,0.0,0.9266666666666666,49282.67348794775,38.14856565493706,,0.0,True,2400,600
0.1,3,30,17,Empirical_copula,Gaussian,cqr,raw,0.5,0.0,0.8433333333333334,20666.774310952627,39.35861004303613,,0.0009984970092773438,True,2400,600
0.1,3,30,18,CQHR,Gaussian,cqr,native,0.5,0.0,0.905,6187961.641073827,101.03775720677841,20.223550095008317,0.0,True,2400,600
0.1,3,30,18,TSCP_R,Gaussian,cqr,capped,0.5,0.0,0.8733333333333333,18455.74952501671,33.60632619375522,,0.0009996891021728516,True,2400,600
0.1,3,30,18,Unscaled,Gaussian,cqr,raw,0.5,0.0,0.85,20037.105188081685,28.7278868153392,,0.0,True,2400,600
0.1,3,30,18,Empirical_copula,Gaussian,cqr,raw,0.5,0.0,0.8016666666666666,12181.198138582691,28.063032569256443,,0.0010068416595458984,True,2400,600
0.1,3,30,19,CQHR,Gaussian,cqr,native,0.5,0.0,0.7633333333333333,471709.0350268799,47.60286429888379,10.080012708771537,0.0010051727294921875,True,2400,600
0.1,3,30,19,TSCP_R,Gaussian,cqr,capped,0.5,0.0,0.8833333333333333,25757.05049280908,36.02668238906272,,0.00099945068359375,True,2400,600
0.1,3,30,19,Unscaled,Gaussian,cqr,raw,0.5,0.0,0.8416666666666667,22116.56059997348,29.434175003089432,,0.0,True,2400,600
0.1,3,30,19,Empirical_copula,Gaussian,cqr,raw,0.5,0.0,0.7983333333333333,17936.602081714886,29.434175003000735,,0.0,True,2400,600
0.1,3,30,20,CQHR,Gaussian,cqr,native,0.5,0.0,0.9083333333333333,17749718.790010482,136.78486073114297,18.72974608929658,0.0,True,2400,600
0.1,3,30,20,TSCP_R,Gaussian,cqr,capped,0.5,0.0,0.985,60362.985085950255,49.127101281757994,,0.0030074119567871094,True,2400,600
0.1,3,30,20,Unscaled,Gaussian,cqr,raw,0.5,0.0,0.8983333333333333,30762.334384386726,33.19262990629008,,0.0,True,2400,600
0.1,3,30,20,Empirical_copula,Gaussian,cqr,raw,0.5,0.0,0.86,23498.053776132492,30.19598224619256,,0.0,True,2400,600
0.1,3,30,21,CQHR,Gaussian,cqr,native,0.5,0.0,0.9366666666666666,71018968.77364135,131.56351967071012,20.62254210853438,0.0,True,2400,600
0.1,3,30,21,TSCP_R,Gaussian,cqr,capped,0.5,0.0,0.8633333333333333,20777.869921959664,33.55112186011177,,0.0009984970092773438,True,2400,600
0.1,3,30,21,Unscaled,Gaussian,cqr,raw,0.5,0.0,0.8683333333333333,24449.720909324882,30.639019346692645,,0.0,True,2400,600
0.1,3,30,21,Empirical_copula,Gaussian,cqr,raw,0.5,0.0,0.7783333333333333,13838.025907994306,30.17063624538906,,0.00099945068359375,True,2400,600
0.1,3,30,22,CQHR,Gaussian,cqr,native,0.5,0.0,0.87,274206.48186594853,69.61048109898888,20.52554308801972,0.0,True,2400,600
0.1,3,30,22,TSCP_R,Gaussian,cqr,capped,0.5,0.0,0.8,15299.93357264805,36.33194926639649,,0.0009984970092773438,True,2400,600
0.1,3,30,22,Unscaled,Gaussian,cqr,raw,0.5,0.0,0.805,18337.915691470156,27.640930310052955,,0.0,True,2400,600
0.1,3,30,22,Empirical_copula,Gaussian,cqr,raw,0.5,0.0,0.7333333333333333,10743.266163757846,30.500447438432428,,0.0009992122650146484,True,2400,600
0.1,3,30,23,CQHR,Gaussian,cqr,native,0.5,0.0,0.8333333333333334,6850197.678470682,87.76432172123681,13.479327065302503,0.0009996891021728516,True,2400,600
0.1,3,30,23,TSCP_R,Gaussian,cqr,capped,0.5,0.0,0.95,39236.64711854863,41.066490333293686,,0.0010001659393310547,True,2400,600
0.1,3,30,23,Unscaled,Gaussian,cqr,raw,0.5,0.0,0.9066666666666666,33189.238203790395,33.83423811614858,,0.0,True,2400,600
0.1,3,30,23,Empirical_copula,Gaussian,cqr,raw,0.5,0.0,0.8966666666666666,25565.093122948736,34.022189104674226,,0.0,True,2400,600
0.1,3,30,24,CQHR,Gaussian,cqr,native,0.5,0.0,0.8983333333333333,5189852.591367746,88.4024954116882,16.722885452598664,0.0,True,2400,600
0.1,3,30,24,TSCP_R,Gaussian,cqr,capped,0.5,0.0,0.92,36383.04854347648,51.989692048636826,,0.0009992122650146484,True,2400,600
0.1,3,30,24,Unscaled,Gaussian,cqr,raw,0.5,0.0,0.94,43777.4866949591,37.23437905017488,,0.0,True,2400,600
0.1,3,30,24,Empirical_copula,Gaussian,cqr,raw,0.5,0.0,0.7583333333333333,14549.54138735004,38.96473770542453,,0.0010006427764892578,True,2400,600
0.1,3,30,25,CQHR,Gaussian,cqr,native,0.5,0.0,0.895,1879800.4826568062,83.3416005613036,17.12035531320817,0.0,True,2400,600
0.1,3,30,25,TSCP_R,Gaussian,cqr,capped,0.5,0.0,0.895,27568.80600790615,34.93415987533368,,0.0009999275207519531,True,2400,600
0.1,3,30,25,Unscaled,Gaussian,cqr,raw,0.5,0.0,0.85,23186.728404879013,30.366712196399742,,0.0,True,2400,600
0.1,3,30,25,Empirical_copula,Gaussian,cqr,raw,0.5,0.0,0.84,19364.778995258745,32.440621067844205,,0.0010025501251220703,True,2400,600
0.1,3,30,26,CQHR,Gaussian,cqr,native,0.5,0.0,0.8966666666666666,619674.4001557492,74.90717447718234,17.472011279816567,0.0,True,2400,600
0.1,3,30,26,TSCP_R,Gaussian,cqr,capped,0.5,0.0,0.9316666666666666,32789.67719225283,42.09577446323476,,0.0009999275207519531,True,2400,600
0.1,3,30,26,Unscaled,Gaussian,cqr,raw,0.5,0.0,0.9583333333333334,51104.53967088861,38.930048020815896,,0.0,True,2400,600
0.1,3,30,26,Empirical_copula,Gaussian,cqr,raw,0.5,0.0,0.845,19769.523876296866,37.67312000650189,,0.0009996891021728516,True,2400,600
0.1,3,30,27,CQHR,Gaussian,cqr,native,0.5,0.0,0.9316666666666666,1002094.8978900884,75.77963693090074,20.695880763589308,0.0,True,2400,600
0.1,3,30,27,TSCP_R,Gaussian,cqr,capped,0.5,0.0,0.9483333333333334,43539.75594507347,48.83713089800562,,0.0009932518005371094,True,2400,600
0.1,3,30,27,Unscaled,Gaussian,cqr,raw,0.5,0.0,0.955,63412.199508900456,41.368934102604435,,0.0,True,2400,600
0.1,3,30,27,Empirical_copula,Gaussian,cqr,raw,0.5,0.0,0.9033333333333333,26729.818953225426,41.19563632968955,,0.0010068416595458984,True,2400,600
0.1,3,30,28,CQHR,Gaussian,cqr,native,0.5,0.0,0.9266666666666666,2471856.8771037078,121.2816953300054,23.24620264524807,0.0,True,2400,600
0.1,3,30,28,TSCP_R,Gaussian,cqr,capped,0.5,0.0,0.9233333333333333,35372.36636852815,47.74760985749256,,0.0010004043579101562,True,2400,600
0.1,3,30,28,Unscaled,Gaussian,cqr,raw,0.5,0.0,0.9183333333333333,35666.46828663396,34.535813573339844,,0.0,True,2400,600
0.1,3,30,28,Empirical_copula,Gaussian,cqr,raw,0.5,0.0,0.875,20375.42304457935,34.88806420887583,,0.0009944438934326172,True,2400,600
0.1,3,30,29,CQHR,Gaussian,cqr,native,0.5,0.0,0.8433333333333334,1222917.8277034806,65.53206229488633,13.522696983588922,0.0,True,2400,600
0.1,3,30,29,TSCP_R,Gaussian,cqr,capped,0.5,0.0,0.975,51556.30065604219,49.118040806030564,,0.0009996891021728516,True,2400,600
0.1,3,30,29,Unscaled,Gaussian,cqr,raw,0.5,0.0,0.9533333333333334,45956.67376570812,37.50932157089196,,0.0,True,2400,600
0.1,3,30,29,Empirical_copula,Gaussian,cqr,raw,0.5,0.0,0.9033333333333333,25596.316056299922,36.76677587067555,,0.0,True,2400,600
0.1,3,50,0,CQHR,Gaussian,cqr,native,0.5,0.0,0.8966666666666666,1149739.9128512905,74.47296329089991,17.5820458336018,0.0010097026824951172,True,2400,600
0.1,3,50,0,TSCP_R,Gaussian,cqr,capped,0.5,0.0,0.9383333333333334,37298.70051530506,36.775205915735,,0.000997781753540039,True,2400,600
0.1,3,50,0,Unscaled,Gaussian,cqr,raw,0.5,0.0,0.9316666666666666,37658.498577829305,34.964182151234716,,0.0,True,2400,600
0.1,3,50,0,Empirical_copula,Gaussian,cqr,raw,0.5,0.0,0.9033333333333333,25810.637598708832,35.43659055599612,,0.0,True,2400,600
0.1,3,50,1,CQHR,Gaussian,cqr,native,0.5,0.0,0.9516666666666667,1041173.7636867396,94.41709830343602,22.780378572865107,0.0,True,2400,600
0.1,3,50,1,TSCP_R,Gaussian,cqr,capped,0.5,0.0,0.9583333333333334,38251.44415046879,39.123081670038346,,0.0010004043579101562,True,2400,600
0.1,3,50,1,Unscaled,Gaussian,cqr,raw,0.5,0.0,0.9666666666666667,47354.217005024926,37.55983804639906,,0.0,True,2400,600
0.1,3,50,1,Empirical_copula,Gaussian,cqr,raw,0.5,0.0,0.95,33873.35967349748,38.91977029301375,,0.0,True,2400,600
0.1,3,50,2,CQHR,Gaussian,cqr,native,0.5,0.0,0.89,547289.7723146572,78.7314573610573,17.492414645369145,0.0,True,2400,600
0.1,3,50,2,TSCP_R,Gaussian,cqr,capped,0.5,0.0,0.8616666666666667,19611.684258869383,34.002121993568814,,0.00099945068359375,True,2400,600
0.1,3,50,2,Unscaled,Gaussian,cqr,raw,0.5,0.0,0.865,25076.90405242465,30.865964281856318,,0.0,True,2400,600
0.1,3,50,2,Empirical_copula,Gaussian,cqr,raw,0.5,0.0,0.8283333333333334,17526.049989639476,33.80469814935311,,0.0,True,2400,600
0.1,3,50,3,CQHR,Gaussian,cqr,native,0.5,0.0,0.925,1173349.9411791787,84.79526670193135,25.0651492164614,0.0,True,2400,600
0.1,3,50,3,TSCP_R,Gaussian,cqr,capped,0.5,0.0,0.83,20029.01271740998,33.456193490916206,,0.0,True,2400,600
0.1,3,50,3,Unscaled,Gaussian,cqr,raw,0.5,0.0,0.865,27164.72959874652,31.28425419790765,,0.0,True,2400,600
0.1,3,50,3,Empirical_copula,Gaussian,cqr,raw,0.5,0.0,0.8116666666666666,17232.253040550768,31.20178854080792,,0.0,True,2400,600
0.1,3,50,4,CQHR,Gaussian,cqr,native,0.5,0.0,0.835,295933.24501967157,62.560239081687406,13.855484549123052,0.0,True,2400,600
0.1,3,50,4,TSCP_R,Gaussian,cqr,capped,0.5,0.0,0.925,28633.838095512143,42.99002011543253,,0.0010008811950683594,True,2400,600
0.1,3,50,4,Unscaled,Gaussian,cqr,raw,0.5,0.0,0.8766666666666667,30287.285977658146,32.76590113680219,,0.0,True,2400,600
0.1,3,50,4,Empirical_copula,Gaussian,cqr,raw,0.5,0.0,0.905,24719.134913361184,37.433116234273264,,0.0010058879852294922,True,2400,600
0.1,3,50,5,CQHR,Gaussian,cqr,native,0.5,0.0,0.8916666666666667,1381729.6892549044,74.40031328110393,17.199516131095066,0.0,True,2400,600
0.1,3,50,5,TSCP_R,Gaussian,cqr,capped,0.5,0.0,0.9,29585.618123556604,40.79646932725771,,0.0010001659393310547,True,2400,600
0.1,3,50,5,Unscaled,Gaussian,cqr,raw,0.5,0.0,0.855,24045.526337459974,30.35756813980976,,0.0,True,2400,600
0.1,3,50,5,Empirical_copula,Gaussian,cqr,raw,0.5,0.0,0.825,18832.063412775373,29.858598137397415,,0.0,True,2400,600
0.1,3,50,6,CQHR,Gaussian,cqr,native,0.5,0.0,0.9183333333333333,64122353.829811595,146.93757253937474,18.6782999139068,0.0,True,2400,600
0.1,3,50,6,TSCP_R,Gaussian,cqr,capped,0.5,0.0,0.89,24327.31438433323,36.991669789601,,0.001001119613647461,True,2400,600
0.1,3,50,6,Unscaled,Gaussian,cqr,raw,0.5,0.0,0.8983333333333333,30398.41251137993,32.512931572275086,,0.0,True,2400,600
0.1,3,50,6,Empirical_copula,Gaussian,cqr,raw,0.5,0.0,0.8733333333333333,21022.757029683507,36.70922466758899,,0.000997781753540039,True,2400,600
0.1,3,50,7,CQHR,Gaussian,cqr,native,0.5,0.0,0.8383333333333334,2583574.673490672,77.84046549474758,14.622200038237468,0.0,True,2400,600
0.1,3,50,7,TSCP_R,Gaussian,cqr,capped,0.5,0.0,0.8983333333333333,26648.485524486867,35.176734406632306,,0.001993417739868164,True,2400,600
0.1,3,50,7,Unscaled,Gaussian,cqr,raw,0.5,0.0,0.86,23186.451971904127,30.115557639192843,,0.0,True,2400,600
0.1,3,50,7,Empirical_copula,Gaussian,cqr,raw,0.5,0.0,0.8983333333333333,27887.76724072221,33.42163629144914,,0.0,True,2400,600
0.1,3,50,8,CQHR,Gaussian,cqr,native,0.5,0.0,0.845,3620958.1290527345,83.31923806403213,15.169302125047704,0.0010077953338623047,True,2400,600
0.1,3,50,8,TSCP_R,Gaussian,cqr,capped,0.5,0.0,0.8433333333333334,22801.84620422187,37.10007596531763,,0.0009963512420654297,True,2400,600
0.1,3,50,8,Unscaled,Gaussian,cqr,raw,0.5,0.0,0.8866666666666667,30059.874794926898,32.69164411635734,,0.0,True,2400,600
0.1,3,50,8,Empirical_copula,Gaussian,cqr,raw,0.5,0.0,0.8116666666666666,21001.411714610414,36.462166879145265,,0.0,True,2400,600
0.1,3,50,9,CQHR,Gaussian,cqr,native,0.5,0.0,0.985,10473529.694595201,178.11572730877288,53.30387051504872,0.0,True,2400,600
0.1,3,50,9,TSCP_R,Gaussian,cqr,capped,0.5,0.0,0.9516666666666667,39556.37562432971,47.460770672303916,,0.000997781753540039,True,2400,600
0.1,3,50,9,Unscaled,Gaussian,cqr,raw,0.5,0.0,0.9483333333333334,47182.5389371741,37.60901721553708,,0.0,True,2400,600
0.1,3,50,9,Empirical_copula,Gaussian,cqr,raw,0.5,0.0,0.945,40316.46268523386,48.673883627620924,,0.0,True,2400,600
0.1,3,50,10,CQHR,Gaussian,cqr,native,0.5,0.0,0.9683333333333334,17839652.109754056,150.33248935041794,36.51779790964281,0.0,True,2400,600
0.1,3,50,10,TSCP_R,Gaussian,cqr,capped,0.5,0.0,0.785,24446.459896565124,39.9625885047391,,0.0,True,2400,600
0.1,3,50,10,Unscaled,Gaussian,cqr,raw,0.5,0.0,0.935,42091.12788606305,36.4122006963496,,0.0,True,2400,600
0.1,3,50,10,Empirical_copula,Gaussian,cqr,raw,0.5,0.0,0.7833333333333333,18884.572926271656,38.60772839011681,,0.0,True,2400,600
0.1,3,50,11,CQHR,Gaussian,cqr,native,0.5,0.0,0.9116666666666666,6344830163.376449,902.4241688619014,18.48870148021149,0.0,True,2400,600
0.1,3,50,11,TSCP_R,Gaussian,cqr,capped,0.5,0.0,0.8633333333333333,23818.24392940001,43.157467386142265,,0.0009996891021728516,True,2400,600
0.1,3,50,11,Unscaled,Gaussian,cqr,raw,0.5,0.0,0.92,39639.12651109832,35.657549150897445,,0.0,True,2400,600
0.1,3,50,11,Empirical_copula,Gaussian,cqr,raw,0.5,0.0,0.865,22342.366717599765,40.85727443849003,,0.0010001659393310547,True,2400,600
0.1,3,50,12,CQHR,Gaussian,cqr,native,0.5,0.0,0.9416666666666667,1130611.7853175462,92.3240004782374,26.556689130964926,0.0,True,2400,600
0.1,3,50,12,TSCP_R,Gaussian,cqr,capped,0.5,0.0,0.7983333333333333,15648.516686872927,31.342929687487782,,0.0010137557983398438,True,2400,600
0.1,3,50,12,Unscaled,Gaussian,cqr,raw,0.5,0.0,0.84,23124.918509385345,30.00851044750858,,0.0009827613830566406,True,2400,600
0.1,3,50,12,Empirical_copula,Gaussian,cqr,raw,0.5,0.0,0.7816666666666666,14408.744669690921,31.106706776142218,,0.0,True,2400,600
0.1,3,50,13,CQHR,Gaussian,cqr,native,0.5,0.0,0.8566666666666667,372085.34444387467,67.92609855124101,15.829788436185524,0.0,True,2400,600
0.1,3,50,13,TSCP_R,Gaussian,cqr,capped,0.5,0.0,0.86,20731.238483861238,35.77459462327088,,0.0009980201721191406,True,2400,600
0.1,3,50,13,Unscaled,Gaussian,cqr,raw,0.5,0.0,0.865,22266.392229020825,29.82089822109849,,0.0,True,2400,600
0.1,3,50,13,Empirical_copula,Gaussian,cqr,raw,0.5,0.0,0.8316666666666667,18096.52968890589,32.52178156382173,,0.0,True,2400,600
0.1,3,50,14,CQHR,Gaussian,cqr,native,0.5,0.0,0.9233333333333333,250631.14413759043,78.37975235850341,22.101134878756774,0.0,True,2400,600
0.1,3,50,14,TSCP_R,Gaussian,cqr,capped,0.5,0.0,0.9533333333333334,41566.39101608166,41.16392286455255,,0.0010020732879638672,True,2400,600
0.1,3,50,14,Unscaled,Gaussian,cqr,raw,0.5,0.0,0.9216666666666666,37496.13708053145,35.13949689021521,,0.0,True,2400,600
0.1,3,50,14,Empirical_copula,Gaussian,cqr,raw,0.5,0.0,0.8783333333333333,23508.560558006197,35.13949689008631,,0.000997304916381836,True,2400,600
0.1,3,50,15,CQHR,Gaussian,cqr,native,0.5,0.0,0.8866666666666667,102652003.22425735,254.1741413758949,18.085276194476158,0.0,True,2400,600
0.1,3,50,15,TSCP_R,Gaussian,cqr,capped,0.5,0.0,0.93,29995.14563965634,45.273359647869206,,0.0009980201721191406,True,2400,600
0.1,3,50,15,Unscaled,Gaussian,cqr,raw,0.5,0.0,0.9616666666666667,56993.16327493849,39.962505491585596,,0.0,True,2400,600
0.1,3,50,15,Empirical_copula,Gaussian,cqr,raw,0.5,0.0,0.9216666666666666,27368.72078875107,44.23974939570788,,0.0,True,2400,600
0.1,3,50,16,CQHR,Gaussian,cqr,native,0.5,0.0,0.9633333333333334,1807303.6427994736,126.95133502355287,34.85196089637018,0.000997304916381836,True,2400,600
0.1,3,50,16,TSCP_R,Gaussian,cqr,capped,0.5,0.0,0.9133333333333333,31150.70154845942,38.88315856543885,,0.000993967056274414,True,2400,600
0.1,3,50,16,Unscaled,Gaussian,cqr,raw,0.5,0.0,0.9183333333333333,42189.69523466715,36.414006827355465,,0.0,True,2400,600
0.1,3,50,16,Empirical_copula,Gaussian,cqr,raw,0.5,0.0,0.8783333333333333,28387.08974247663,43.38345957986444,,0.0,True,2400,600
0.1,3,50,17,CQHR,Gaussian,cqr,native,0.5,0.0,0.9066666666666666,1067934.028405579,92.2603560362986,17.916738933211086,0.0010073184967041016,True,2400,600
0.1,3,50,17,TSCP_R,Gaussian,cqr,capped,0.5,0.0,0.9516666666666667,39819.07920364227,44.36884829092279,,0.0009996891021728516,True,2400,600
0.1,3,50,17,Unscaled,Gaussian,cqr,raw,0.5,0.0,0.9166666666666666,33502.518096358996,33.72081325330839,,0.0,True,2400,600
0.1,3,50,17,Empirical_copula,Gaussian,cqr,raw,0.5,0.0,0.8933333333333333,26213.627895756257,32.84570350276273,,0.0010004043579101562,True,2400,600
0.1,3,50,18,CQHR,Gaussian,cqr,native,0.5,0.0,0.955,604578.6631102874,81.62601108101272,23.965690804275123,0.0,True,2400,600
0.1,3,50,18,TSCP_R,Gaussian,cqr,capped,0.5,0.0,0.87,21941.2422319268,32.330616820268006,,0.00099945068359375,True,2400,600
0.1,3,50,18,Unscaled,Gaussian,cqr,raw,0.5,0.0,0.8766666666666667,26795.42983738766,31.25517059264053,,0.0,True,2400,600
0.1,3,50,18,Empirical_copula,Gaussian,cqr,raw,0.5,0.0,0.815,15945.230526212788,31.255170592474084,,0.0,True,2400,600
0.1,3,50,19,CQHR,Gaussian,cqr,native,0.5,0.0,0.9133333333333333,230604.66426789126,68.94028464919518,21.4778555866466,0.0,True,2400,600
0.1,3,50,19,TSCP_R,Gaussian,cqr,capped,0.5,0.0,0.9616666666666667,41947.700433034064,44.33221329778842,,0.0009984970092773438,True,2400,600
0.1,3,50,19,Unscaled,Gaussian,cqr,raw,0.5,0.0,0.9533333333333334,50748.124468870185,38.42563114217554,,0.0,True,2400,600
0.1,3,50,19,Empirical_copula,Gaussian,cqr,raw,0.5,0.0,0.8683333333333333,20406.343597574505,38.36191791223644,,0.0010068416595458984,True,2400,600
0.1,3,50,20,CQHR,Gaussian,cqr,native,0.5,0.0,0.81,2230647559.5734544,571.3618051168097,12.433208787295502,0.0,True,2400,600
0.1,3,50,20,TSCP_R,Gaussian,cqr,capped,0.5,0.0,0.8933333333333333,28998.89116860687,44.61942156996676,,0.0009944438934326172,True,2400,600
0.1,3,50,20,Unscaled,Gaussian,cqr,raw,0.5,0.0,0.8916666666666667,31431.60464723515,32.96338037177073,,0.0,True,2400,600
0.1,3,50,20,Empirical_copula,Gaussian,cqr,raw,0.5,0.0,0.8216666666666667,21484.890816889907,43.67580048755985,,0.0,True,2400,600
0.1,3,50,21,CQHR,Gaussian,cqr,native,0.5,0.0,0.8983333333333333,266289.416004268,71.91933454405685,19.322374709691957,0.0,True,2400,600
0.1,3,50,21,TSCP_R,Gaussian,cqr,capped,0.5,0.0,0.8833333333333333,22542.323677612054,34.324321549777245,,0.0009996891021728516,True,2400,600
0.1,3,50,21,Unscaled,Gaussian,cqr,raw,0.5,0.0,0.8716666666666667,27922.826316964216,31.729581415916826,,0.0,True,2400,600
0.1,3,50,21,Empirical_copula,Gaussian,cqr,raw,0.5,0.0,0.7833333333333333,14384.892589423556,31.729581415829397,,0.0009996891021728516,True,2400,600
0.1,3,50,22,CQHR,Gaussian,cqr,native,0.5,0.0,0.925,787735666.0636439,433.9091624948634,19.436393767518105,0.0,True,2400,600
0.1,3,50,22,TSCP_R,Gaussian,cqr,capped,0.5,0.0,0.9,24307.602478568224,37.091232699570604,,0.0020062923431396484,True,2400,600
0.1,3,50,22,Unscaled,Gaussian,cqr,raw,0.5,0.0,0.8833333333333333,28112.62916434822,31.76652637401315,,0.0,True,2400,600
0.1,3,50,22,Empirical_copula,Gaussian,cqr,raw,0.5,0.0,0.8783333333333333,22403.08734303146,36.90474265095541,,0.0,True,2400,600
0.1,3,50,23,CQHR,Gaussian,cqr,native,0.5,0.0,0.9283333333333333,74054218.31471634,154.1224540214021,20.663216076258845,0.0,True,2400,600
0.1,3,50,23,TSCP_R,Gaussian,cqr,capped,0.5,0.0,0.9283333333333333,34640.645689986,36.58965804068281,,0.0010004043579101562,True,2400,600
0.1,3,50,23,Unscaled,Gaussian,cqr,raw,0.5,0.0,0.89,30665.725613266677,32.7900726311869,,0.0,True,2400,600
0.1,3,50,23,Empirical_copula,Gaussian,cqr,raw,0.5,0.0,0.87,23954.25468020536,31.950444737705286,,0.00099945068359375,True,2400,600
0.1,3,50,24,CQHR,Gaussian,cqr,native,0.5,0.0,0.9866666666666667,20106225035.92537,1096.3313178645244,63.43800835568551,0.0,True,2400,600
0.1,3,50,24,TSCP_R,Gaussian,cqr,capped,0.5,0.0,0.9483333333333334,36774.7120965898,41.69457042341022,,0.0010001659393310547,True,2400,600
0.1,3,50,24,Unscaled,Gaussian,cqr,raw,0.5,0.0,0.9466666666666667,50630.25995514252,39.07071132363304,,0.0,True,2400,600
0.1,3,50,24,Empirical_copula,Gaussian,cqr,raw,0.5,0.0,0.92,32975.601024689415,41.42342157875992,,0.0009942054748535156,True,2400,600
0.1,3,50,25,CQHR,Gaussian,cqr,native,0.5,0.0,0.88,811989.023262871,80.63322633139202,16.458667223784254,0.0,True,2400,600
0.1,3,50,25,TSCP_R,Gaussian,cqr,capped,0.5,0.0,0.9183333333333333,35600.7514955626,43.02164124083382,,0.0009996891021728516,True,2400,600
0.1,3,50,25,Unscaled,Gaussian,cqr,raw,0.5,0.0,0.9016666666666666,34888.38909662547,34.36674246072662,,0.0,True,2400,600
0.1,3,50,25,Empirical_copula,Gaussian,cqr,raw,0.5,0.0,0.895,31569.273542454455,43.131325288258246,,0.0,True,2400,600
0.1,3,50,26,CQHR,Gaussian,cqr,native,0.5,0.0,0.8966666666666666,277396.79682361626,65.30903890415733,17.16746096531936,0.0,True,2400,600
0.1,3,50,26,TSCP_R,Gaussian,cqr,capped,0.5,0.0,0.8933333333333333,26421.508737147204,38.87875351504202,,0.0009942054748535156,True,2400,600
0.1,3,50,26,Unscaled,Gaussian,cqr,raw,0.5,0.0,0.9116666666666666,35539.38373785507,34.47318502345222,,0.0,True,2400,600
0.1,3,50,26,Empirical_copula,Gaussian,cqr,raw,0.5,0.0,0.86,19959.80673321752,37.10869707513955,,0.0010073184967041016,True,2400,600
0.1,3,50,27,CQHR,Gaussian,cqr,native,0.5,0.0,0.9166666666666666,701556.4794071993,78.96990436666738,20.858748954406046,0.0,True,2400,600
0.1,3,50,27,TSCP_R,Gaussian,cqr,capped,0.5,0.0,0.8833333333333333,29050.095867278626,40.44554983876929,,0.0009999275207519531,True,2400,600
0.1,3,50,27,Unscaled,Gaussian,cqr,raw,0.5,0.0,0.8966666666666666,40213.29837111233,35.65419377375888,,0.0,True,2400,600
0.1,3,50,27,Empirical_copula,Gaussian,cqr,raw,0.5,0.0,0.86,22508.118652269026,37.47195032080501,,0.0010073184967041016,True,2400,600
0.1,3,50,28,CQHR,Gaussian,cqr,native,0.5,0.0,0.925,14603032.37063859,207.33875963858202,18.72436470316783,0.0,True,2400,600
0.1,3,50,28,TSCP_R,Gaussian,cqr,capped,0.5,0.0,0.92,31391.72412069655,39.959200178681904,,0.0010051727294921875,True,2400,600
0.1,3,50,28,Unscaled,Gaussian,cqr,raw,0.5,0.0,0.9116666666666666,40207.296646473354,36.11867350799857,,0.0,True,2400,600
0.1,3,50,28,Empirical_copula,Gaussian,cqr,raw,0.5,0.0,0.8833333333333333,25427.892006201615,35.138888982446566,,0.0009953975677490234,True,2400,600
0.1,3,50,29,CQHR,Gaussian,cqr,native,0.5,0.0,0.9116666666666666,4130505.860981215,84.4709536147916,17.983407206600493,0.0,True,2400,600
0.1,3,50,29,TSCP_R,Gaussian,cqr,capped,0.5,0.0,0.92,23907.439734874388,36.34959669247125,,0.0009996891021728516,True,2400,600
0.1,3,50,29,Unscaled,Gaussian,cqr,raw,0.5,0.0,0.9183333333333333,32827.25660647491,33.435282847625935,,0.0,True,2400,600
0.1,3,50,29,Empirical_copula,Gaussian,cqr,raw,0.5,0.0,0.88,18886.646677548033,33.43528284755178,,0.0,True,2400,600
0.1,3,100,0,CQHR,Gaussian,cqr,native,0.5,0.0,0.87,597602.7911681741,75.751249923805,15.94218758114844,0.0,True,2400,600
0.1,3,100,0,TSCP_R,Gaussian,cqr,capped,0.5,0.0,0.885,24846.56475208991,36.237193997360876,,0.0010004043579101562,True,2400,600
0.1,3,100,0,Unscaled,Gaussian,cqr,raw,0.5,0.0,0.8833333333333333,27459.69818931396,31.59398587971504,,0.0,True,2400,600
0.1,3,100,0,Empirical_copula,Gaussian,cqr,raw,0.5,0.0,0.8766666666666667,22965.19005884485,35.40896106284853,,0.0010001659393310547,True,2400,600
0.1,3,100,1,CQHR,Gaussian,cqr,native,0.5,0.0,0.8583333333333333,283408.2360974999,59.89474257740419,14.70576971898125,0.0,True,2400,600
0.1,3,100,1,TSCP_R,Gaussian,cqr,capped,0.5,0.0,0.8833333333333333,21008.817495355117,33.36846233351649,,0.0009946823120117188,True,2400,600
0.1,3,100,1,Unscaled,Gaussian,cqr,raw,0.5,0.0,0.9083333333333333,30943.612485968024,33.012790290385375,,0.0,True,2400,600
0.1,3,100,1,Empirical_copula,Gaussian,cqr,raw,0.5,0.0,0.8616666666666667,18276.165553266914,33.22742008445558,,0.0009989738464355469,True,2400,600
0.1,3,100,2,CQHR,Gaussian,cqr,native,0.5,0.0,0.8816666666666667,1056875.268341353,79.99487343682046,17.308726342791257,0.0,True,2400,600
0.1,3,100,2,TSCP_R,Gaussian,cqr,capped,0.5,0.0,0.93,31080.49508532318,37.963596998605254,,0.0010006427764892578,True,2400,600
0.1,3,100,2,Unscaled,Gaussian,cqr,raw,0.5,0.0,0.91,37319.005788288836,35.060536458439465,,0.0,True,2400,600
0.1,3,100,2,Empirical_copula,Gaussian,cqr,raw,0.5,0.0,0.915,31378.111178809067,36.81110320586401,,0.0009999275207519531,True,2400,600
0.1,3,100,3,CQHR,Gaussian,cqr,native,0.5,0.0,0.9316666666666666,270307.1524863737,71.89328803065725,19.14199140598907,0.0,True,2400,600
0.1,3,100,3,TSCP_R,Gaussian,cqr,capped,0.5,0.0,0.8616666666666667,20822.742985590037,36.43341978246146,,0.0009953975677490234,True,2400,600
0.1,3,100,3,Unscaled,Gaussian,cqr,raw,0.5,0.0,0.875,25633.272921498326,31.002740445192273,,0.0,True,2400,600
0.1,3,100,3,Empirical_copula,Gaussian,cqr,raw,0.5,0.0,0.8583333333333333,23473.345748374602,43.079203589636876,,0.001009225845336914,True,2400,600
0.1,3,100,4,CQHR,Gaussian,cqr,native,0.5,0.0,0.92,77380704.84718335,308.78094703646275,19.572348392205463,0.0,True,2400,600
0.1,3,100,4,TSCP_R,Gaussian,cqr,capped,0.5,0.0,0.8866666666666667,25102.848248894854,33.28164538811556,,0.0010075569152832031,True,2400,600
0.1,3,100,4,Unscaled,Gaussian,cqr,raw,0.5,0.0,0.8416666666666667,23302.711947638003,30.063456941232314,,0.0,True,2400,600
0.1,3,100,4,Empirical_copula,Gaussian,cqr,raw,0.5,0.0,0.8916666666666667,25332.00394182081,34.48314504372458,,0.00099945068359375,True,2400,600
0.1,3,100,5,CQHR,Gaussian,cqr,native,0.5,0.0,0.8266666666666667,648350.4660731395,68.53301195440517,14.550800058656499,0.0,True,2400,600
0.1,3,100,5,TSCP_R,Gaussian,cqr,capped,0.5,0.0,0.9,28323.280047704095,38.54422798686905,,0.00099945068359375,True,2400,600
0.1,3,100,5,Unscaled,Gaussian,cqr,raw,0.5,0.0,0.9183333333333333,40984.09463362206,35.992323314171024,,0.0,True,2400,600
0.1,3,100,5,Empirical_copula,Gaussian,cqr,raw,0.5,0.0,0.8616666666666667,24167.29068350455,39.42035225175612,,0.00099945068359375,True,2400,600
0.1,3,100,6,CQHR,Gaussian,cqr,native,0.5,0.0,0.86,355064.74473679013,67.903216490549,14.116761215405841,0.0,True,2400,600
0.1,3,100,6,TSCP_R,Gaussian,cqr,capped,0.5,0.0,0.9416666666666667,33596.26073898407,40.01106116453036,,0.000993490219116211,True,2400,600
0.1,3,100,6,Unscaled,Gaussian,cqr,raw,0.5,0.0,0.9433333333333334,44583.38091110406,37.46355848309485,,0.0,True,2400,600
0.1,3,100,6,Empirical_copula,Gaussian,cqr,raw,0.5,0.0,0.9266666666666666,29186.578919831165,37.97427079585641,,0.0009984970092773438,True,2400,600
0.1,3,100,7,CQHR,Gaussian,cqr,native,0.5,0.0,0.9166666666666666,502881.5367625578,76.47224859202574,18.7003917880667,0.0010066032409667969,True,2400,600
0.1,3,100,7,TSCP_R,Gaussian,cqr,capped,0.5,0.0,0.9216666666666666,26689.303509777463,37.53039473662575,,0.0009999275207519531,True,2400,600
0.1,3,100,7,Unscaled,Gaussian,cqr,raw,0.5,0.0,0.8816666666666667,25540.656495685238,30.72675294685437,,0.0,True,2400,600
0.1,3,100,7,Empirical_copula,Gaussian,cqr,raw,0.5,0.0,0.895,23906.144356423607,35.838473141903926,,0.0009989738464355469,True,2400,600
0.1,3,100,8,CQHR,Gaussian,cqr,native,0.5,0.0,0.8983333333333333,315808.5433425546,69.23901320820413,18.0037572209605,0.0,True,2400,600
0.1,3,100,8,TSCP_R,Gaussian,cqr,capped,0.5,0.0,0.9166666666666666,29267.041811703755,38.7613455697751,,0.000997304916381836,True,2400,600
0.1,3,100,8,Unscaled,Gaussian,cqr,raw,0.5,0.0,0.9283333333333333,42781.49297528209,36.54447889682264,,0.0,True,2400,600
0.1,3,100,8,Empirical_copula,Gaussian,cqr,raw,0.5,0.0,0.9083333333333333,27425.10413857642,38.511771076860185,,0.0010080337524414062,True,2400,600
0.1,3,100,9,CQHR,Gaussian,cqr,native,0.5,0.0,0.9,445411912.93308234,324.4249916477242,18.971005519844926,0.0,True,2400,600
0.1,3,100,9,TSCP_R,Gaussian,cqr,capped,0.5,0.0,0.9416666666666667,38439.068449422804,43.32927817167789,,0.0009946823120117188,True,2400,600
0.1,3,100,9,Unscaled,Gaussian,cqr,raw,0.5,0.0,0.955,60792.56172058196,40.82657341369054,,0.0,True,2400,600
0.1,3,100,9,Empirical_copula,Gaussian,cqr,raw,0.5,0.0,0.8966666666666666,31771.917848606012,45.14786981152668,,0.0010075569152832031,True,2400,600
0.1,3,100,10,CQHR,Gaussian,cqr,native,0.5,0.0,0.9483333333333334,2652837.8276078184,99.12077038378675,23.683735724189326,0.0,True,2400,600
0.1,3,100,10,TSCP_R,Gaussian,cqr,capped,0.5,0.0,0.8816666666666667,27422.74678717034,38.44529178885979,,0.0010063648223876953,True,2400,600
0.1,3,100,10,Unscaled,Gaussian,cqr,raw,0.5,0.0,0.8983333333333333,36345.03816126456,34.39671348651636,,0.0,True,2400,600
0.1,3,100,10,Empirical_copula,Gaussian,cqr,raw,0.5,0.0,0.88,25386.446230441717,38.31052329685545,,0.0009999275207519531,True,2400,600
0.1,3,100,11,CQHR,Gaussian,cqr,native,0.5,0.0,0.895,736750446.2544969,464.21751215562534,18.166517483363773,0.0,True,2400,600
0.1,3,100,11,TSCP_R,Gaussian,cqr,capped,0.5,0.0,0.9333333333333333,35537.72614520905,42.43188721269809,,0.0009958744049072266,True,2400,600
0.1,3,100,11,Unscaled,Gaussian,cqr,raw,0.5,0.0,0.9183333333333333,40212.29263584623,35.63677000889381,,0.0,True,2400,600
0.1,3,100,11,Empirical_copula,Gaussian,cqr,raw,0.5,0.0,0.92,29528.13311223245,38.1234291760866,,0.0009984970092773438,True,2400,600
0.1,3,100,12,CQHR,Gaussian,cqr,native,0.5,0.0,0.8733333333333333,128711.34004370622,61.244403826260104,15.216118002574555,0.0,True,2400,600
0.1,3,100,12,TSCP_R,Gaussian,cqr,capped,0.5,0.0,0.9116666666666666,27569.649953295197,38.83642919625726,,0.0009996891021728516,True,2400,600
0.1,3,100,12,Unscaled,Gaussian,cqr,raw,0.5,0.0,0.9133333333333333,34332.491169095614,34.400344043234014,,0.0,True,2400,600
0.1,3,100,12,Empirical_copula,Gaussian,cqr,raw,0.5,0.0,0.9016666666666666,25923.096170181354,36.912229182053466,,0.0010080337524414062,True,2400,600
0.1,3,100,13,CQHR,Gaussian,cqr,native,0.5,0.0,0.825,181672.14733438825,56.50465513103291,13.826676434364664,0.0,True,2400,600
0.1,3,100,13,TSCP_R,Gaussian,cqr,capped,0.5,0.0,0.8466666666666667,18705.61323779807,32.170771221610615,,0.0010004043579101562,True,2400,600
0.1,3,100,13,Unscaled,Gaussian,cqr,raw,0.5,0.0,0.86,23576.429513167433,30.343312757578733,,0.0,True,2400,600
0.1,3,100,13,Empirical_copula,Gaussian,cqr,raw,0.5,0.0,0.84,17834.054960377365,31.339803271424188,,0.0009932518005371094,True,2400,600
0.1,3,100,14,CQHR,Gaussian,cqr,native,0.5,0.0,0.9033333333333333,215918.27189403062,61.88819289748167,16.692709659533897,0.0,True,2400,600
0.1,3,100,14,TSCP_R,Gaussian,cqr,capped,0.5,0.0,0.8666666666666667,25128.61199684463,36.16573227064228,,0.0019943714141845703,True,2400,600
0.1,3,100,14,Unscaled,Gaussian,cqr,raw,0.5,0.0,0.87,33683.00433121668,33.88290832773892,,0.0,True,2400,600
0.1,3,100,14,Empirical_copula,Gaussian,cqr,raw,0.5,0.0,0.8216666666666667,19739.312873234452,33.928202402689564,,0.0009987354278564453,True,2400,600
0.1,3,100,15,CQHR,Gaussian,cqr,native,0.5,0.0,0.9583333333333334,1528699.9811532875,95.20617952882792,22.72485384665897,0.0,True,2400,600
0.1,3,100,15,TSCP_R,Gaussian,cqr,capped,0.5,0.0,0.9066666666666666,25344.16602821223,35.42726983488065,,0.0009996891021728516,True,2400,600
0.1,3,100,15,Unscaled,Gaussian,cqr,raw,0.5,0.0,0.8816666666666667,24355.603210451114,30.847121599862117,,0.0009996891021728516,True,2400,600
0.1,3,100,15,Empirical_copula,Gaussian,cqr,raw,0.5,0.0,0.8883333333333333,23982.041930447194,33.860059284604155,,0.0,True,2400,600
0.1,3,100,16,CQHR,Gaussian,cqr,native,0.5,0.0,0.8866666666666667,294627.53584188735,71.55182655364672,16.61375297215912,0.0,True,2400,600
0.1,3,100,16,TSCP_R,Gaussian,cqr,capped,0.5,0.0,0.795,15835.95489428527,30.715701168009502,,0.000993967056274414,True,2400,600
0.1,3,100,16,Unscaled,Gaussian,cqr,raw,0.5,0.0,0.8216666666666667,21428.1225662517,29.78221303022897,,0.0,True,2400,600
0.1,3,100,16,Empirical_copula,Gaussian,cqr,raw,0.5,0.0,0.7716666666666666,13806.210717578826,29.555206609458757,,0.0,True,2400,600
0.1,3,100,17,CQHR,Gaussian,cqr,native,0.5,0.0,0.9366666666666666,630817.1998732152,77.38135609162207,23.299919665218145,0.00099945068359375,True,2400,600
0.1,3,100,17,TSCP_R,Gaussian,cqr,capped,0.5,0.0,0.93,33163.43707192833,38.6157602276771,,0.0010004043579101562,True,2400,600
0.1,3,100,17,Unscaled,Gaussian,cqr,raw,0.5,0.0,0.9166666666666666,35937.867904539606,34.31179981527364,,0.0,True,2400,600
0.1,3,100,17,Empirical_copula,Gaussian,cqr,raw,0.5,0.0,0.9016666666666666,25011.705233646346,35.57343840740894,,0.0009944438934326172,True,2400,600
0.1,3,100,18,CQHR,Gaussian,cqr,native,0.5,0.0,0.8616666666666667,13883884.166519184,118.10550425159897,17.61969705822796,0.0,True,2400,600
0.1,3,100,18,TSCP_R,Gaussian,cqr,capped,0.5,0.0,0.9166666666666666,29290.345536944613,39.04865913748973,,0.0009999275207519531,True,2400,600
0.1,3,100,18,Unscaled,Gaussian,cqr,raw,0.5,0.0,0.8666666666666667,27802.05302118808,31.984189385061534,,0.0,True,2400,600
0.1,3,100,18,Empirical_copula,Gaussian,cqr,raw,0.5,0.0,0.905,29084.83359346239,42.518545166120965,,0.00099945068359375,True,2400,600
0.1,3,100,19,CQHR,Gaussian,cqr,native,0.5,0.0,0.905,3469493.8196802232,101.2378069214979,20.083863188123157,0.0,True,2400,600
0.1,3,100,19,TSCP_R,Gaussian,cqr,capped,0.5,0.0,0.9433333333333334,38701.270427386284,41.700365219406024,,0.0010001659393310547,True,2400,600
0.1,3,100,19,Unscaled,Gaussian,cqr,raw,0.5,0.0,0.9233333333333333,39880.78858644622,35.59626539019236,,0.0,True,2400,600
0.1,3,100,19,Empirical_copula,Gaussian,cqr,raw,0.5,0.0,0.93,35675.77165150714,42.41902480037425,,0.0009999275207519531,True,2400,600
0.1,3,100,20,CQHR,Gaussian,cqr,native,0.5,0.0,0.9,2960496.566181021,84.20645843693083,17.33165032705476,0.0,True,2400,600
0.1,3,100,20,TSCP_R,Gaussian,cqr,capped,0.5,0.0,0.9566666666666667,41696.36988524641,42.35428716673411,,0.0009989738464355469,True,2400,600
0.1,3,100,20,Unscaled,Gaussian,cqr,raw,0.5,0.0,0.915,36666.829328356755,34.64459804918997,,0.0,True,2400,600
0.1,3,100,20,Empirical_copula,Gaussian,cqr,raw,0.5,0.0,0.9316666666666666,36308.26358943884,39.03392854885771,,0.0010001659393310547,True,2400,600
0.1,3,100,21,CQHR,Gaussian,cqr,native,0.5,0.0,0.9116666666666666,469899.3639473313,74.48698098324837,19.239003142825542,0.0,True,2400,600
0.1,3,100,21,TSCP_R,Gaussian,cqr,capped,0.5,0.0,0.9366666666666666,38168.148023934475,42.48211976051095,,0.0010061264038085938,True,2400,600
0.1,3,100,21,Unscaled,Gaussian,cqr,raw,0.5,0.0,0.9283333333333333,38480.551067117456,35.2257750186165,,0.0,True,2400,600
0.1,3,100,21,Empirical_copula,Gaussian,cqr,raw,0.5,0.0,0.9133333333333333,30181.48663192498,39.06266115067117,,0.0,True,2400,600
0.1,3,100,22,CQHR,Gaussian,cqr,native,0.5,0.0,0.8816666666666667,736219474.6180458,355.3777215041446,16.862730590852898,0.0,True,2400,600
0.1,3,100,22,TSCP_R,Gaussian,cqr,capped,0.5,0.0,0.9266666666666666,35501.92883232729,39.479396879001314,,0.0009989738464355469,True,2400,600
0.1,3,100,22,Unscaled,Gaussian,cqr,raw,0.5,0.0,0.9383333333333334,48792.85718856564,38.31087952710062,,0.0,True,2400,600
0.1,3,100,22,Empirical_copula,Gaussian,cqr,raw,0.5,0.0,0.9183333333333333,33040.42552492798,38.637378407463814,,0.0010077953338623047,True,2400,600
0.1,3,100,23,CQHR,Gaussian,cqr,native,0.5,0.0,0.8933333333333333,345866.44292854,88.86385047445003,16.724489210365913,0.0,True,2400,600
0.1,3,100,23,TSCP_R,Gaussian,cqr,capped,0.5,0.0,0.9,21326.41363480324,37.4545137647761,,0.0010056495666503906,True,2400,600
0.1,3,100,23,Unscaled,Gaussian,cqr,raw,0.5,0.0,0.8933333333333333,26896.393312153185,31.489174039364716,,0.0,True,2400,600
0.1,3,100,23,Empirical_copula,Gaussian,cqr,raw,0.5,0.0,0.8633333333333333,19321.124833786518,37.42613317263766,,0.0010008811950683594,True,2400,600
0.1,3,100,24,CQHR,Gaussian,cqr,native,0.5,0.0,0.91,114582.99018735418,58.927663042855094,16.305924747065326,0.0,True,2400,600
0.1,3,100,24,TSCP_R,Gaussian,cqr,capped,0.5,0.0,0.95,39216.79604934517,46.083846847062176,,0.0010001659393310547,True,2400,600
0.1,3,100,24,Unscaled,Gaussian,cqr,raw,0.5,0.0,0.9116666666666666,38513.6627982799,35.39674915517903,,0.0,True,2400,600
0.1,3,100,24,Empirical_copula,Gaussian,cqr,raw,0.5,0.0,0.9183333333333333,28739.64788149969,39.97430070547986,,0.00099945068359375,True,2400,600
0.1,3,100,25,CQHR,Gaussian,cqr,native,0.5,0.0,0.9183333333333333,349134.59734581184,83.05577606102592,21.01122178975527,0.0,True,2400,600
0.1,3,100,25,TSCP_R,Gaussian,cqr,capped,0.5,0.0,0.8316666666666667,19243.33727560199,34.94475514890799,,0.0009999275207519531,True,2400,600
0.1,3,100,25,Unscaled,Gaussian,cqr,raw,0.5,0.0,0.8383333333333334,23563.471069343956,30.228252198795367,,0.0,True,2400,600
0.1,3,100,25,Empirical_copula,Gaussian,cqr,raw,0.5,0.0,0.825,19541.487971484974,35.45525848180294,,0.00099945068359375,True,2400,600
0.1,3,100,26,CQHR,Gaussian,cqr,native,0.5,0.0,0.8466666666666667,1836830793.8326018,498.2116491738055,17.410352909445532,0.0,True,2400,600
0.1,3,100,26,TSCP_R,Gaussian,cqr,capped,0.5,0.0,0.88,28218.691647323023,36.20331688322588,,0.0,True,2400,600
0.1,3,100,26,Unscaled,Gaussian,cqr,raw,0.5,0.0,0.8383333333333334,24726.328186812905,30.62731749847258,,0.001007080078125,True,2400,600
0.1,3,100,26,Empirical_copula,Gaussian,cqr,raw,0.5,0.0,0.8233333333333334,20223.33921288674,30.62731749841178,,0.0,True,2400,600
0.1,3,100,27,CQHR,Gaussian,cqr,native,0.5,0.0,0.89,432294.4105627959,70.58393951654242,16.97792855880132,0.0,True,2400,600
0.1,3,100,27,TSCP_R,Gaussian,cqr,capped,0.5,0.0,0.9083333333333333,25551.372780939124,37.77752699708457,,0.00099945068359375,True,2400,600
0.1,3,100,27,Unscaled,Gaussian,cqr,raw,0.5,0.0,0.8933333333333333,30520.073308681156,32.905261980383465,,0.0,True,2400,600
0.1,3,100,27,Empirical_copula,Gaussian,cqr,raw,0.5,0.0,0.8916666666666667,23545.121970400593,37.149374618396166,,0.0010001659393310547,True,2400,600
0.1,3,100,28,CQHR,Gaussian,cqr,native,0.5,0.0,0.9,1330525.64785247,76.01459903100097,20.99706395922837,0.0,True,2400,600
0.1,3,100,28,TSCP_R,Gaussian,cqr,capped,0.5,0.0,0.9083333333333333,31528.24938421409,40.05374469758127,,0.0010004043579101562,True,2400,600
0.1,3,100,28,Unscaled,Gaussian,cqr,raw,0.5,0.0,0.9266666666666666,43990.841838316206,36.81982404125373,,0.0,True,2400,600
0.1,3,100,28,Empirical_copula,Gaussian,cqr,raw,0.5,0.0,0.905,29464.026350351734,37.24119111637496,,0.000997304916381836,True,2400,600
0.1,3,100,29,CQHR,Gaussian,cqr,native,0.5,0.0,0.8983333333333333,282088.4950319594,61.4014932428817,17.591356084126982,0.0010025501251220703,True,2400,600
0.1,3,100,29,TSCP_R,Gaussian,cqr,capped,0.5,0.0,0.9366666666666666,36378.82020187936,40.763026430937614,,0.0009982585906982422,True,2400,600
0.1,3,100,29,Unscaled,Gaussian,cqr,raw,0.5,0.0,0.92,39856.946194691336,35.664802085901094,,0.0,True,2400,600
0.1,3,100,29,Empirical_copula,Gaussian,cqr,raw,0.5,0.0,0.9216666666666666,32288.25099858687,36.91002371995299,,0.0010001659393310547,True,2400,600
0.1,3,200,0,CQHR,Gaussian,cqr,native,0.5,0.0,0.9166666666666666,2308458.2513790373,82.09862518290748,20.527529627761556,0.0,True,2400,600
0.1,3,200,0,TSCP_R,Gaussian,cqr,capped,0.5,0.0,0.9416666666666667,32627.843601502,39.96521159588058,,0.0019998550415039062,True,2400,600
0.1,3,200,0,Unscaled,Gaussian,cqr,raw,0.5,0.0,0.9316666666666666,43147.03345588639,36.60147071192927,,0.0,True,2400,600
0.1,3,200,0,Empirical_copula,Gaussian,cqr,raw,0.5,0.0,0.9283333333333333,30045.982332961703,38.90203029621873,,0.0019979476928710938,True,2400,600
0.1,3,200,1,CQHR,Gaussian,cqr,native,0.5,0.0,0.8833333333333333,1170828.3381266368,99.92166669267239,17.995359667226868,0.0,True,2400,600
0.1,3,200,1,TSCP_R,Gaussian,cqr,capped,0.5,0.0,0.905,23959.231320078175,35.716939552676905,,0.0009982585906982422,True,2400,600
0.1,3,200,1,Unscaled,Gaussian,cqr,raw,0.5,0.0,0.9133333333333333,32503.94051978962,33.48270146635289,,0.0,True,2400,600
0.1,3,200,1,Empirical_copula,Gaussian,cqr,raw,0.5,0.0,0.9033333333333333,23345.645467418206,35.95546197438271,,0.001999378204345703,True,2400,600
0.1,3,200,2,CQHR,Gaussian,cqr,native,0.5,0.0,0.89,18244668.600349825,146.45325764833453,18.926141560882453,0.0,True,2400,600
0.1,3,200,2,TSCP_R,Gaussian,cqr,capped,0.5,0.0,0.915,34576.24714913471,39.95519799586976,,0.0019931793212890625,True,2400,600
0.1,3,200,2,Unscaled,Gaussian,cqr,raw,0.5,0.0,0.915,39760.74057019466,35.506450967576725,,0.0,True,2400,600
0.1,3,200,2,Empirical_copula,Gaussian,cqr,raw,0.5,0.0,0.9,31762.265900193765,38.19226058598602,,0.0020072460174560547,True,2400,600
0.1,3,200,3,CQHR,Gaussian,cqr,native,0.5,0.0,0.8733333333333333,886366.0564809508,73.52912434820614,16.92908975689036,0.0,True,2400,600
0.1,3,200,3,TSCP_R,Gaussian,cqr,capped,0.5,0.0,0.8966666666666666,22938.39271576106,37.329095147061736,,0.0009982585906982422,True,2400,600
0.1,3,200,3,Unscaled,Gaussian,cqr,raw,0.5,0.0,0.9183333333333333,33840.94583711072,33.71864478308134,,0.0,True,2400,600
0.1,3,200,3,Empirical_copula,Gaussian,cqr,raw,0.5,0.0,0.8883333333333333,22033.346096012814,35.710015184457596,,0.0019996166229248047,True,2400,600
0.1,3,200,4,CQHR,Gaussian,cqr,native,0.5,0.0,0.9033333333333333,498304.59786532295,72.92080241455986,18.667256432533556,0.0,True,2400,600
0.1,3,200,4,TSCP_R,Gaussian,cqr,capped,0.5,0.0,0.94,28152.88008596929,37.03253262768825,,0.0020003318786621094,True,2400,600
0.1,3,200,4,Unscaled,Gaussian,cqr,raw,0.5,0.0,0.92,35297.0037448419,34.55799101436757,,0.0,True,2400,600
0.1,3,200,4,Empirical_copula,Gaussian,cqr,raw,0.5,0.0,0.9333333333333333,27334.521669757294,36.88959080113637,,0.0010001659393310547,True,2400,600
0.1,3,200,5,CQHR,Gaussian,cqr,native,0.5,0.0,0.89,1222688.9744098848,71.07849332474626,15.647440520842848,0.0,True,2400,600
0.1,3,200,5,TSCP_R,Gaussian,cqr,capped,0.5,0.0,0.87,20904.310454922295,36.0748461453638,,0.00099945068359375,True,2400,600
0.1,3,200,5,Unscaled,Gaussian,cqr,raw,0.5,0.0,0.8616666666666667,25895.672033650415,31.302448759496148,,0.0,True,2400,600
0.1,3,200,5,Empirical_copula,Gaussian,cqr,raw,0.5,0.0,0.8366666666666667,20059.87133333685,38.31025961692821,,0.0020012855529785156,True,2400,600
0.1,3,200,6,CQHR,Gaussian,cqr,native,0.5,0.0,0.9283333333333333,717447.2737909139,81.75811784563754,25.0354950057356,0.0,True,2400,600
0.1,3,200,6,TSCP_R,Gaussian,cqr,capped,0.5,0.0,0.905,25642.962709195766,38.36020430117133,,0.0019948482513427734,True,2400,600
0.1,3,200,6,Unscaled,Gaussian,cqr,raw,0.5,0.0,0.9216666666666666,36067.99672697391,34.56547390200428,,0.0,True,2400,600
0.1,3,200,6,Empirical_copula,Gaussian,cqr,raw,0.5,0.0,0.89,23770.078897650703,38.73549507357759,,0.002010345458984375,True,2400,600
0.1,3,200,7,CQHR,Gaussian,cqr,native,0.5,0.0,0.9233333333333333,761638.2553189638,78.80812273978584,18.96072783549101,0.0,True,2400,600
0.1,3,200,7,TSCP_R,Gaussian,cqr,capped,0.5,0.0,0.95,32234.437059938795,40.68144963616019,,0.0019931793212890625,True,2400,600
0.1,3,200,7,Unscaled,Gaussian,cqr,raw,0.5,0.0,0.9383333333333334,38076.14557650043,35.058600214118336,,0.0,True,2400,600
0.1,3,200,7,Empirical_copula,Gaussian,cqr,raw,0.5,0.0,0.9466666666666667,29664.590530681256,38.87616507212964,,0.0019991397857666016,True,2400,600
0.1,3,200,8,CQHR,Gaussian,cqr,native,0.5,0.0,0.8933333333333333,3122474.434140599,80.48872226958427,18.15296031885838,0.0,True,2400,600
0.1,3,200,8,TSCP_R,Gaussian,cqr,capped,0.5,0.0,0.9383333333333334,31093.458511638277,39.006904141782066,,0.001001119613647461,True,2400,600
0.1,3,200,8,Unscaled,Gaussian,cqr,raw,0.5,0.0,0.9316666666666666,37469.88909991166,34.72247654863273,,0.0,True,2400,600
0.1,3,200,8,Empirical_copula,Gaussian,cqr,raw,0.5,0.0,0.905,26615.280386239538,39.363283220836394,,0.0009999275207519531,True,2400,600
0.1,3,200,9,CQHR,Gaussian,cqr,native,0.5,0.0,0.9,349628.3772877313,73.76910243368414,18.923514377315783,0.0,True,2400,600
0.1,3,200,9,TSCP_R,Gaussian,cqr,capped,0.5,0.0,0.88,21993.92812267017,35.81613511436089,,0.0009937286376953125,True,2400,600
0.1,3,200,9,Unscaled,Gaussian,cqr,raw,0.5,0.0,0.905,33142.501839655786,33.646533499962786,,0.0,True,2400,600
0.1,3,200,9,Empirical_copula,Gaussian,cqr,raw,0.5,0.0,0.86,20038.239029620916,34.33351430731965,,0.001999378204345703,True,2400,600
0.1,3,200,10,CQHR,Gaussian,cqr,native,0.5,0.0,0.9333333333333333,345221.8969271245,75.08468455698788,18.588939624781617,0.0,True,2400,600
0.1,3,200,10,TSCP_R,Gaussian,cqr,capped,0.5,0.0,0.945,30965.084721219224,41.14945694663131,,0.0010001659393310547,True,2400,600
0.1,3,200,10,Unscaled,Gaussian,cqr,raw,0.5,0.0,0.9216666666666666,34102.386736736524,34.102222161595904,,0.0,True,2400,600
0.1,3,200,10,Empirical_copula,Gaussian,cqr,raw,0.5,0.0,0.9416666666666667,29381.991737521985,41.469823600060636,,0.0020029544830322266,True,2400,600
0.1,3,200,11,CQHR,Gaussian,cqr,native,0.5,0.0,0.8766666666666667,2214924.2925740792,84.09031848496552,16.599054462031777,0.0,True,2400,600
0.1,3,200,11,TSCP_R,Gaussian,cqr,capped,0.5,0.0,0.8966666666666666,22973.69684485202,35.322211512234254,,0.0009965896606445312,True,2400,600
0.1,3,200,11,Unscaled,Gaussian,cqr,raw,0.5,0.0,0.8916666666666667,28330.084423854674,31.75708015803915,,0.0,True,2400,600
0.1,3,200,11,Empirical_copula,Gaussian,cqr,raw,0.5,0.0,0.8766666666666667,21193.845396354456,35.640816644975565,,0.0019981861114501953,True,2400,600
0.1,3,200,12,CQHR,Gaussian,cqr,native,0.5,0.0,0.9,770293.4691813034,70.7648307391695,17.69524843476664,0.0,True,2400,600
0.1,3,200,12,TSCP_R,Gaussian,cqr,capped,0.5,0.0,0.8866666666666667,22319.799407932343,36.22853639307782,,0.0010004043579101562,True,2400,600
0.1,3,200,12,Unscaled,Gaussian,cqr,raw,0.5,0.0,0.8583333333333333,26332.106657516957,31.051753949364464,,0.0,True,2400,600
0.1,3,200,12,Empirical_copula,Gaussian,cqr,raw,0.5,0.0,0.8983333333333333,23120.310065753143,38.73989308306085,,0.002021312713623047,True,2400,600
0.1,3,200,13,CQHR,Gaussian,cqr,native,0.5,0.0,0.85,703465.7073150369,76.93927803845173,16.257216795103286,0.0,True,2400,600
0.1,3,200,13,TSCP_R,Gaussian,cqr,capped,0.5,0.0,0.8883333333333333,24402.391024336535,35.0784541276381,,0.0009992122650146484,True,2400,600
0.1,3,200,13,Unscaled,Gaussian,cqr,raw,0.5,0.0,0.88,29346.756776288687,32.308920322866534,,0.0,True,2400,600
0.1,3,200,13,Empirical_copula,Gaussian,cqr,raw,0.5,0.0,0.8833333333333333,23800.7297965755,34.90890812735938,,0.00099945068359375,True,2400,600
0.1,3,200,14,CQHR,Gaussian,cqr,native,0.5,0.0,0.86,90605.51754056619,59.09399030521468,14.663480571920921,0.0,True,2400,600
0.1,3,200,14,TSCP_R,Gaussian,cqr,capped,0.5,0.0,0.8883333333333333,24573.319549946496,36.21392263379074,,0.0009996891021728516,True,2400,600
0.1,3,200,14,Unscaled,Gaussian,cqr,raw,0.5,0.0,0.86,25748.838854796602,31.357473943506967,,0.0,True,2400,600
0.1,3,200,14,Empirical_copula,Gaussian,cqr,raw,0.5,0.0,0.8583333333333333,21141.49441392052,34.56991128109264,,0.0019948482513427734,True,2400,600
0.1,3,200,15,CQHR,Gaussian,cqr,native,0.5,0.0,0.9216666666666666,722413.8421337064,81.33570730693302,19.090743818840505,0.0,True,2400,600
0.1,3,200,15,TSCP_R,Gaussian,cqr,capped,0.5,0.0,0.8983333333333333,26738.295317823045,39.587683642337176,,0.0010006427764892578,True,2400,600
0.1,3,200,15,Unscaled,Gaussian,cqr,raw,0.5,0.0,0.9,36226.32131314181,34.90400861502257,,0.0,True,2400,600
0.1,3,200,15,Empirical_copula,Gaussian,cqr,raw,0.5,0.0,0.8866666666666667,25158.209686224913,37.891369726854194,,0.001998424530029297,True,2400,600
0.1,3,200,16,CQHR,Gaussian,cqr,native,0.5,0.0,0.9366666666666666,6704531.265934023,124.50665270355111,23.35178348295373,0.0,True,2400,600
0.1,3,200,16,TSCP_R,Gaussian,cqr,capped,0.5,0.0,0.9033333333333333,24369.06489104127,35.772414939409,,0.002000093460083008,True,2400,600
0.1,3,200,16,Unscaled,Gaussian,cqr,raw,0.5,0.0,0.9066666666666666,29920.855298169256,32.36377555279665,,0.0,True,2400,600
0.1,3,200,16,Empirical_copula,Gaussian,cqr,raw,0.5,0.0,0.9066666666666666,25333.195648105357,35.7119765270325,,0.0010001659393310547,True,2400,600
0.1,3,200,17,CQHR,Gaussian,cqr,native,0.5,0.0,0.88,183118.04453957317,65.79295113686942,16.899748236491714,0.0,True,2400,600
0.1,3,200,17,TSCP_R,Gaussian,cqr,capped,0.5,0.0,0.885,23982.719760846514,35.233055148810664,,0.0010025501251220703,True,2400,600
0.1,3,200,17,Unscaled,Gaussian,cqr,raw,0.5,0.0,0.8783333333333333,30713.7611277569,32.83735513560088,,0.0,True,2400,600
0.1,3,200,17,Empirical_copula,Gaussian,cqr,raw,0.5,0.0,0.8783333333333333,22044.119957470695,34.48647833585111,,0.0019960403442382812,True,2400,600
0.1,3,200,18,CQHR,Gaussian,cqr,native,0.5,0.0,0.8366666666666667,224257.2306341826,62.15135213649384,14.346548902982839,0.0,True,2400,600
0.1,3,200,18,TSCP_R,Gaussian,cqr,capped,0.5,0.0,0.8866666666666667,22566.17613247074,34.45569364895302,,0.0020012855529785156,True,2400,600
0.1,3,200,18,Unscaled,Gaussian,cqr,raw,0.5,0.0,0.8833333333333333,27647.221319829914,31.949667574583515,,0.0,True,2400,600
0.1,3,200,18,Empirical_copula,Gaussian,cqr,raw,0.5,0.0,0.885,22006.50307625824,33.73758042652893,,0.0019998550415039062,True,2400,600
0.1,3,200,19,CQHR,Gaussian,cqr,native,0.5,0.0,0.9116666666666666,932356.1242447515,82.85167645152414,18.88951046128179,0.0,True,2400,600
0.1,3,200,19,TSCP_R,Gaussian,cqr,capped,0.5,0.0,0.9266666666666666,26156.14072811234,37.59391217798105,,0.0010001659393310547,True,2400,600
0.1,3,200,19,Unscaled,Gaussian,cqr,raw,0.5,0.0,0.95,40816.04364434101,35.85419247424073,,0.0,True,2400,600
0.1,3,200,19,Empirical_copula,Gaussian,cqr,raw,0.5,0.0,0.91,24627.15192627311,37.526481051439305,,0.00200653076171875,True,2400,600
0.1,3,200,20,CQHR,Gaussian,cqr,native,0.5,0.0,0.89,1518430.5967089718,80.21714769233587,16.72527177695789,0.0,True,2400,600
0.1,3,200,20,TSCP_R,Gaussian,cqr,capped,0.5,0.0,0.885,25465.730917611996,36.905318036655956,,0.0010001659393310547,True,2400,600
0.1,3,200,20,Unscaled,Gaussian,cqr,raw,0.5,0.0,0.8783333333333333,32367.442591959498,33.69276070303458,,0.0,True,2400,600
0.1,3,200,20,Empirical_copula,Gaussian,cqr,raw,0.5,0.0,0.88,25606.5809262022,34.94730324834624,,0.0009987354278564453,True,2400,600
0.1,3,200,21,CQHR,Gaussian,cqr,native,0.5,0.0,0.88,1160272.8407656332,80.88321671576651,17.468395725824376,0.0,True,2400,600
0.1,3,200,21,TSCP_R,Gaussian,cqr,capped,0.5,0.0,0.905,28406.436823367527,38.77955166884917,,0.0010073184967041016,True,2400,600
0.1,3,200,21,Unscaled,Gaussian,cqr,raw,0.5,0.0,0.92,37063.065421142266,35.01325788563735,,0.0,True,2400,600
0.1,3,200,21,Empirical_copula,Gaussian,cqr,raw,0.5,0.0,0.8983333333333333,27484.432594504367,38.26064389279881,,0.0019991397857666016,True,2400,600
0.1,3,200,22,CQHR,Gaussian,cqr,native,0.5,0.0,0.9116666666666666,525551.5718525469,77.42839171872976,19.503447392172014,0.0,True,2400,600
0.1,3,200,22,TSCP_R,Gaussian,cqr,capped,0.5,0.0,0.8633333333333333,22449.583670996,33.554077428811354,,0.0019998550415039062,True,2400,600
0.1,3,200,22,Unscaled,Gaussian,cqr,raw,0.5,0.0,0.8583333333333333,25813.595140732556,31.18763082202002,,0.0,True,2400,600
0.1,3,200,22,Empirical_copula,Gaussian,cqr,raw,0.5,0.0,0.8583333333333333,21345.655046779524,33.13098146761831,,0.0019965171813964844,True,2400,600
0.1,3,200,23,CQHR,Gaussian,cqr,native,0.5,0.0,0.8883333333333333,3125829.2528902497,89.33917233634642,17.766509416012134,0.0,True,2400,600
0.1,3,200,23,TSCP_R,Gaussian,cqr,capped,0.5,0.0,0.9066666666666666,25177.88592765466,36.92701330633821,,0.001004934310913086,True,2400,600
0.1,3,200,23,Unscaled,Gaussian,cqr,raw,0.5,0.0,0.9266666666666666,37910.438009547135,35.20537922403692,,0.0,True,2400,600
0.1,3,200,23,Empirical_copula,Gaussian,cqr,raw,0.5,0.0,0.9016666666666666,23476.747057610213,35.7474361323455,,0.0019989013671875,True,2400,600
0.1,3,200,24,CQHR,Gaussian,cqr,native,0.5,0.0,0.8983333333333333,4063869.3086363785,86.28290486211516,18.889441305073717,0.0,True,2400,600
0.1,3,200,24,TSCP_R,Gaussian,cqr,capped,0.5,0.0,0.9016666666666666,23790.14833911564,35.75050546946381,,0.0010004043579101562,True,2400,600
0.1,3,200,24,Unscaled,Gaussian,cqr,raw,0.5,0.0,0.885,29011.462832993864,32.12141223697123,,0.0,True,2400,600
0.1,3,200,24,Empirical_copula,Gaussian,cqr,raw,0.5,0.0,0.8866666666666667,22387.716162819863,35.22526333029072,,0.001994609832763672,True,2400,600
0.1,3,200,25,CQHR,Gaussian,cqr,native,0.5,0.0,0.9,1064253.5527987345,79.307627757056,19.450274005463555,0.0,True,2400,600
0.1,3,200,25,TSCP_R,Gaussian,cqr,capped,0.5,0.0,0.9283333333333333,30687.091550147987,38.79551175234166,,0.0009975433349609375,True,2400,600
0.1,3,200,25,Unscaled,Gaussian,cqr,raw,0.5,0.0,0.9283333333333333,39978.02853007232,35.941214776966554,,0.0,True,2400,600
0.1,3,200,25,Empirical_copula,Gaussian,cqr,raw,0.5,0.0,0.9233333333333333,29532.133086848135,38.61928663915981,,0.00200653076171875,True,2400,600
0.1,3,200,26,CQHR,Gaussian,cqr,native,0.5,0.0,0.84,523174.27470284223,68.54471191533638,15.615822382720527,0.0,True,2400,600
0.1,3,200,26,TSCP_R,Gaussian,cqr,capped,0.5,0.0,0.8633333333333333,24276.868079469685,38.384897563571236,,0.0009884834289550781,True,2400,600
0.1,3,200,26,Unscaled,Gaussian,cqr,raw,0.5,0.0,0.8783333333333333,33184.45579561713,33.65511207699611,,0.0,True,2400,600
0.1,3,200,26,Empirical_copula,Gaussian,cqr,raw,0.5,0.0,0.8716666666666667,24697.220337846484,38.990768376260995,,0.00200653076171875,True,2400,600
0.1,3,200,27,CQHR,Gaussian,cqr,native,0.5,0.0,0.9516666666666667,107453460.51722479,225.4339217387359,22.512186905070223,0.0,True,2400,600
0.1,3,200,27,TSCP_R,Gaussian,cqr,capped,0.5,0.0,0.8916666666666667,26489.848552598833,35.65720063986228,,0.0020003318786621094,True,2400,600
0.1,3,200,27,Unscaled,Gaussian,cqr,raw,0.5,0.0,0.9133333333333333,36579.58938779606,34.90889062610779,,0.0,True,2400,600
0.1,3,200,27,Empirical_copula,Gaussian,cqr,raw,0.5,0.0,0.89,25539.31577486007,35.68568924874822,,0.0020072460174560547,True,2400,600
0.1,3,200,28,CQHR,Gaussian,cqr,native,0.5,0.0,0.9266666666666666,522502.56272470334,73.56924204199474,21.75763501081053,0.0009996891021728516,True,2400,600
0.1,3,200,28,TSCP_R,Gaussian,cqr,capped,0.5,0.0,0.8983333333333333,27492.59936868281,35.86241064638848,,0.0010001659393310547,True,2400,600
0.1,3,200,28,Unscaled,Gaussian,cqr,raw,0.5,0.0,0.8866666666666667,30233.593240155406,32.55949497154361,,0.0,True,2400,600
0.1,3,200,28,Empirical_copula,Gaussian,cqr,raw,0.5,0.0,0.875,23842.54542500482,34.13164256980396,,0.001993417739868164,True,2400,600
0.1,3,200,29,CQHR,Gaussian,cqr,native,0.5,0.0,0.93,832019.2954686681,82.06813885465739,20.529106640463155,0.0,True,2400,600
0.1,3,200,29,TSCP_R,Gaussian,cqr,capped,0.5,0.0,0.9066666666666666,28314.051261293043,36.510433493821395,,0.0010116100311279297,True,2400,600
0.1,3,200,29,Unscaled,Gaussian,cqr,raw,0.5,0.0,0.8916666666666667,31631.277194200604,32.852906346644616,,0.0,True,2400,600
0.1,3,200,29,Empirical_copula,Gaussian,cqr,raw,0.5,0.0,0.9,26540.702306269162,37.459804513950814,,0.001987934112548828,True,2400,600
