alpha,n_dim,n_cal,method,noise_type,coordinate,df,score_type,redraw_train_test,n_train,n_test,n_trials,coordinate_length_avg,coordinate_length_1std,coordinate_length_median
0.1,10,30,Empirical_copula,t,1,1.5,absolute_residual,True,7200,800,200,17.455398349448075,35.36281812942815,10.254950012733143
0.1,10,30,Empirical_copula,t,2,1.5,absolute_residual,True,7200,800,200,23.040039682706333,58.97033956428681,10.561008171339045
0.1,10,30,Empirical_copula,t,3,1.5,absolute_residual,True,7200,800,200,22.95758491749175,79.92298071134623,10.707026270425587
0.1,10,30,Empirical_copula,t,4,1.5,absolute_residual,True,7200,800,200,20.797707360402224,49.7962902253418,9.306577899660265
0.1,10,30,Empirical_copula,t,5,1.5,absolute_residual,True,7200,800,200,26.308216083950946,111.56958981499042,10.369186212369218
0.1,10,30,Empirical_copula,t,6,1.5,absolute_residual,True,7200,800,200,18.162349798246993,26.179306130262624,8.925718776686764
0.1,10,30,Empirical_copula,t,7,1.5,absolute_residual,True,7200,800,200,21.10399707135562,33.86409901865304,10.598235165830376
0.1,10,30,Empirical_copula,t,8,1.5,absolute_residual,True,7200,800,200,22.467825638025403,50.50025892092503,10.79427578759674
0.1,10,30,Empirical_copula,t,9,1.5,absolute_residual,True,7200,800,200,17.60300714579689,24.007483953902742,10.952827291800517
0.1,10,30,Empirical_copula,t,10,1.5,absolute_residual,True,7200,800,200,27.726919530048207,88.2367112905748,10.631308154344971
0.1,10,30,Point_CHR,t,1,1.5,absolute_residual,True,7200,800,200,112.00094513053162,228.55255560112644,50.2190175852573
0.1,10,30,Point_CHR,t,2,1.5,absolute_residual,True,7200,800,200,147.51080387444378,442.1931020468776,46.41668801944678
0.1,10,30,Point_CHR,t,3,1.5,absolute_residual,True,7200,800,200,139.06584520422481,433.21943450449965,42.75659837702494
0.1,10,30,Point_CHR,t,4,1.5,absolute_residual,True,7200,800,200,143.74119291846694,478.3018215725684,44.083153256586115
0.1,10,30,Point_CHR,t,5,1.5,absolute_residual,True,7200,800,200,177.44226789037035,955.4509991146874,43.66976872682841
0.1,10,30,Point_CHR,t,6,1.5,absolute_residual,True,7200,800,200,149.45401438974199,655.1848297724123,42.43996781141682
0.1,10,30,Point_CHR,t,7,1.5,absolute_residual,True,7200,800,200,131.9829097051545,293.6063714578633,48.26834422391039
0.1,10,30,Point_CHR,t,8,1.5,absolute_residual,True,7200,800,200,112.40919904316723,223.99713696070816,52.51804229525527
0.1,10,30,Point_CHR,t,9,1.5,absolute_residual,True,7200,800,200,128.08406896441562,366.7925781993135,44.69792929814224
0.1,10,30,Point_CHR,t,10,1.5,absolute_residual,True,7200,800,200,184.88453690131558,586.0832458858808,46.06951485467211
0.1,10,30,TSCP_R,t,1,1.5,absolute_residual,True,7200,800,200,43.845559463747584,109.35012404405059,23.62269703074682
0.1,10,30,TSCP_R,t,2,1.5,absolute_residual,True,7200,800,200,50.986008906392634,107.08781227005313,25.500426710729585
0.1,10,30,TSCP_R,t,3,1.5,absolute_residual,True,7200,800,200,51.89159322991742,146.71462757621555,24.505079056623913
0.1,10,30,TSCP_R,t,4,1.5,absolute_residual,True,7200,800,200,46.32473990345121,89.02266553006552,23.134570783966353
0.1,10,30,TSCP_R,t,5,1.5,absolute_residual,True,7200,800,200,80.60363368022885,527.6571877335688,23.747987217771623
0.1,10,30,TSCP_R,t,6,1.5,absolute_residual,True,7200,800,200,43.297713054343475,70.40182449513335,21.55326759438978
0.1,10,30,TSCP_R,t,7,1.5,absolute_residual,True,7200,800,200,46.5613339716509,68.58259058290075,23.116423842781664
0.1,10,30,TSCP_R,t,8,1.5,absolute_residual,True,7200,800,200,49.74170217968985,95.25952963584457,23.724491495086724
0.1,10,30,TSCP_R,t,9,1.5,absolute_residual,True,7200,800,200,45.99727323819573,93.38958428231858,24.15169303992466
0.1,10,30,TSCP_R,t,10,1.5,absolute_residual,True,7200,800,200,56.04367755790855,151.31980899771483,24.269295674343784
0.1,10,500,Empirical_copula,t,1,1.5,absolute_residual,True,7200,800,200,17.183146131588995,5.6293971422486715,16.22813601445357
0.1,10,500,Empirical_copula,t,2,1.5,absolute_residual,True,7200,800,200,18.141153795164843,6.15324721578096,17.412042407910455
0.1,10,500,Empirical_copula,t,3,1.5,absolute_residual,True,7200,800,200,17.461253885743766,5.385565209660915,15.904891897996956
0.1,10,500,Empirical_copula,t,4,1.5,absolute_residual,True,7200,800,200,17.260821673384427,5.370310898914865,16.125027703003006
0.1,10,500,Empirical_copula,t,5,1.5,absolute_residual,True,7200,800,200,17.258586392698042,6.026643728915661,15.995275121402024
0.1,10,500,Empirical_copula,t,6,1.5,absolute_residual,True,7200,800,200,17.187563525771534,5.171142487614103,16.329662968064824
0.1,10,500,Empirical_copula,t,7,1.5,absolute_residual,True,7200,800,200,16.592622210607068,4.511926134942649,15.66933527656311
0.1,10,500,Empirical_copula,t,8,1.5,absolute_residual,True,7200,800,200,17.58295729753684,5.364430153793186,16.5840667047649
0.1,10,500,Empirical_copula,t,9,1.5,absolute_residual,True,7200,800,200,18.145725892288606,5.960653061113716,16.67737860288128
0.1,10,500,Empirical_copula,t,10,1.5,absolute_residual,True,7200,800,200,17.157790001292454,4.839673076005639,16.356740833148585
0.1,10,500,Point_CHR,t,1,1.5,absolute_residual,True,7200,800,200,18.125808252131527,3.544812207963949,17.895485416861995
0.1,10,500,Point_CHR,t,2,1.5,absolute_residual,True,7200,800,200,18.689638658200263,4.712915735609993,18.19535316878314
0.1,10,500,Point_CHR,t,3,1.5,absolute_residual,True,7200,800,200,18.47392896525401,5.2667049238620605,17.55763969861347
0.1,10,500,Point_CHR,t,4,1.5,absolute_residual,True,7200,800,200,17.903038179396784,3.4732473975654194,17.75521556486686
0.1,10,500,Point_CHR,t,5,1.5,absolute_residual,True,7200,800,200,17.726410468721344,3.6623912579036872,17.305343820973018
0.1,10,500,Point_CHR,t,6,1.5,absolute_residual,True,7200,800,200,18.67885167253034,6.256204553706774,17.659723862882934
0.1,10,500,Point_CHR,t,7,1.5,absolute_residual,True,7200,800,200,17.786664345087903,3.1585709032274583,17.430725037667486
0.1,10,500,Point_CHR,t,8,1.5,absolute_residual,True,7200,800,200,18.805541758984923,6.04031424317274,18.067802529925018
0.1,10,500,Point_CHR,t,9,1.5,absolute_residual,True,7200,800,200,18.182204446542933,3.6080370992784196,17.893280876042233
0.1,10,500,Point_CHR,t,10,1.5,absolute_residual,True,7200,800,200,18.402919721496787,6.6467795105852545,17.741105040181957
0.1,10,500,TSCP_R,t,1,1.5,absolute_residual,True,7200,800,200,39.25712398513913,183.56338705472018,18.075296199479336
0.1,10,500,TSCP_R,t,2,1.5,absolute_residual,True,7200,800,200,28.939132712001175,45.704966050848626,18.639556237789446
0.1,10,500,TSCP_R,t,3,1.5,absolute_residual,True,7200,800,200,27.93848528378278,49.717744966956744,18.40611262545143
0.1,10,500,TSCP_R,t,4,1.5,absolute_residual,True,7200,800,200,32.23006984334067,70.79952231032941,18.55649858936637
0.1,10,500,TSCP_R,t,5,1.5,absolute_residual,True,7200,800,200,31.59505443857678,95.28150851256868,17.633393628963947
0.1,10,500,TSCP_R,t,6,1.5,absolute_residual,True,7200,800,200,25.235546619008854,35.33850512814142,17.7641378029858
0.1,10,500,TSCP_R,t,7,1.5,absolute_residual,True,7200,800,200,25.46760355888411,44.77400859711843,17.994964993604945
0.1,10,500,TSCP_R,t,8,1.5,absolute_residual,True,7200,800,200,28.567616427201703,76.15608378613788,18.219220765158113
0.1,10,500,TSCP_R,t,9,1.5,absolute_residual,True,7200,800,200,29.990280309410377,88.49599396247457,17.590611721520162
0.1,10,500,TSCP_R,t,10,1.5,absolute_residual,True,7200,800,200,24.127828191474187,18.874476375368864,17.834172117489445
0.1,10,30,Empirical_copula,t,1,2.0,absolute_residual,True,7200,800,200,9.788368017763839,12.276550869127021,6.354370015366774
0.1,10,30,Empirical_copula,t,2,2.0,absolute_residual,True,7200,800,200,8.990314555331844,13.330589766729792,6.3242433416568105
0.1,10,30,Empirical_copula,t,3,2.0,absolute_residual,True,7200,800,200,8.801920282575722,8.02311865693348,6.805970445008342
0.1,10,30,Empirical_copula,t,4,2.0,absolute_residual,True,7200,800,200,8.527543656700123,9.629145509349014,6.27957094381839
0.1,10,30,Empirical_copula,t,5,2.0,absolute_residual,True,7200,800,200,8.781300333468355,7.44064821892244,6.311926392802696
0.1,10,30,Empirical_copula,t,6,2.0,absolute_residual,True,7200,800,200,9.29564178866193,9.413223038782869,6.69541040637632
0.1,10,30,Empirical_copula,t,7,2.0,absolute_residual,True,7200,800,200,8.645935782625736,7.728164418868796,6.581535528863976
0.1,10,30,Empirical_copula,t,8,2.0,absolute_residual,True,7200,800,200,8.858545981256809,8.073922919393969,6.783588158089124
0.1,10,30,Empirical_copula,t,9,2.0,absolute_residual,True,7200,800,200,8.579883482453383,8.187617370958126,6.098003704637728
0.1,10,30,Empirical_copula,t,10,2.0,absolute_residual,True,7200,800,200,9.30851611757715,8.89372303503879,6.879044051948819
0.1,10,30,Point_CHR,t,1,2.0,absolute_residual,True,7200,800,200,30.30571743822756,34.969004331466984,19.85971213199408
0.1,10,30,Point_CHR,t,2,2.0,absolute_residual,True,7200,800,200,31.10280597042838,47.220390315559214,19.891894723518902
0.1,10,30,Point_CHR,t,3,2.0,absolute_residual,True,7200,800,200,31.895231104166122,36.71141674521419,19.0240020028942
0.1,10,30,Point_CHR,t,4,2.0,absolute_residual,True,7200,800,200,31.57885516377403,43.70300127337205,18.911591004700732
0.1,10,30,Point_CHR,t,5,2.0,absolute_residual,True,7200,800,200,27.765762591857428,26.101133569825635,18.068169532138363
0.1,10,30,Point_CHR,t,6,2.0,absolute_residual,True,7200,800,200,32.614091898901,43.885372094254606,19.312339721444808
0.1,10,30,Point_CHR,t,7,2.0,absolute_residual,True,7200,800,200,31.89232143269399,43.57458274509183,20.045697545840827
0.1,10,30,Point_CHR,t,8,2.0,absolute_residual,True,7200,800,200,30.290696579420313,28.3360985530801,19.696991748436524
0.1,10,30,Point_CHR,t,9,2.0,absolute_residual,True,7200,800,200,30.150239683010163,32.584492509737686,17.818207331361272
0.1,10,30,Point_CHR,t,10,2.0,absolute_residual,True,7200,800,200,39.7840226168389,87.92723808360451,19.813082738770866
0.1,10,30,TSCP_R,t,1,2.0,absolute_residual,True,7200,800,200,16.701336132834047,18.39648952667476,11.975953236096807
0.1,10,30,TSCP_R,t,2,2.0,absolute_residual,True,7200,800,200,16.45899279403214,23.06448435459457,11.444416791721899
0.1,10,30,TSCP_R,t,3,2.0,absolute_residual,True,7200,800,200,15.327197512366784,11.889401195122655,12.077379924333414
0.1,10,30,TSCP_R,t,4,2.0,absolute_residual,True,7200,800,200,16.732342421701496,30.092635638986998,12.52952861139596
0.1,10,30,TSCP_R,t,5,2.0,absolute_residual,True,7200,800,200,15.861611020501975,13.405957941772945,11.505545300314713
0.1,10,30,TSCP_R,t,6,2.0,absolute_residual,True,7200,800,200,16.55011841562751,15.49703468858052,12.598517638087655
0.1,10,30,TSCP_R,t,7,2.0,absolute_residual,True,7200,800,200,15.300828444401418,11.323571966338841,12.139218341134475
0.1,10,30,TSCP_R,t,8,2.0,absolute_residual,True,7200,800,200,15.668942471295374,11.650745362903212,12.07960670524039
0.1,10,30,TSCP_R,t,9,2.0,absolute_residual,True,7200,800,200,14.918983778149276,11.596918962228944,11.652295068741935
0.1,10,30,TSCP_R,t,10,2.0,absolute_residual,True,7200,800,200,17.32826188018906,19.78596642841161,12.025971466235895
0.1,10,500,Empirical_copula,t,1,2.0,absolute_residual,True,7200,800,200,9.423735604649059,2.06705426059837,9.067703380469677
0.1,10,500,Empirical_copula,t,2,2.0,absolute_residual,True,7200,800,200,10.075644302016865,2.2541417776619603,9.66225935129791
0.1,10,500,Empirical_copula,t,3,2.0,absolute_residual,True,7200,800,200,9.579574767542715,2.292610177406555,9.248578349743369
0.1,10,500,Empirical_copula,t,4,2.0,absolute_residual,True,7200,800,200,9.674349436418588,1.8181100841446365,9.443681719339637
0.1,10,500,Empirical_copula,t,5,2.0,absolute_residual,True,7200,800,200,9.534747460070058,2.0408882712706466,9.338946832585645
0.1,10,500,Empirical_copula,t,6,2.0,absolute_residual,True,7200,800,200,9.602437298540814,2.096341301059166,9.186606701383493
0.1,10,500,Empirical_copula,t,7,2.0,absolute_residual,True,7200,800,200,9.636979709679418,2.0494747472339827,9.190806044681082
0.1,10,500,Empirical_copula,t,8,2.0,absolute_residual,True,7200,800,200,9.627222196585436,2.1009107139136836,9.347581785184348
0.1,10,500,Empirical_copula,t,9,2.0,absolute_residual,True,7200,800,200,9.904488796014117,2.28417175555165,9.420516533161244
0.1,10,500,Empirical_copula,t,10,2.0,absolute_residual,True,7200,800,200,9.562086663379255,2.1079642391778144,9.328109617318686
0.1,10,500,Point_CHR,t,1,2.0,absolute_residual,True,7200,800,200,10.030604202344922,1.372473388413082,9.975598622287947
0.1,10,500,Point_CHR,t,2,2.0,absolute_residual,True,7200,800,200,10.200869255849671,1.5601405758760494,9.934615741671358
0.1,10,500,Point_CHR,t,3,2.0,absolute_residual,True,7200,800,200,10.11253709697107,1.390168363702009,9.999440191992068
0.1,10,500,Point_CHR,t,4,2.0,absolute_residual,True,7200,800,200,10.119016506163987,1.6088680482172966,9.925693794573311
0.1,10,500,Point_CHR,t,5,2.0,absolute_residual,True,7200,800,200,9.988598237809013,1.5708939971511733,9.901108636444453
0.1,10,500,Point_CHR,t,6,2.0,absolute_residual,True,7200,800,200,9.944518935048146,1.304779624320662,9.773183056390309
0.1,10,500,Point_CHR,t,7,2.0,absolute_residual,True,7200,800,200,10.056488452652207,1.5806296512999005,9.834253831144931
0.1,10,500,Point_CHR,t,8,2.0,absolute_residual,True,7200,800,200,10.083200428820586,1.479599653499721,9.942299641049019
0.1,10,500,Point_CHR,t,9,2.0,absolute_residual,True,7200,800,200,10.17222136888489,1.4890919270994731,9.944033820761092
0.1,10,500,Point_CHR,t,10,2.0,absolute_residual,True,7200,800,200,10.168282005831362,1.4951068773360354,9.973148029982827
0.1,10,500,TSCP_R,t,1,2.0,absolute_residual,True,7200,800,200,11.49359398796282,7.812482618095518,9.389465829119843
0.1,10,500,TSCP_R,t,2,2.0,absolute_residual,True,7200,800,200,13.274768359310892,17.693265948793037,10.639814147606996
0.1,10,500,TSCP_R,t,3,2.0,absolute_residual,True,7200,800,200,11.450687184000753,7.629073910040562,9.901040646145667
0.1,10,500,TSCP_R,t,4,2.0,absolute_residual,True,7200,800,200,12.379111185011213,14.218674923820087,9.939376554682635
0.1,10,500,TSCP_R,t,5,2.0,absolute_residual,True,7200,800,200,11.0094987007553,4.852089948132404,9.768915491302817
0.1,10,500,TSCP_R,t,6,2.0,absolute_residual,True,7200,800,200,11.769238996479991,10.00947257482067,9.662171062482361
0.1,10,500,TSCP_R,t,7,2.0,absolute_residual,True,7200,800,200,11.840550769214564,11.640215725574192,9.74426594965517
0.1,10,500,TSCP_R,t,8,2.0,absolute_residual,True,7200,800,200,11.37654131031211,5.069449508486784,10.414583329785465
0.1,10,500,TSCP_R,t,9,2.0,absolute_residual,True,7200,800,200,11.731563918931618,8.68964275361836,9.96057152810408
0.1,10,500,TSCP_R,t,10,2.0,absolute_residual,True,7200,800,200,11.563978547082513,5.508225803432061,10.073149391067227
0.1,10,30,Empirical_copula,t,1,3.0,absolute_residual,True,7200,800,200,5.423034593514428,4.6516087794771455,4.21671573266746
0.1,10,30,Empirical_copula,t,2,3.0,absolute_residual,True,7200,800,200,5.1399978837471725,3.234080823154531,4.470805223615724
0.1,10,30,Empirical_copula,t,3,3.0,absolute_residual,True,7200,800,200,4.880658446702945,2.7824765816739534,4.165731575820086
0.1,10,30,Empirical_copula,t,4,3.0,absolute_residual,True,7200,800,200,5.240834560119783,3.158167907576156,4.280740480905123
0.1,10,30,Empirical_copula,t,5,3.0,absolute_residual,True,7200,800,200,4.97329740197213,2.6078920554501686,4.227135732751945
0.1,10,30,Empirical_copula,t,6,3.0,absolute_residual,True,7200,800,200,4.967636414668174,3.1378752280380184,4.0127600845745555
0.1,10,30,Empirical_copula,t,7,3.0,absolute_residual,True,7200,800,200,5.1270418299849085,2.9013310972851944,4.412095554203195
0.1,10,30,Empirical_copula,t,8,3.0,absolute_residual,True,7200,800,200,5.082125171725258,2.6317593036173275,4.462973888430406
0.1,10,30,Empirical_copula,t,9,3.0,absolute_residual,True,7200,800,200,5.054372033716168,2.2875465149546104,4.515340111038723
0.1,10,30,Empirical_copula,t,10,3.0,absolute_residual,True,7200,800,200,5.556117149348575,3.609812485705621,4.431816304862508
0.1,10,30,Point_CHR,t,1,3.0,absolute_residual,True,7200,800,200,15.040194091240856,37.99238642978838,9.194996709814252
0.1,10,30,Point_CHR,t,2,3.0,absolute_residual,True,7200,800,200,12.696623716304124,13.690018253193328,9.32472844568747
0.1,10,30,Point_CHR,t,3,3.0,absolute_residual,True,7200,800,200,11.969486294078997,8.276773062609236,9.71467089520052
0.1,10,30,Point_CHR,t,4,3.0,absolute_residual,True,7200,800,200,13.2784811021272,17.150974403179514,8.68487634744141
0.1,10,30,Point_CHR,t,5,3.0,absolute_residual,True,7200,800,200,13.046028844246667,11.532200309063834,8.661021436874314
0.1,10,30,Point_CHR,t,6,3.0,absolute_residual,True,7200,800,200,12.341803388532883,8.936935726300593,10.607608092519058
0.1,10,30,Point_CHR,t,7,3.0,absolute_residual,True,7200,800,200,12.57897069995364,10.43268080219157,9.578057624280044
0.1,10,30,Point_CHR,t,8,3.0,absolute_residual,True,7200,800,200,11.434797113793309,7.319455870232447,9.618883517858894
0.1,10,30,Point_CHR,t,9,3.0,absolute_residual,True,7200,800,200,11.315383842906847,7.928106827433242,8.761318011336124
0.1,10,30,Point_CHR,t,10,3.0,absolute_residual,True,7200,800,200,13.095205209038562,11.673240005577641,8.658605036358493
0.1,10,30,TSCP_R,t,1,3.0,absolute_residual,True,7200,800,200,8.6623706457889,13.01395019087713,6.610890214113959
0.1,10,30,TSCP_R,t,2,3.0,absolute_residual,True,7200,800,200,8.011733540433134,5.029615617078153,7.164064253430054
0.1,10,30,TSCP_R,t,3,3.0,absolute_residual,True,7200,800,200,7.548169826379223,3.4186320852400254,6.747262871067739
0.1,10,30,TSCP_R,t,4,3.0,absolute_residual,True,7200,800,200,8.2032386937865,6.044560888958239,6.786709053858994
0.1,10,30,TSCP_R,t,5,3.0,absolute_residual,True,7200,800,200,7.755883475934695,4.005597245714743,6.903891372757941
0.1,10,30,TSCP_R,t,6,3.0,absolute_residual,True,7200,800,200,7.959266864083365,7.66588468015789,6.565296177904347
0.1,10,30,TSCP_R,t,7,3.0,absolute_residual,True,7200,800,200,7.823558329226085,3.807032726762685,6.76085300644757
0.1,10,30,TSCP_R,t,8,3.0,absolute_residual,True,7200,800,200,7.646284738556339,3.289296875598613,6.887573578837751
0.1,10,30,TSCP_R,t,9,3.0,absolute_residual,True,7200,800,200,7.654691866903697,3.6048153524956703,6.939902247045609
0.1,10,30,TSCP_R,t,10,3.0,absolute_residual,True,7200,800,200,8.14516552693899,4.714447320479152,6.7709677740183505
0.1,10,500,Empirical_copula,t,1,3.0,absolute_residual,True,7200,800,200,5.654639371214939,0.8918289581918364,5.561160000094569
0.1,10,500,Empirical_copula,t,2,3.0,absolute_residual,True,7200,800,200,5.74205602144594,1.0228180258680724,5.658528377333198
0.1,10,500,Empirical_copula,t,3,3.0,absolute_residual,True,7200,800,200,5.778443010470112,0.9006365934520284,5.652255197404751
0.1,10,500,Empirical_copula,t,4,3.0,absolute_residual,True,7200,800,200,5.6753296381267635,0.8433018630647772,5.619702160679854
0.1,10,500,Empirical_copula,t,5,3.0,absolute_residual,True,7200,800,200,5.65742266501228,0.9396934259737989,5.492008217337486
0.1,10,500,Empirical_copula,t,6,3.0,absolute_residual,True,7200,800,200,5.629433803474504,0.8826647653576863,5.504597632163691
0.1,10,500,Empirical_copula,t,7,3.0,absolute_residual,True,7200,800,200,5.686489745561499,0.8592954662172589,5.620581739754005
0.1,10,500,Empirical_copula,t,8,3.0,absolute_residual,True,7200,800,200,5.823798115080225,0.9477747811148151,5.720055959997369
0.1,10,500,Empirical_copula,t,9,3.0,absolute_residual,True,7200,800,200,5.745425108908012,0.8952225641075987,5.655778514498019
0.1,10,500,Empirical_copula,t,10,3.0,absolute_residual,True,7200,800,200,5.595940545621883,0.8400824809215347,5.531389166612893
0.1,10,500,Point_CHR,t,1,3.0,absolute_residual,True,7200,800,200,5.923046751090237,0.6780045747314557,5.811301073068851
0.1,10,500,Point_CHR,t,2,3.0,absolute_residual,True,7200,800,200,5.883183635268693,0.6240708160490317,5.834355663907884
0.1,10,500,Point_CHR,t,3,3.0,absolute_residual,True,7200,800,200,5.9045044387781855,0.6203562435523139,5.880040732173149
0.1,10,500,Point_CHR,t,4,3.0,absolute_residual,True,7200,800,200,5.837036660717242,0.6377950066087574,5.781517155117893
0.1,10,500,Point_CHR,t,5,3.0,absolute_residual,True,7200,800,200,5.8233830407928835,0.655200065075047,5.779093254388597
0.1,10,500,Point_CHR,t,6,3.0,absolute_residual,True,7200,800,200,5.88055417496633,0.6222060142406677,5.826993047253527
0.1,10,500,Point_CHR,t,7,3.0,absolute_residual,True,7200,800,200,5.855929356876321,0.6552469008531246,5.887730578071393
0.1,10,500,Point_CHR,t,8,3.0,absolute_residual,True,7200,800,200,5.8590500811965684,0.7249329245493671,5.770513428521445
0.1,10,500,Point_CHR,t,9,3.0,absolute_residual,True,7200,800,200,5.875392381273134,0.7081049795936566,5.814273910162578
0.1,10,500,Point_CHR,t,10,3.0,absolute_residual,True,7200,800,200,5.831902262061501,0.6406153782287689,5.7899342981160045
0.1,10,500,TSCP_R,t,1,3.0,absolute_residual,True,7200,800,200,5.925002283097751,0.869116012343639,5.790284881528588
0.1,10,500,TSCP_R,t,2,3.0,absolute_residual,True,7200,800,200,6.092249373764417,1.190472974829062,5.828699701348112
0.1,10,500,TSCP_R,t,3,3.0,absolute_residual,True,7200,800,200,6.021200547813246,1.1024073844810842,5.793590592063872
0.1,10,500,TSCP_R,t,4,3.0,absolute_residual,True,7200,800,200,5.931486634294514,0.8031237426981862,5.814831533683636
0.1,10,500,TSCP_R,t,5,3.0,absolute_residual,True,7200,800,200,6.146234360226928,1.4712826648390673,5.857368183126875
0.1,10,500,TSCP_R,t,6,3.0,absolute_residual,True,7200,800,200,5.853503409592297,0.8239908900492093,5.68601427827843
0.1,10,500,TSCP_R,t,7,3.0,absolute_residual,True,7200,800,200,6.085490016809709,1.4288223939637281,5.770909476088727
0.1,10,500,TSCP_R,t,8,3.0,absolute_residual,True,7200,800,200,6.024311442106458,1.005302239246926,5.86669233815631
0.1,10,500,TSCP_R,t,9,3.0,absolute_residual,True,7200,800,200,6.089665820588489,1.2461320765038248,5.890197846977937
0.1,10,500,TSCP_R,t,10,3.0,absolute_residual,True,7200,800,200,5.834383483280086,0.9550885684332299,5.6114369631378
