alpha,n_dim,n_cal,method,noise_type,coordinate,score_type,redraw_train_test,n_train,n_test,n_trials,coordinate_length_avg,coordinate_length_1std,coordinate_length_median,contamination_fraction,contamination_multiplier
0.1,10,100,Empirical_copula,Gaussian,1,absolute_residual,True,7200,800,200,24.273720326306588,2.9283311048345237,24.118519646610793,0.0,10.0
0.1,10,100,Empirical_copula,Gaussian,2,absolute_residual,True,7200,800,200,21.742589537686467,2.5105688465860423,21.645749276219732,0.0,10.0
0.1,10,100,Empirical_copula,Gaussian,3,absolute_residual,True,7200,800,200,19.51184948523775,2.1355425140471818,19.336855634678606,0.0,10.0
0.1,10,100,Empirical_copula,Gaussian,4,absolute_residual,True,7200,800,200,16.956764097644136,2.0035623900320205,16.858644826637068,0.0,10.0
0.1,10,100,Empirical_copula,Gaussian,5,absolute_residual,True,7200,800,200,14.359271393591323,1.6445203588811994,14.438461002320397,0.0,10.0
0.1,10,100,Empirical_copula,Gaussian,6,absolute_residual,True,7200,800,200,12.089010535710905,1.3979705652627117,12.086855359479674,0.0,10.0
0.1,10,100,Empirical_copula,Gaussian,7,absolute_residual,True,7200,800,200,9.540334379403655,1.1144068185860798,9.49600701154897,0.0,10.0
0.1,10,100,Empirical_copula,Gaussian,8,absolute_residual,True,7200,800,200,7.30848228100656,0.7744435225248792,7.202683176502255,0.0,10.0
0.1,10,100,Empirical_copula,Gaussian,9,absolute_residual,True,7200,800,200,4.7704155296082,0.5964712309358656,4.725403172404802,0.0,10.0
0.1,10,100,Empirical_copula,Gaussian,10,absolute_residual,True,7200,800,200,2.460193272292458,0.3324235876409186,2.4533604245185767,0.0,10.0
0.1,10,100,Point_CHR,Gaussian,1,absolute_residual,True,7200,800,200,26.79342953100084,3.4256329526219145,26.842517185209992,0.0,10.0
0.1,10,100,Point_CHR,Gaussian,2,absolute_residual,True,7200,800,200,24.101812239710497,3.462360021798364,23.532938339768375,0.0,10.0
0.1,10,100,Point_CHR,Gaussian,3,absolute_residual,True,7200,800,200,21.97885025528813,3.187147093527038,21.570640310660707,0.0,10.0
0.1,10,100,Point_CHR,Gaussian,4,absolute_residual,True,7200,800,200,19.152975448913242,2.664261207891045,19.004224205004206,0.0,10.0
0.1,10,100,Point_CHR,Gaussian,5,absolute_residual,True,7200,800,200,15.977235626380956,2.166856268443242,15.710984268142688,0.0,10.0
0.1,10,100,Point_CHR,Gaussian,6,absolute_residual,True,7200,800,200,13.552995789097563,1.7882263158275256,13.551030544524735,0.0,10.0
0.1,10,100,Point_CHR,Gaussian,7,absolute_residual,True,7200,800,200,10.777579241911093,1.484643145888975,10.661599391155535,0.0,10.0
0.1,10,100,Point_CHR,Gaussian,8,absolute_residual,True,7200,800,200,8.22497123658291,1.0980249824754313,8.143703019525308,0.0,10.0
0.1,10,100,Point_CHR,Gaussian,9,absolute_residual,True,7200,800,200,5.3777700696276325,0.7713518016348899,5.300275027096353,0.0,10.0
0.1,10,100,Point_CHR,Gaussian,10,absolute_residual,True,7200,800,200,2.716524455812179,0.391001385690992,2.6925864020913903,0.0,10.0
0.1,10,100,TSCP_R,Gaussian,1,absolute_residual,True,7200,800,200,26.264998433005594,2.243211226507776,26.301762140454194,0.0,10.0
0.1,10,100,TSCP_R,Gaussian,2,absolute_residual,True,7200,800,200,23.673492881377715,2.036731276847192,23.844732525453917,0.0,10.0
0.1,10,100,TSCP_R,Gaussian,3,absolute_residual,True,7200,800,200,21.27163835984707,1.7857328390268261,21.255156468557207,0.0,10.0
0.1,10,100,TSCP_R,Gaussian,4,absolute_residual,True,7200,800,200,18.451869460978997,1.6036524243937849,18.36521390777917,0.0,10.0
0.1,10,100,TSCP_R,Gaussian,5,absolute_residual,True,7200,800,200,15.634429735982778,1.2501991597903608,15.557263090747691,0.0,10.0
0.1,10,100,TSCP_R,Gaussian,6,absolute_residual,True,7200,800,200,13.204312615268272,1.1290185571091274,13.019432874648345,0.0,10.0
0.1,10,100,TSCP_R,Gaussian,7,absolute_residual,True,7200,800,200,10.493592900553876,0.7923041857380908,10.443896267705728,0.0,10.0
0.1,10,100,TSCP_R,Gaussian,8,absolute_residual,True,7200,800,200,7.974344195288048,0.6028544685940654,7.933962031514303,0.0,10.0
0.1,10,100,TSCP_R,Gaussian,9,absolute_residual,True,7200,800,200,5.230317044255586,0.45521042941790074,5.20342121588592,0.0,10.0
0.1,10,100,TSCP_R,Gaussian,10,absolute_residual,True,7200,800,200,2.658134978823162,0.24761338331672725,2.6518194802227164,0.0,10.0
0.1,10,100,Unscaled,Gaussian,1,absolute_residual,True,7200,800,200,19.71002468902263,1.201355584835556,19.64592708046976,0.0,10.0
0.1,10,100,Unscaled,Gaussian,2,absolute_residual,True,7200,800,200,19.71002468902263,1.201355584835556,19.64592708046976,0.0,10.0
0.1,10,100,Unscaled,Gaussian,3,absolute_residual,True,7200,800,200,19.71002468902263,1.201355584835556,19.64592708046976,0.0,10.0
0.1,10,100,Unscaled,Gaussian,4,absolute_residual,True,7200,800,200,19.71002468902263,1.201355584835556,19.64592708046976,0.0,10.0
0.1,10,100,Unscaled,Gaussian,5,absolute_residual,True,7200,800,200,19.71002468902263,1.201355584835556,19.64592708046976,0.0,10.0
0.1,10,100,Unscaled,Gaussian,6,absolute_residual,True,7200,800,200,19.71002468902263,1.201355584835556,19.64592708046976,0.0,10.0
0.1,10,100,Unscaled,Gaussian,7,absolute_residual,True,7200,800,200,19.71002468902263,1.201355584835556,19.64592708046976,0.0,10.0
0.1,10,100,Unscaled,Gaussian,8,absolute_residual,True,7200,800,200,19.71002468902263,1.201355584835556,19.64592708046976,0.0,10.0
0.1,10,100,Unscaled,Gaussian,9,absolute_residual,True,7200,800,200,19.71002468902263,1.201355584835556,19.64592708046976,0.0,10.0
0.1,10,100,Unscaled,Gaussian,10,absolute_residual,True,7200,800,200,19.71002468902263,1.201355584835556,19.64592708046976,0.0,10.0
0.1,10,100,Empirical_copula,Gaussian,1,absolute_residual,True,7200,800,200,25.795207983819996,3.860800770154719,25.672785513816137,0.01,10.0
0.1,10,100,Empirical_copula,Gaussian,2,absolute_residual,True,7200,800,200,22.906575939684206,3.372955502051263,22.58496200653591,0.01,10.0
0.1,10,100,Empirical_copula,Gaussian,3,absolute_residual,True,7200,800,200,20.994492107352336,3.972857585633306,20.545980936798387,0.01,10.0
0.1,10,100,Empirical_copula,Gaussian,4,absolute_residual,True,7200,800,200,17.95101211683199,2.5638265113865764,17.61890385802407,0.01,10.0
0.1,10,100,Empirical_copula,Gaussian,5,absolute_residual,True,7200,800,200,15.308037100651816,2.469731918995858,14.972448965484226,0.01,10.0
0.1,10,100,Empirical_copula,Gaussian,6,absolute_residual,True,7200,800,200,13.015738342537798,2.864339155121454,12.63156039257224,0.01,10.0
0.1,10,100,Empirical_copula,Gaussian,7,absolute_residual,True,7200,800,200,10.500852015617774,2.9611013120164937,10.110358781809312,0.01,10.0
0.1,10,100,Empirical_copula,Gaussian,8,absolute_residual,True,7200,800,200,7.769976539737914,1.069249776860801,7.6792602002261905,0.01,10.0
0.1,10,100,Empirical_copula,Gaussian,9,absolute_residual,True,7200,800,200,5.095514608338292,1.034140697314187,4.927869719760196,0.01,10.0
0.1,10,100,Empirical_copula,Gaussian,10,absolute_residual,True,7200,800,200,2.5994659038841985,0.5647181427293364,2.5314575271626287,0.01,10.0
0.1,10,100,Point_CHR,Gaussian,1,absolute_residual,True,7200,800,200,27.175412399774977,3.629578454812819,26.883336205720386,0.01,10.0
0.1,10,100,Point_CHR,Gaussian,2,absolute_residual,True,7200,800,200,24.61230848574611,3.7289436764130017,24.031839495421316,0.01,10.0
0.1,10,100,Point_CHR,Gaussian,3,absolute_residual,True,7200,800,200,22.45373148837175,3.201796256302992,22.030685802851956,0.01,10.0
0.1,10,100,Point_CHR,Gaussian,4,absolute_residual,True,7200,800,200,19.388913206984682,2.8271845239179805,19.05120098048768,0.01,10.0
0.1,10,100,Point_CHR,Gaussian,5,absolute_residual,True,7200,800,200,16.227609282952805,2.233771133541532,16.02463514846969,0.01,10.0
0.1,10,100,Point_CHR,Gaussian,6,absolute_residual,True,7200,800,200,13.71709483866495,1.8278832285005964,13.573053507023834,0.01,10.0
0.1,10,100,Point_CHR,Gaussian,7,absolute_residual,True,7200,800,200,10.891868243100738,1.5757685987488188,10.730092999630003,0.01,10.0
0.1,10,100,Point_CHR,Gaussian,8,absolute_residual,True,7200,800,200,8.32765292592074,1.1361244388299347,8.223731964119033,0.01,10.0
0.1,10,100,Point_CHR,Gaussian,9,absolute_residual,True,7200,800,200,5.474542608832246,0.8206748174965148,5.300151271138919,0.01,10.0
0.1,10,100,Point_CHR,Gaussian,10,absolute_residual,True,7200,800,200,2.7658138324592287,0.3983865347124829,2.762498667258548,0.01,10.0
0.1,10,100,TSCP_R,Gaussian,1,absolute_residual,True,7200,800,200,31.52568165079811,10.727976404643423,27.551483708604934,0.01,10.0
0.1,10,100,TSCP_R,Gaussian,2,absolute_residual,True,7200,800,200,28.227899929824627,8.8021138964475,24.96695612915122,0.01,10.0
0.1,10,100,TSCP_R,Gaussian,3,absolute_residual,True,7200,800,200,25.80401102627408,9.89233123804706,22.474936977068552,0.01,10.0
0.1,10,100,TSCP_R,Gaussian,4,absolute_residual,True,7200,800,200,22.550960399018173,7.438837261743179,19.386628129578153,0.01,10.0
0.1,10,100,TSCP_R,Gaussian,5,absolute_residual,True,7200,800,200,18.802237054846277,6.610445165647002,16.484645077673136,0.01,10.0
0.1,10,100,TSCP_R,Gaussian,6,absolute_residual,True,7200,800,200,15.6508634412736,4.95405126952251,14.303988948534597,0.01,10.0
0.1,10,100,TSCP_R,Gaussian,7,absolute_residual,True,7200,800,200,12.648607653110327,4.259499291372162,11.079587944366773,0.01,10.0
0.1,10,100,TSCP_R,Gaussian,8,absolute_residual,True,7200,800,200,9.812044088105301,3.2940823679020452,8.50352050454375,0.01,10.0
0.1,10,100,TSCP_R,Gaussian,9,absolute_residual,True,7200,800,200,6.367222733204955,2.3337754402084765,5.471848177305465,0.01,10.0
0.1,10,100,TSCP_R,Gaussian,10,absolute_residual,True,7200,800,200,3.0861895645893593,1.1232165285168731,2.73992257326789,0.01,10.0
0.1,10,100,Unscaled,Gaussian,1,absolute_residual,True,7200,800,200,20.11474251548485,1.3513341439672348,20.033762366104128,0.01,10.0
0.1,10,100,Unscaled,Gaussian,2,absolute_residual,True,7200,800,200,20.11474251548485,1.3513341439672348,20.033762366104128,0.01,10.0
0.1,10,100,Unscaled,Gaussian,3,absolute_residual,True,7200,800,200,20.11474251548485,1.3513341439672348,20.033762366104128,0.01,10.0
0.1,10,100,Unscaled,Gaussian,4,absolute_residual,True,7200,800,200,20.11474251548485,1.3513341439672348,20.033762366104128,0.01,10.0
0.1,10,100,Unscaled,Gaussian,5,absolute_residual,True,7200,800,200,20.11474251548485,1.3513341439672348,20.033762366104128,0.01,10.0
0.1,10,100,Unscaled,Gaussian,6,absolute_residual,True,7200,800,200,20.11474251548485,1.3513341439672348,20.033762366104128,0.01,10.0
0.1,10,100,Unscaled,Gaussian,7,absolute_residual,True,7200,800,200,20.11474251548485,1.3513341439672348,20.033762366104128,0.01,10.0
0.1,10,100,Unscaled,Gaussian,8,absolute_residual,True,7200,800,200,20.11474251548485,1.3513341439672348,20.033762366104128,0.01,10.0
0.1,10,100,Unscaled,Gaussian,9,absolute_residual,True,7200,800,200,20.11474251548485,1.3513341439672348,20.033762366104128,0.01,10.0
0.1,10,100,Unscaled,Gaussian,10,absolute_residual,True,7200,800,200,20.11474251548485,1.3513341439672348,20.033762366104128,0.01,10.0
0.1,10,100,Empirical_copula,Gaussian,1,absolute_residual,True,7200,800,200,33.15304687904732,16.772200845985218,27.489008810547105,0.05,10.0
0.1,10,100,Empirical_copula,Gaussian,2,absolute_residual,True,7200,800,200,30.291003893367364,16.723145234733146,24.424851053076434,0.05,10.0
0.1,10,100,Empirical_copula,Gaussian,3,absolute_residual,True,7200,800,200,27.028942007266167,12.744793036983651,22.39466567850378,0.05,10.0
0.1,10,100,Empirical_copula,Gaussian,4,absolute_residual,True,7200,800,200,22.505450718793213,12.19372682468055,18.824958510126116,0.05,10.0
0.1,10,100,Empirical_copula,Gaussian,5,absolute_residual,True,7200,800,200,20.463732039668503,10.370255793114017,16.168838408132647,0.05,10.0
0.1,10,100,Empirical_copula,Gaussian,6,absolute_residual,True,7200,800,200,16.699190869448852,8.341220497279624,13.962931978933883,0.05,10.0
0.1,10,100,Empirical_copula,Gaussian,7,absolute_residual,True,7200,800,200,12.909342423729187,6.047937944358921,10.989940180058342,0.05,10.0
0.1,10,100,Empirical_copula,Gaussian,8,absolute_residual,True,7200,800,200,9.995404940766448,5.451350614277502,8.281126511155495,0.05,10.0
0.1,10,100,Empirical_copula,Gaussian,9,absolute_residual,True,7200,800,200,6.715849198954402,3.3652396889625984,5.635799902431341,0.05,10.0
0.1,10,100,Empirical_copula,Gaussian,10,absolute_residual,True,7200,800,200,3.1971868159126107,1.3078683479293032,2.7839825689037987,0.05,10.0
0.1,10,100,Point_CHR,Gaussian,1,absolute_residual,True,7200,800,200,39.909183257894036,38.980604962967234,29.711549347818952,0.05,10.0
0.1,10,100,Point_CHR,Gaussian,2,absolute_residual,True,7200,800,200,34.651322810278415,28.133008309115212,26.823055328897837,0.05,10.0
0.1,10,100,Point_CHR,Gaussian,3,absolute_residual,True,7200,800,200,31.83454373120024,26.139370525180357,24.83977056587577,0.05,10.0
0.1,10,100,Point_CHR,Gaussian,4,absolute_residual,True,7200,800,200,27.366341754046164,21.810255208044367,21.483784689262922,0.05,10.0
0.1,10,100,Point_CHR,Gaussian,5,absolute_residual,True,7200,800,200,23.324361802390335,18.81030151411917,18.067187663264242,0.05,10.0
0.1,10,100,Point_CHR,Gaussian,6,absolute_residual,True,7200,800,200,21.28070906298316,22.414574416726463,15.341096491796742,0.05,10.0
0.1,10,100,Point_CHR,Gaussian,7,absolute_residual,True,7200,800,200,16.049504816861113,15.571348681682284,12.218588162040302,0.05,10.0
0.1,10,100,Point_CHR,Gaussian,8,absolute_residual,True,7200,800,200,11.866265705927566,9.708453279711389,9.153215088159893,0.05,10.0
0.1,10,100,Point_CHR,Gaussian,9,absolute_residual,True,7200,800,200,8.037957729162837,6.804375248022405,6.09590782824046,0.05,10.0
0.1,10,100,Point_CHR,Gaussian,10,absolute_residual,True,7200,800,200,3.9386933628740137,3.2530701509582816,3.0459537794550164,0.05,10.0
0.1,10,100,TSCP_R,Gaussian,1,absolute_residual,True,7200,800,200,37.40042508567516,20.651241344554006,33.388975178198024,0.05,10.0
0.1,10,100,TSCP_R,Gaussian,2,absolute_residual,True,7200,800,200,33.0926620611997,17.632603691049233,29.40732135990534,0.05,10.0
0.1,10,100,TSCP_R,Gaussian,3,absolute_residual,True,7200,800,200,30.059344938613712,13.315811686547134,27.876003696234964,0.05,10.0
0.1,10,100,TSCP_R,Gaussian,4,absolute_residual,True,7200,800,200,26.29512656168452,15.952429126060878,23.22257771323374,0.05,10.0
0.1,10,100,TSCP_R,Gaussian,5,absolute_residual,True,7200,800,200,22.072210782869526,10.438931294709278,19.901777373138174,0.05,10.0
0.1,10,100,TSCP_R,Gaussian,6,absolute_residual,True,7200,800,200,19.488531257959878,11.584583141748432,17.675303488982664,0.05,10.0
0.1,10,100,TSCP_R,Gaussian,7,absolute_residual,True,7200,800,200,14.568419637222041,7.746976248902794,13.23548819719699,0.05,10.0
0.1,10,100,TSCP_R,Gaussian,8,absolute_residual,True,7200,800,200,11.402721489041094,6.089523711550165,10.466799532158635,0.05,10.0
0.1,10,100,TSCP_R,Gaussian,9,absolute_residual,True,7200,800,200,7.46473274556577,4.153366920149366,6.713563338542708,0.05,10.0
0.1,10,100,TSCP_R,Gaussian,10,absolute_residual,True,7200,800,200,3.7563247481394613,1.883098998187685,3.3764788485615833,0.05,10.0
0.1,10,100,Unscaled,Gaussian,1,absolute_residual,True,7200,800,200,23.219840006600304,7.287983271476712,22.160844233821322,0.05,10.0
0.1,10,100,Unscaled,Gaussian,2,absolute_residual,True,7200,800,200,23.219840006600304,7.287983271476712,22.160844233821322,0.05,10.0
0.1,10,100,Unscaled,Gaussian,3,absolute_residual,True,7200,800,200,23.219840006600304,7.287983271476712,22.160844233821322,0.05,10.0
0.1,10,100,Unscaled,Gaussian,4,absolute_residual,True,7200,800,200,23.219840006600304,7.287983271476712,22.160844233821322,0.05,10.0
0.1,10,100,Unscaled,Gaussian,5,absolute_residual,True,7200,800,200,23.219840006600304,7.287983271476712,22.160844233821322,0.05,10.0
0.1,10,100,Unscaled,Gaussian,6,absolute_residual,True,7200,800,200,23.219840006600304,7.287983271476712,22.160844233821322,0.05,10.0
0.1,10,100,Unscaled,Gaussian,7,absolute_residual,True,7200,800,200,23.219840006600304,7.287983271476712,22.160844233821322,0.05,10.0
0.1,10,100,Unscaled,Gaussian,8,absolute_residual,True,7200,800,200,23.219840006600304,7.287983271476712,22.160844233821322,0.05,10.0
0.1,10,100,Unscaled,Gaussian,9,absolute_residual,True,7200,800,200,23.219840006600304,7.287983271476712,22.160844233821322,0.05,10.0
0.1,10,100,Unscaled,Gaussian,10,absolute_residual,True,7200,800,200,23.219840006600304,7.287983271476712,22.160844233821322,0.05,10.0
0.1,10,100,Empirical_copula,Gaussian,1,absolute_residual,True,7200,800,200,81.44985171859845,55.632624858844615,62.89846151836491,0.1,10.0
0.1,10,100,Empirical_copula,Gaussian,2,absolute_residual,True,7200,800,200,69.94365937184976,47.76706880692497,52.73193167151418,0.1,10.0
0.1,10,100,Empirical_copula,Gaussian,3,absolute_residual,True,7200,800,200,66.0183301332525,42.55716564521727,56.535274229517434,0.1,10.0
0.1,10,100,Empirical_copula,Gaussian,4,absolute_residual,True,7200,800,200,57.96176213986425,40.1767565452635,43.3155111459053,0.1,10.0
0.1,10,100,Empirical_copula,Gaussian,5,absolute_residual,True,7200,800,200,47.22040041084504,29.771806499877346,40.644584679347616,0.1,10.0
0.1,10,100,Empirical_copula,Gaussian,6,absolute_residual,True,7200,800,200,41.63954209434781,27.870262379243616,32.897489583826896,0.1,10.0
0.1,10,100,Empirical_copula,Gaussian,7,absolute_residual,True,7200,800,200,31.58997399290451,20.56366996301457,26.599931538306098,0.1,10.0
0.1,10,100,Empirical_copula,Gaussian,8,absolute_residual,True,7200,800,200,23.96698571423026,15.728394603270456,18.91620936975753,0.1,10.0
0.1,10,100,Empirical_copula,Gaussian,9,absolute_residual,True,7200,800,200,16.078788354575728,10.114942771971837,13.310512132480108,0.1,10.0
0.1,10,100,Empirical_copula,Gaussian,10,absolute_residual,True,7200,800,200,7.909950900693754,5.029624878830985,7.121587350241185,0.1,10.0
0.1,10,100,Point_CHR,Gaussian,1,absolute_residual,True,7200,800,200,114.95054620832968,88.93150081909415,101.40317369559065,0.1,10.0
0.1,10,100,Point_CHR,Gaussian,2,absolute_residual,True,7200,800,200,103.16577958567565,85.6048846428826,87.3577545992566,0.1,10.0
0.1,10,100,Point_CHR,Gaussian,3,absolute_residual,True,7200,800,200,91.79630183714194,64.36303505240377,85.97744378820778,0.1,10.0
0.1,10,100,Point_CHR,Gaussian,4,absolute_residual,True,7200,800,200,80.55779519993821,58.64771124501029,70.17000845170207,0.1,10.0
0.1,10,100,Point_CHR,Gaussian,5,absolute_residual,True,7200,800,200,71.42826784657706,56.275064937111544,65.31665150525666,0.1,10.0
0.1,10,100,Point_CHR,Gaussian,6,absolute_residual,True,7200,800,200,58.766304000489484,44.548401709435936,55.20611878721401,0.1,10.0
0.1,10,100,Point_CHR,Gaussian,7,absolute_residual,True,7200,800,200,47.89935868048009,40.35500098031709,44.14076316460282,0.1,10.0
0.1,10,100,Point_CHR,Gaussian,8,absolute_residual,True,7200,800,200,36.95006729844946,29.666067569287588,32.63488800538139,0.1,10.0
0.1,10,100,Point_CHR,Gaussian,9,absolute_residual,True,7200,800,200,24.147384797877585,19.02916512712454,21.30641639957934,0.1,10.0
0.1,10,100,Point_CHR,Gaussian,10,absolute_residual,True,7200,800,200,10.970119939115998,7.621850363151944,10.850264302497319,0.1,10.0
0.1,10,100,TSCP_R,Gaussian,1,absolute_residual,True,7200,800,200,102.24713888178783,65.82357087969831,98.53478053027811,0.1,10.0
0.1,10,100,TSCP_R,Gaussian,2,absolute_residual,True,7200,800,200,90.1679931717867,57.351146899613674,89.33508107792491,0.1,10.0
0.1,10,100,TSCP_R,Gaussian,3,absolute_residual,True,7200,800,200,82.21330620495428,51.40537851744743,81.89918857243117,0.1,10.0
0.1,10,100,TSCP_R,Gaussian,4,absolute_residual,True,7200,800,200,72.88968428861402,46.32993769639504,75.83137385414199,0.1,10.0
0.1,10,100,TSCP_R,Gaussian,5,absolute_residual,True,7200,800,200,59.45788481443457,36.80605859906116,63.6547649602321,0.1,10.0
0.1,10,100,TSCP_R,Gaussian,6,absolute_residual,True,7200,800,200,53.13619761007137,33.10856805681096,55.61222647783195,0.1,10.0
0.1,10,100,TSCP_R,Gaussian,7,absolute_residual,True,7200,800,200,39.91749717269681,24.747705129593857,39.22527498608754,0.1,10.0
0.1,10,100,TSCP_R,Gaussian,8,absolute_residual,True,7200,800,200,30.606567525529396,19.284941588712996,29.950153101564837,0.1,10.0
0.1,10,100,TSCP_R,Gaussian,9,absolute_residual,True,7200,800,200,20.63488935062229,12.63014349069773,21.39288208680398,0.1,10.0
0.1,10,100,TSCP_R,Gaussian,10,absolute_residual,True,7200,800,200,10.05441102305668,6.322843581807667,10.294207487517777,0.1,10.0
0.1,10,100,Unscaled,Gaussian,1,absolute_residual,True,7200,800,200,61.079898158486955,35.01309179488543,64.332092561259,0.1,10.0
0.1,10,100,Unscaled,Gaussian,2,absolute_residual,True,7200,800,200,61.079898158486955,35.01309179488543,64.332092561259,0.1,10.0
0.1,10,100,Unscaled,Gaussian,3,absolute_residual,True,7200,800,200,61.079898158486955,35.01309179488543,64.332092561259,0.1,10.0
0.1,10,100,Unscaled,Gaussian,4,absolute_residual,True,7200,800,200,61.079898158486955,35.01309179488543,64.332092561259,0.1,10.0
0.1,10,100,Unscaled,Gaussian,5,absolute_residual,True,7200,800,200,61.079898158486955,35.01309179488543,64.332092561259,0.1,10.0
0.1,10,100,Unscaled,Gaussian,6,absolute_residual,True,7200,800,200,61.079898158486955,35.01309179488543,64.332092561259,0.1,10.0
0.1,10,100,Unscaled,Gaussian,7,absolute_residual,True,7200,800,200,61.079898158486955,35.01309179488543,64.332092561259,0.1,10.0
0.1,10,100,Unscaled,Gaussian,8,absolute_residual,True,7200,800,200,61.079898158486955,35.01309179488543,64.332092561259,0.1,10.0
0.1,10,100,Unscaled,Gaussian,9,absolute_residual,True,7200,800,200,61.079898158486955,35.01309179488543,64.332092561259,0.1,10.0
0.1,10,100,Unscaled,Gaussian,10,absolute_residual,True,7200,800,200,61.079898158486955,35.01309179488543,64.332092561259,0.1,10.0
