alpha,n_dim,n_cal,method,noise_type,coordinate,correlation,correlation_structure,score_type,redraw_train_test,n_train,n_test,n_trials,coordinate_length_avg,coordinate_length_1std,coordinate_length_median
0.05,10,100,Empirical_copula,Gaussian,1,0.6,equicorrelated,absolute_residual,True,7200,800,200,26.67731248354223,4.101365523941689,26.26694459814091
0.05,10,100,Empirical_copula,Gaussian,2,0.6,equicorrelated,absolute_residual,True,7200,800,200,24.270816527422877,3.5860423785760625,24.10622972872791
0.05,10,100,Empirical_copula,Gaussian,3,0.6,equicorrelated,absolute_residual,True,7200,800,200,21.431519775959405,2.986348702885788,21.193642761370384
0.05,10,100,Empirical_copula,Gaussian,4,0.6,equicorrelated,absolute_residual,True,7200,800,200,18.806103399387126,2.75557239122339,18.41295608289687
0.05,10,100,Empirical_copula,Gaussian,5,0.6,equicorrelated,absolute_residual,True,7200,800,200,16.126351389735422,2.340762405531103,15.87880328481248
0.05,10,100,Empirical_copula,Gaussian,6,0.6,equicorrelated,absolute_residual,True,7200,800,200,13.43595424215076,1.8957485381459838,13.415716673513916
0.05,10,100,Empirical_copula,Gaussian,7,0.6,equicorrelated,absolute_residual,True,7200,800,200,10.711371500098101,1.643981506869194,10.508961570727585
0.05,10,100,Empirical_copula,Gaussian,8,0.6,equicorrelated,absolute_residual,True,7200,800,200,8.09328705112828,1.138600273789744,7.992575696458582
0.05,10,100,Empirical_copula,Gaussian,9,0.6,equicorrelated,absolute_residual,True,7200,800,200,5.295731662944937,0.7085917616095956,5.2117584765582805
0.05,10,100,Empirical_copula,Gaussian,10,0.6,equicorrelated,absolute_residual,True,7200,800,200,2.653978160081343,0.35918746585997935,2.6102434507673866
0.05,10,100,Point_CHR,Gaussian,1,0.6,equicorrelated,absolute_residual,True,7200,800,200,29.916206568340403,5.010862582373854,29.2926085768139
0.05,10,100,Point_CHR,Gaussian,2,0.6,equicorrelated,absolute_residual,True,7200,800,200,27.29608394295563,4.579039879720615,26.680766254865322
0.05,10,100,Point_CHR,Gaussian,3,0.6,equicorrelated,absolute_residual,True,7200,800,200,24.189060521368344,3.712482699399931,23.504394292567312
0.05,10,100,Point_CHR,Gaussian,4,0.6,equicorrelated,absolute_residual,True,7200,800,200,21.486111945955518,3.5149390917681864,21.022692853612966
0.05,10,100,Point_CHR,Gaussian,5,0.6,equicorrelated,absolute_residual,True,7200,800,200,18.24337497007794,2.776035374694173,18.491741329319396
0.05,10,100,Point_CHR,Gaussian,6,0.6,equicorrelated,absolute_residual,True,7200,800,200,14.812685743440959,2.406462307119882,14.45511238359836
0.05,10,100,Point_CHR,Gaussian,7,0.6,equicorrelated,absolute_residual,True,7200,800,200,12.095577785228832,1.9546423431851607,11.82666093921044
0.05,10,100,Point_CHR,Gaussian,8,0.6,equicorrelated,absolute_residual,True,7200,800,200,9.214744172693527,1.6603924847285008,8.886926119413289
0.05,10,100,Point_CHR,Gaussian,9,0.6,equicorrelated,absolute_residual,True,7200,800,200,6.040211812126451,1.0101725636546366,5.8825923590901406
0.05,10,100,Point_CHR,Gaussian,10,0.6,equicorrelated,absolute_residual,True,7200,800,200,3.0432172385172316,0.5029060566623648,3.037340638755256
0.05,10,100,TSCP_R,Gaussian,1,0.6,equicorrelated,absolute_residual,True,7200,800,200,27.7421275379672,2.4030191772255423,27.679077936712964
0.05,10,100,TSCP_R,Gaussian,2,0.6,equicorrelated,absolute_residual,True,7200,800,200,25.11463118994527,2.2684681307655876,25.00020058774232
0.05,10,100,TSCP_R,Gaussian,3,0.6,equicorrelated,absolute_residual,True,7200,800,200,22.435639075319315,1.9640020151761644,22.298846315269174
0.05,10,100,TSCP_R,Gaussian,4,0.6,equicorrelated,absolute_residual,True,7200,800,200,19.51714829135581,1.7314787856956442,19.435236613841276
0.05,10,100,TSCP_R,Gaussian,5,0.6,equicorrelated,absolute_residual,True,7200,800,200,16.75310892264461,1.5313114561872678,16.653689124271438
0.05,10,100,TSCP_R,Gaussian,6,0.6,equicorrelated,absolute_residual,True,7200,800,200,13.918927168489656,1.2485546098056628,14.027756119131116
0.05,10,100,TSCP_R,Gaussian,7,0.6,equicorrelated,absolute_residual,True,7200,800,200,11.145479014319735,1.041309371543882,11.06834996357598
0.05,10,100,TSCP_R,Gaussian,8,0.6,equicorrelated,absolute_residual,True,7200,800,200,8.352892433080742,0.7004738555542722,8.30428019253461
0.05,10,100,TSCP_R,Gaussian,9,0.6,equicorrelated,absolute_residual,True,7200,800,200,5.60112936159574,0.4896970491123752,5.590611764935543
0.05,10,100,TSCP_R,Gaussian,10,0.6,equicorrelated,absolute_residual,True,7200,800,200,2.7810504043030573,0.22977668220569625,2.7628397808012117
0.05,10,100,Unscaled,Gaussian,1,0.6,equicorrelated,absolute_residual,True,7200,800,200,21.812718225023353,1.6410540881160582,21.80536329909907
0.05,10,100,Unscaled,Gaussian,2,0.6,equicorrelated,absolute_residual,True,7200,800,200,21.812718225023353,1.6410540881160582,21.80536329909907
0.05,10,100,Unscaled,Gaussian,3,0.6,equicorrelated,absolute_residual,True,7200,800,200,21.812718225023353,1.6410540881160582,21.80536329909907
0.05,10,100,Unscaled,Gaussian,4,0.6,equicorrelated,absolute_residual,True,7200,800,200,21.812718225023353,1.6410540881160582,21.80536329909907
0.05,10,100,Unscaled,Gaussian,5,0.6,equicorrelated,absolute_residual,True,7200,800,200,21.812718225023353,1.6410540881160582,21.80536329909907
0.05,10,100,Unscaled,Gaussian,6,0.6,equicorrelated,absolute_residual,True,7200,800,200,21.812718225023353,1.6410540881160582,21.80536329909907
0.05,10,100,Unscaled,Gaussian,7,0.6,equicorrelated,absolute_residual,True,7200,800,200,21.812718225023353,1.6410540881160582,21.80536329909907
0.05,10,100,Unscaled,Gaussian,8,0.6,equicorrelated,absolute_residual,True,7200,800,200,21.812718225023353,1.6410540881160582,21.80536329909907
0.05,10,100,Unscaled,Gaussian,9,0.6,equicorrelated,absolute_residual,True,7200,800,200,21.812718225023353,1.6410540881160582,21.80536329909907
0.05,10,100,Unscaled,Gaussian,10,0.6,equicorrelated,absolute_residual,True,7200,800,200,21.812718225023353,1.6410540881160582,21.80536329909907
0.1,10,100,Empirical_copula,Gaussian,1,0.6,equicorrelated,absolute_residual,True,7200,800,200,23.5416243219096,2.6674656123316716,23.32503328124217
0.1,10,100,Empirical_copula,Gaussian,2,0.6,equicorrelated,absolute_residual,True,7200,800,200,21.483965442401683,2.3084082744599264,21.561536558229115
0.1,10,100,Empirical_copula,Gaussian,3,0.6,equicorrelated,absolute_residual,True,7200,800,200,19.085517272622255,2.021434895200913,19.0469135710255
0.1,10,100,Empirical_copula,Gaussian,4,0.6,equicorrelated,absolute_residual,True,7200,800,200,16.7103000126687,1.8873295020052443,16.330788681603963
0.1,10,100,Empirical_copula,Gaussian,5,0.6,equicorrelated,absolute_residual,True,7200,800,200,14.376453099573924,1.778653370620225,14.138352600541776
0.1,10,100,Empirical_copula,Gaussian,6,0.6,equicorrelated,absolute_residual,True,7200,800,200,11.926767417604735,1.419706800940252,11.742369114790854
0.1,10,100,Empirical_copula,Gaussian,7,0.6,equicorrelated,absolute_residual,True,7200,800,200,9.469707320876234,1.1176717917085806,9.375491870787249
0.1,10,100,Empirical_copula,Gaussian,8,0.6,equicorrelated,absolute_residual,True,7200,800,200,7.19006395377697,0.8715714105087771,7.065029405167301
0.1,10,100,Empirical_copula,Gaussian,9,0.6,equicorrelated,absolute_residual,True,7200,800,200,4.774601179765071,0.5174473227919344,4.682966349398758
0.1,10,100,Empirical_copula,Gaussian,10,0.6,equicorrelated,absolute_residual,True,7200,800,200,2.4013434313130713,0.28153539480202794,2.3750297986622284
0.1,10,100,Point_CHR,Gaussian,1,0.6,equicorrelated,absolute_residual,True,7200,800,200,25.379897442705698,3.321261429842722,25.05924093968494
0.1,10,100,Point_CHR,Gaussian,2,0.6,equicorrelated,absolute_residual,True,7200,800,200,23.044209358036902,3.1087498689580655,22.895780374288925
0.1,10,100,Point_CHR,Gaussian,3,0.6,equicorrelated,absolute_residual,True,7200,800,200,20.56602413633204,2.760281217462694,20.415949900741936
0.1,10,100,Point_CHR,Gaussian,4,0.6,equicorrelated,absolute_residual,True,7200,800,200,17.878184053820675,2.246750833461896,17.752405894997715
0.1,10,100,Point_CHR,Gaussian,5,0.6,equicorrelated,absolute_residual,True,7200,800,200,15.307664815581353,1.8398816361301764,15.178724346559807
0.1,10,100,Point_CHR,Gaussian,6,0.6,equicorrelated,absolute_residual,True,7200,800,200,12.649930466610794,1.7706969308916507,12.467017423545887
0.1,10,100,Point_CHR,Gaussian,7,0.6,equicorrelated,absolute_residual,True,7200,800,200,10.213586302437491,1.312524262925544,10.055767032664598
0.1,10,100,Point_CHR,Gaussian,8,0.6,equicorrelated,absolute_residual,True,7200,800,200,7.605401465885834,0.923444577025903,7.488560233103973
0.1,10,100,Point_CHR,Gaussian,9,0.6,equicorrelated,absolute_residual,True,7200,800,200,5.093183932362201,0.6795846614323191,5.041242469304092
0.1,10,100,Point_CHR,Gaussian,10,0.6,equicorrelated,absolute_residual,True,7200,800,200,2.5399729997379943,0.3048673290876863,2.51564223862032
0.1,10,100,TSCP_R,Gaussian,1,0.6,equicorrelated,absolute_residual,True,7200,800,200,24.67661720986954,1.9955922495639995,24.511074070565037
0.1,10,100,TSCP_R,Gaussian,2,0.6,equicorrelated,absolute_residual,True,7200,800,200,22.32468242054501,1.809027891303303,22.205326928698973
0.1,10,100,TSCP_R,Gaussian,3,0.6,equicorrelated,absolute_residual,True,7200,800,200,19.947980741736743,1.4721223361197433,19.850751090586176
0.1,10,100,TSCP_R,Gaussian,4,0.6,equicorrelated,absolute_residual,True,7200,800,200,17.359446869817894,1.450229417832314,17.2366076502043
0.1,10,100,TSCP_R,Gaussian,5,0.6,equicorrelated,absolute_residual,True,7200,800,200,14.907447183975494,1.2013946999040934,14.8646981163686
0.1,10,100,TSCP_R,Gaussian,6,0.6,equicorrelated,absolute_residual,True,7200,800,200,12.378825408882049,1.0262615825837624,12.425943572204858
0.1,10,100,TSCP_R,Gaussian,7,0.6,equicorrelated,absolute_residual,True,7200,800,200,9.897780108622301,0.8124147147211879,9.898134828095053
0.1,10,100,TSCP_R,Gaussian,8,0.6,equicorrelated,absolute_residual,True,7200,800,200,7.429103332592558,0.5362870476943243,7.424129882111124
0.1,10,100,TSCP_R,Gaussian,9,0.6,equicorrelated,absolute_residual,True,7200,800,200,4.977111543578751,0.37698838662008777,4.985383525961119
0.1,10,100,TSCP_R,Gaussian,10,0.6,equicorrelated,absolute_residual,True,7200,800,200,2.4759906573973653,0.18999641343203075,2.4704762097312822
0.1,10,100,Unscaled,Gaussian,1,0.6,equicorrelated,absolute_residual,True,7200,800,200,18.995892742056895,1.2880417086570355,18.969182692227548
0.1,10,100,Unscaled,Gaussian,2,0.6,equicorrelated,absolute_residual,True,7200,800,200,18.995892742056895,1.2880417086570355,18.969182692227548
0.1,10,100,Unscaled,Gaussian,3,0.6,equicorrelated,absolute_residual,True,7200,800,200,18.995892742056895,1.2880417086570355,18.969182692227548
0.1,10,100,Unscaled,Gaussian,4,0.6,equicorrelated,absolute_residual,True,7200,800,200,18.995892742056895,1.2880417086570355,18.969182692227548
0.1,10,100,Unscaled,Gaussian,5,0.6,equicorrelated,absolute_residual,True,7200,800,200,18.995892742056895,1.2880417086570355,18.969182692227548
0.1,10,100,Unscaled,Gaussian,6,0.6,equicorrelated,absolute_residual,True,7200,800,200,18.995892742056895,1.2880417086570355,18.969182692227548
0.1,10,100,Unscaled,Gaussian,7,0.6,equicorrelated,absolute_residual,True,7200,800,200,18.995892742056895,1.2880417086570355,18.969182692227548
0.1,10,100,Unscaled,Gaussian,8,0.6,equicorrelated,absolute_residual,True,7200,800,200,18.995892742056895,1.2880417086570355,18.969182692227548
0.1,10,100,Unscaled,Gaussian,9,0.6,equicorrelated,absolute_residual,True,7200,800,200,18.995892742056895,1.2880417086570355,18.969182692227548
0.1,10,100,Unscaled,Gaussian,10,0.6,equicorrelated,absolute_residual,True,7200,800,200,18.995892742056895,1.2880417086570355,18.969182692227548
0.2,10,100,Empirical_copula,Gaussian,1,0.6,equicorrelated,absolute_residual,True,7200,800,200,20.5648083843916,2.0409550775492793,20.429801082220976
0.2,10,100,Empirical_copula,Gaussian,2,0.6,equicorrelated,absolute_residual,True,7200,800,200,18.794029065249052,1.877746338418222,18.96315749522875
0.2,10,100,Empirical_copula,Gaussian,3,0.6,equicorrelated,absolute_residual,True,7200,800,200,16.80626731577409,1.7076454298642463,16.65363853547427
0.2,10,100,Empirical_copula,Gaussian,4,0.6,equicorrelated,absolute_residual,True,7200,800,200,14.579516560012953,1.404048579140655,14.465664676287437
0.2,10,100,Empirical_copula,Gaussian,5,0.6,equicorrelated,absolute_residual,True,7200,800,200,12.538500718289248,1.2551886059760193,12.34195825528936
0.2,10,100,Empirical_copula,Gaussian,6,0.6,equicorrelated,absolute_residual,True,7200,800,200,10.315004180810798,1.0634909740614047,10.303912641336657
0.2,10,100,Empirical_copula,Gaussian,7,0.6,equicorrelated,absolute_residual,True,7200,800,200,8.281350415899173,0.8528072795751671,8.131077825735947
0.2,10,100,Empirical_copula,Gaussian,8,0.6,equicorrelated,absolute_residual,True,7200,800,200,6.256490091469423,0.6309255166007188,6.1971159374081175
0.2,10,100,Empirical_copula,Gaussian,9,0.6,equicorrelated,absolute_residual,True,7200,800,200,4.170970446927203,0.3699813041418491,4.191648460964588
0.2,10,100,Empirical_copula,Gaussian,10,0.6,equicorrelated,absolute_residual,True,7200,800,200,2.0679100642116293,0.19929218288309125,2.061201090333632
0.2,10,100,Point_CHR,Gaussian,1,0.6,equicorrelated,absolute_residual,True,7200,800,200,21.86441161181726,3.0186267112544005,21.615489709023272
0.2,10,100,Point_CHR,Gaussian,2,0.6,equicorrelated,absolute_residual,True,7200,800,200,19.565869116912527,2.2779422051902403,19.353281113069848
0.2,10,100,Point_CHR,Gaussian,3,0.6,equicorrelated,absolute_residual,True,7200,800,200,17.533173122679653,2.1066729211986934,17.329214855360068
0.2,10,100,Point_CHR,Gaussian,4,0.6,equicorrelated,absolute_residual,True,7200,800,200,15.319668049539825,1.9695918497376963,15.244975244807543
0.2,10,100,Point_CHR,Gaussian,5,0.6,equicorrelated,absolute_residual,True,7200,800,200,13.157754149541484,1.557756640447474,13.189986867655835
0.2,10,100,Point_CHR,Gaussian,6,0.6,equicorrelated,absolute_residual,True,7200,800,200,10.856497491896278,1.5100242223510034,10.762032877788497
0.2,10,100,Point_CHR,Gaussian,7,0.6,equicorrelated,absolute_residual,True,7200,800,200,8.777507690530554,1.1977682173477244,8.729750213008748
0.2,10,100,Point_CHR,Gaussian,8,0.6,equicorrelated,absolute_residual,True,7200,800,200,6.593967790095319,0.8468500814484279,6.584317317729827
0.2,10,100,Point_CHR,Gaussian,9,0.6,equicorrelated,absolute_residual,True,7200,800,200,4.384492567771487,0.578033985015658,4.336493979675853
0.2,10,100,Point_CHR,Gaussian,10,0.6,equicorrelated,absolute_residual,True,7200,800,200,2.180713921859945,0.2568575727402614,2.168555851125279
0.2,10,100,TSCP_R,Gaussian,1,0.6,equicorrelated,absolute_residual,True,7200,800,200,21.264110353490313,1.6893878677144107,21.16335885490568
0.2,10,100,TSCP_R,Gaussian,2,0.6,equicorrelated,absolute_residual,True,7200,800,200,19.22889019026542,1.437771204732021,19.338419745467455
0.2,10,100,TSCP_R,Gaussian,3,0.6,equicorrelated,absolute_residual,True,7200,800,200,17.186037379117494,1.2626028769831132,17.030309937497698
0.2,10,100,TSCP_R,Gaussian,4,0.6,equicorrelated,absolute_residual,True,7200,800,200,14.939424688843651,1.1177549904810404,14.900740745261377
0.2,10,100,TSCP_R,Gaussian,5,0.6,equicorrelated,absolute_residual,True,7200,800,200,12.843504692095776,0.9865001691606718,12.7927285604593
0.2,10,100,TSCP_R,Gaussian,6,0.6,equicorrelated,absolute_residual,True,7200,800,200,10.66588481878057,0.880782082019226,10.647088094292009
0.2,10,100,TSCP_R,Gaussian,7,0.6,equicorrelated,absolute_residual,True,7200,800,200,8.52999624927567,0.6503623292760916,8.49951693722322
0.2,10,100,TSCP_R,Gaussian,8,0.6,equicorrelated,absolute_residual,True,7200,800,200,6.404172383791023,0.4541915014602157,6.435882118454405
0.2,10,100,TSCP_R,Gaussian,9,0.6,equicorrelated,absolute_residual,True,7200,800,200,4.28904597427285,0.3252970094975515,4.30179632475833
0.2,10,100,TSCP_R,Gaussian,10,0.6,equicorrelated,absolute_residual,True,7200,800,200,2.1349426343459346,0.16071621241326278,2.1423955985300793
0.2,10,100,Unscaled,Gaussian,1,0.6,equicorrelated,absolute_residual,True,7200,800,200,15.8587798348585,0.9800341895456263,15.867176661417655
0.2,10,100,Unscaled,Gaussian,2,0.6,equicorrelated,absolute_residual,True,7200,800,200,15.8587798348585,0.9800341895456263,15.867176661417655
0.2,10,100,Unscaled,Gaussian,3,0.6,equicorrelated,absolute_residual,True,7200,800,200,15.8587798348585,0.9800341895456263,15.867176661417655
0.2,10,100,Unscaled,Gaussian,4,0.6,equicorrelated,absolute_residual,True,7200,800,200,15.8587798348585,0.9800341895456263,15.867176661417655
0.2,10,100,Unscaled,Gaussian,5,0.6,equicorrelated,absolute_residual,True,7200,800,200,15.8587798348585,0.9800341895456263,15.867176661417655
0.2,10,100,Unscaled,Gaussian,6,0.6,equicorrelated,absolute_residual,True,7200,800,200,15.8587798348585,0.9800341895456263,15.867176661417655
0.2,10,100,Unscaled,Gaussian,7,0.6,equicorrelated,absolute_residual,True,7200,800,200,15.8587798348585,0.9800341895456263,15.867176661417655
0.2,10,100,Unscaled,Gaussian,8,0.6,equicorrelated,absolute_residual,True,7200,800,200,15.8587798348585,0.9800341895456263,15.867176661417655
0.2,10,100,Unscaled,Gaussian,9,0.6,equicorrelated,absolute_residual,True,7200,800,200,15.8587798348585,0.9800341895456263,15.867176661417655
0.2,10,100,Unscaled,Gaussian,10,0.6,equicorrelated,absolute_residual,True,7200,800,200,15.8587798348585,0.9800341895456263,15.867176661417655
